seqid,source,type,start,end,score,strand,phase,length,ID,Dbxref,Is_circular,Name,gbkey,genome,mol_type,strain,substrain,gene,gene_biotype,gene_synonym,locus_tag,Parent,product,protein_id,transl_table,mobile_element_type,Note,pseudo,orig_protein_id,exception,transl_except
NC_000913.3,RefSeq,gene,190,255,,+,,66,gene-b0001,"ECOCYC:EG11277,GeneID:944742",,thrL,Gene,,,,,thrL,protein_coding,ECK0001,b0001,,,,,,,,,,
NC_000913.3,RefSeq,gene,337,2799,,+,,2463,gene-b0002,"ECOCYC:EG10998,GeneID:945803",,thrA,Gene,,,,,thrA,protein_coding,"ECK0002,Hs,thrA1,thrA2,thrD",b0002,,,,,,,,,,
NC_000913.3,RefSeq,gene,2801,3733,,+,,933,gene-b0003,"ECOCYC:EG10999,GeneID:947498",,thrB,Gene,,,,,thrB,protein_coding,ECK0003,b0003,,,,,,,,,,
NC_000913.3,RefSeq,gene,3734,5020,,+,,1287,gene-b0004,"ECOCYC:EG11000,GeneID:945198",,thrC,Gene,,,,,thrC,protein_coding,ECK0004,b0004,,,,,,,,,,
NC_000913.3,RefSeq,gene,5234,5530,,+,,297,gene-b0005,"ECOCYC:G6081,GeneID:944747",,yaaX,Gene,,,,,yaaX,protein_coding,ECK0005,b0005,,,,,,,,,,
NC_000913.3,RefSeq,gene,5683,6459,,-,,777,gene-b0006,"ECOCYC:EG10011,GeneID:944749",,yaaA,Gene,,,,,yaaA,protein_coding,ECK0006,b0006,,,,,,,,,,
NC_000913.3,RefSeq,gene,6529,7959,,-,,1431,gene-b0007,"ECOCYC:EG11555,GeneID:944745",,yaaJ,Gene,,,,,yaaJ,protein_coding,ECK0007,b0007,,,,,,,,,,
NC_000913.3,RefSeq,gene,8238,9191,,+,,954,gene-b0008,"ECOCYC:EG11556,GeneID:944748",,talB,Gene,,,,,talB,protein_coding,"ECK0008,yaaK",b0008,,,,,,,,,,
NC_000913.3,RefSeq,gene,9306,9893,,+,,588,gene-b0009,"ECOCYC:EG11511,GeneID:944760",,mog,Gene,,,,,mog,protein_coding,"bisD,chlG,ECK0009,mogA,yaaG",b0009,,,,,,,,,,
NC_000913.3,RefSeq,gene,9928,10494,,-,,567,gene-b0010,"ECOCYC:EG11512,GeneID:944792",,satP,Gene,,,,,satP,protein_coding,"ECK0010,yaaH",b0010,,,,,,,,,,
NC_000913.3,RefSeq,gene,10643,11356,,-,,714,gene-b0011,"ECOCYC:G6082,GeneID:944771",,yaaW,Gene,,,,,yaaW,protein_coding,ECK0011,b0011,,,,,,,,,,
NC_000913.3,RefSeq,gene,10830,11315,,+,,486,gene-b0012,"ECOCYC:EG11509,GeneID:948295",,mbiA,Gene,,,,,mbiA,protein_coding,"ECK0012,htgA,htpY",b0012,,,,,,,,,,
NC_000913.3,RefSeq,gene,11382,11786,,-,,405,gene-b0013,"ECOCYC:G8202,GeneID:944751",,yaaI,Gene,,,,,yaaI,protein_coding,ECK0013,b0013,,,,,,,,,,
NC_000913.3,RefSeq,gene,12163,14079,,+,,1917,gene-b0014,"ECOCYC:EG10241,GeneID:944750",,dnaK,Gene,,,,,dnaK,protein_coding,"ECK0014,groPAB,groPC,groPF,grpC,grpF,seg",b0014,,,,,,,,,,
NC_000913.3,RefSeq,gene,14168,15298,,+,,1131,gene-b0015,"ECOCYC:EG10240,GeneID:944753",,dnaJ,Gene,,,,,dnaJ,protein_coding,"ECK0015,groP,grpC",b0015,,,,,,,,,,
NC_000913.3,RefSeq,gene,15445,16557,,+,,1113,gene-b0016,"ECOCYC:G6083,GeneID:944754",,insL1,Gene,,,,,insL1,protein_coding,"ECK0016,yi81-1",b0016,,,,,,,,,,
NC_000913.3,RefSeq,gene,16751,16960,,-,,210,gene-b0018,"ECOCYC:EG10373,GeneID:944756",,mokC,Gene,,,,,mokC,protein_coding,"ECK0018,gefL",b0018,,,,,,,,,,
NC_000913.3,RefSeq,gene,16751,16903,,-,,153,gene-b4412,"ECOCYC:G0-9563,GeneID:2847744",,hokC,Gene,,,,,hokC,protein_coding,"ECK0017,gef",b4412,,,,,,,,,,
NC_000913.3,RefSeq,gene,16952,17010,,+,,59,gene-b4413,"ECOCYC:G0-9581,GeneID:2847745",,sokC,Gene,,,,,sokC,ncRNA,"ECK0019,sof",b4413,,,,,,,,,,
NC_000913.3,RefSeq,gene,17489,18655,,+,,1167,gene-b0019,"ECOCYC:EG10652,GeneID:944758",,nhaA,Gene,,,,,nhaA,protein_coding,"ant,antA,ECK0020",b0019,,,,,,,,,,
NC_000913.3,RefSeq,gene,18715,19620,,+,,906,gene-b0020,"ECOCYC:EG11078,GeneID:944757",,nhaR,Gene,,,,,nhaR,protein_coding,"antO,ECK0021,yaaB",b0020,,,,,,,,,,
NC_000913.3,RefSeq,gene,19811,20314,,-,,504,gene-b0021,"ECOCYC:G6085,GeneID:944743",,insB1,Gene,,,,,insB1,protein_coding,ECK0022,b0021,,,,,,,,,,
NC_000913.3,RefSeq,gene,20233,20508,,-,,276,gene-b0022,"ECOCYC:G6086,GeneID:948449",,insA1,Gene,,,,,insA1,protein_coding,ECK0023,b0022,,,,,,,,,,
NC_000913.3,RefSeq,gene,20815,21078,,-,,264,gene-b0023,"ECOCYC:EG10919,GeneID:944759",,rpsT,Gene,,,,,rpsT,protein_coding,"ECK0024,sup(s20),supS,supS20",b0023,,,,,,,,,,
NC_000913.3,RefSeq,gene,21181,21399,,+,,219,gene-b0024,"ECOCYC:G6087,GeneID:949128",,yaaY,Gene,,,,,yaaY,protein_coding,ECK0025,b0024,,,,,,,,,,
NC_000913.3,RefSeq,gene,21407,22348,,+,,942,gene-b0025,"ECOCYC:EG11079,GeneID:949129",,ribF,Gene,,,,,ribF,protein_coding,"ECK0026,yaaC",b0025,,,,,,,,,,
NC_000913.3,RefSeq,gene,22391,25207,,+,,2817,gene-b0026,"ECOCYC:EG10492,GeneID:944761",,ileS,Gene,,,,,ileS,protein_coding,"ECK0027,ilvS",b0026,,,,,,,,,,
NC_000913.3,RefSeq,gene,25207,25701,,+,,495,gene-b0027,"ECOCYC:EG10548,GeneID:944800",,lspA,Gene,,,,,lspA,protein_coding,"ECK0028,lsp",b0027,,,,,,,,,,
NC_000913.3,RefSeq,gene,25826,26275,,+,,450,gene-b0028,"ECOCYC:EG11080,GeneID:944807",,fkpB,Gene,,,,,fkpB,protein_coding,"ECK0029,slpA,yaaD",b0028,,,,,,,,,,
NC_000913.3,RefSeq,gene,26277,27227,,+,,951,gene-b0029,"ECOCYC:EG11081,GeneID:944777",,ispH,Gene,,,,,ispH,protein_coding,"ECK0030,lytB,yaaE",b0029,,,,,,,,,,
NC_000913.3,RefSeq,gene,27293,28207,,+,,915,gene-b0030,"ECOCYC:EG11082,GeneID:944796",,rihC,Gene,,,,,rihC,protein_coding,"ECK0031,yaaF",b0030,,,,,,,,,,
NC_000913.3,RefSeq,gene,28374,29195,,+,,822,gene-b0031,"ECOCYC:EG10206,GeneID:944762",,dapB,Gene,,,,,dapB,protein_coding,ECK0032,b0031,,,,,,,,,,
NC_000913.3,RefSeq,gene,29651,30799,,+,,1149,gene-b0032,"ECOCYC:EG10134,GeneID:949025",,carA,Gene,,,,,carA,protein_coding,"arg,ECK0033,pyrA",b0032,,,,,,,,,,
NC_000913.3,RefSeq,gene,30817,34038,,+,,3222,gene-b0033,"ECOCYC:EG10135,GeneID:944775",,carB,Gene,,,,,carB,protein_coding,"ECK0034,pyrA",b0033,,,,,,,,,,
NC_000913.3,RefSeq,gene,34300,34695,,+,,396,gene-b0034,"ECOCYC:G6088,GeneID:944795",,caiF,Gene,,,,,caiF,protein_coding,ECK0035,b0034,,,,,,,,,,
NC_000913.3,RefSeq,gene,34781,35371,,-,,591,gene-b0035,"ECOCYC:EG12608,GeneID:948999",,caiE,Gene,,,,,caiE,protein_coding,ECK0036,b0035,,,,,,,,,,
NC_000913.3,RefSeq,gene,35377,36162,,-,,786,gene-b0036,"ECOCYC:EG11557,GeneID:948995",,caiD,Gene,,,,,caiD,protein_coding,"ECK0037,yaaL",b0036,,,,,,,,,,
NC_000913.3,RefSeq,gene,36271,37824,,-,,1554,gene-b0037,"ECOCYC:EG11558,GeneID:944886",,caiC,Gene,,,,,caiC,protein_coding,"ECK0038,yaaM",b0037,,,,,,,,,,
NC_000913.3,RefSeq,gene,37898,39115,,-,,1218,gene-b0038,"ECOCYC:EG11559,GeneID:948997",,caiB,Gene,,,,,caiB,protein_coding,"ECK0039,yaaN",b0038,,,,,,,,,,
NC_000913.3,RefSeq,gene,39244,40386,,-,,1143,gene-b0039,"ECOCYC:EG11560,GeneID:949064",,caiA,Gene,,,,,caiA,protein_coding,"ECK0040,yaaO",b0039,,,,,,,,,,
NC_000913.3,RefSeq,gene,40417,41931,,-,,1515,gene-b0040,"ECOCYC:EG11561,GeneID:944765",,caiT,Gene,,,,,caiT,protein_coding,"ECK0041,yaaP",b0040,,,,,,,,,,
NC_000913.3,RefSeq,gene,42403,43173,,+,,771,gene-b0041,"ECOCYC:EG11562,GeneID:947316",,fixA,Gene,,,,,fixA,protein_coding,"ECK0042,yaaQ",b0041,,,,,,,,,,
NC_000913.3,RefSeq,gene,43188,44129,,+,,942,gene-b0042,"ECOCYC:EG11563,GeneID:948939",,fixB,Gene,,,,,fixB,protein_coding,"ECK0043,yaaR",b0042,,,,,,,,,,
NC_000913.3,RefSeq,gene,44180,45466,,+,,1287,gene-b0043,"ECOCYC:EG11564,GeneID:948958",,fixC,Gene,,,,,fixC,protein_coding,"ECK0044,yaaS",b0043,,,,,,,,,,
NC_000913.3,RefSeq,gene,45463,45750,,+,,288,gene-b0044,"ECOCYC:EG11565,GeneID:948590",,fixX,Gene,,,,,fixX,protein_coding,"ECK0045,yaaT",b0044,,,,,,,,,,
NC_000913.3,RefSeq,gene,45807,47138,,+,,1332,gene-b0045,"ECOCYC:EG11566,GeneID:944766",,yaaU,Gene,,,,,yaaU,protein_coding,"ECK0046,yabE",b0045,,,,,,,,,,
NC_000913.3,RefSeq,gene,47246,47776,,+,,531,gene-b0046,"ECOCYC:EG11568,GeneID:944767",,kefF,Gene,,,,,kefF,protein_coding,"ECK0047,yabF",b0046,,,,,,,,,,
NC_000913.3,RefSeq,gene,47769,49631,,+,,1863,gene-b0047,"ECOCYC:EG10521,GeneID:944773",,kefC,Gene,,,,,kefC,protein_coding,"ECK0048,trkC",b0047,,,,,,,,,,
NC_000913.3,RefSeq,gene,49823,50302,,+,,480,gene-b0048,"ECOCYC:EG10326,GeneID:944790",,folA,Gene,,,,,folA,protein_coding,"ECK0049,tmr,tmrA",b0048,,,,,,,,,,
NC_000913.3,RefSeq,gene,50380,51222,,-,,843,gene-b0049,"ECOCYC:EG10048,GeneID:944770",,apaH,Gene,,,,,apaH,protein_coding,"cfcB,ECK0050",b0049,,,,,,,,,,
NC_000913.3,RefSeq,gene,51229,51606,,-,,378,gene-b0050,"ECOCYC:EG10047,GeneID:944772",,apaG,Gene,,,,,apaG,protein_coding,ECK0051,b0050,,,,,,,,,,
NC_000913.3,RefSeq,gene,51609,52430,,-,,822,gene-b0051,"ECOCYC:EG10523,GeneID:944939",,rsmA,Gene,,,,,rsmA,protein_coding,"ECK0052,ksgA",b0051,,,,,,,,,,
NC_000913.3,RefSeq,gene,52427,53416,,-,,990,gene-b0052,"ECOCYC:EG10691,GeneID:944919",,pdxA,Gene,,,,,pdxA,protein_coding,ECK0053,b0052,,,,,,,,,,
NC_000913.3,RefSeq,gene,53416,54702,,-,,1287,gene-b0053,"ECOCYC:EG10985,GeneID:944812",,surA,Gene,,,,,surA,protein_coding,ECK0054,b0053,,,,,,,,,,
NC_000913.3,RefSeq,gene,54755,57109,,-,,2355,gene-b0054,"ECOCYC:EG11569,GeneID:945011",,lptD,Gene,,,,,lptD,protein_coding,"ECK0055,imp,ostA,yabG",b0054,,,,,,,,,,
NC_000913.3,RefSeq,gene,57364,58179,,+,,816,gene-b0055,"ECOCYC:EG11570,GeneID:948992",,djlA,Gene,,,,,djlA,protein_coding,"ECK0056,yabH",b0055,,,,,,,,,,
NC_000913.3,RefSeq,gene,58474,59124,,+,,651,gene-b0056,"ECOCYC:EG12610,GeneID:945039",,yabP,Gene,,,,,yabP,protein_coding,"b4659,ECK0057",b0056,,,,,,,,,,
NC_000913.3,RefSeq,gene,59121,59279,,+,,159,gene-b0057,"ECOCYC:EG12611,GeneID:38094933",,yabQ,Gene,,,,,yabQ,protein_coding,"b4659,ECK0058",b0057,,,,,,,,,,
NC_000913.3,RefSeq,gene,59687,60346,,-,,660,gene-b0058,"ECOCYC:EG12609,GeneID:946262",,rluA,Gene,,,,,rluA,protein_coding,"ECK0059,yabO",b0058,,,,,,,,,,
NC_000913.3,RefSeq,gene,60358,63264,,-,,2907,gene-b0059,"ECOCYC:EG11083,GeneID:948523",,rapA,Gene,,,,,rapA,protein_coding,"ECK0060,hepA,yabA",b0059,,,,,,,,,,
NC_000913.3,RefSeq,gene,63429,65780,,-,,2352,gene-b0060,"ECOCYC:EG10747,GeneID:944779",,polB,Gene,,,,,polB,protein_coding,"dinA,ECK0061",b0060,,,,,,,,,,
NC_000913.3,RefSeq,gene,65855,66550,,-,,696,gene-b0061,"ECOCYC:EG10055,GeneID:945294",,araD,Gene,,,,,araD,protein_coding,ECK0062,b0061,,,,,,,,,,
NC_000913.3,RefSeq,gene,66835,68337,,-,,1503,gene-b0062,"ECOCYC:EG10052,GeneID:947511",,araA,Gene,,,,,araA,protein_coding,ECK0063,b0062,,,,,,,,,,
NC_000913.3,RefSeq,gene,68348,70048,,-,,1701,gene-b0063,"ECOCYC:EG10053,GeneID:946017",,araB,Gene,,,,,araB,protein_coding,ECK0064,b0063,,,,,,,,,,
NC_000913.3,RefSeq,gene,70387,71265,,+,,879,gene-b0064,"ECOCYC:EG10054,GeneID:944780",,araC,Gene,,,,,araC,protein_coding,ECK0065,b0064,,,,,,,,,,
NC_000913.3,RefSeq,gene,71351,72115,,+,,765,gene-b0065,"ECOCYC:EG11571,GeneID:944783",,yabI,Gene,,,,,yabI,protein_coding,ECK0066,b0065,,,,,,,,,,
NC_000913.3,RefSeq,gene,72229,72927,,-,,699,gene-b0066,"ECOCYC:EG11572,GeneID:944785",,thiQ,Gene,,,,,thiQ,protein_coding,"ECK0067,sfuC,yabJ",b0066,,,,,,,,,,
NC_000913.3,RefSeq,gene,72911,74521,,-,,1611,gene-b0067,"ECOCYC:EG11573,GeneID:944784",,thiP,Gene,,,,,thiP,protein_coding,"ECK0068,sfuB,yabK",b0067,,,,,,,,,,
NC_000913.3,RefSeq,gene,74497,75480,,-,,984,gene-b0068,"ECOCYC:EG11574,GeneID:946306",,thiB,Gene,,,,,thiB,protein_coding,"ECK0069,sfuA,tbpA,yabL",b0068,,,,,,,,,,
NC_000913.3,RefSeq,gene,75516,75608,,-,,93,gene-b4762,"ECOCYC:G0-9381,GeneID:63925622",,sroA,Gene,,,,,sroA,ncRNA,"ECK4619,tpe79",b4762,,,,,,,,,,
NC_000913.3,RefSeq,gene,75644,77299,,-,,1656,gene-b0069,"ECOCYC:EG12094,GeneID:944788",,sgrR,Gene,,,,,sgrR,protein_coding,"ECK0070,yabN",b0069,,,,,,,,,,
NC_000913.3,RefSeq,gene,77367,77593,,+,,227,gene-b4577,"ECOCYC:G0-9941,GeneID:4056038",,sgrS,Gene,,,,,sgrS,ncRNA,"ECK0071,ryaA",b4577,,,,,,,,,,
NC_000913.3,RefSeq,gene,77388,77519,,+,,132,gene-b4662,"ECOCYC:G0-10617,GeneID:7751624",,sgrT,Gene,,,,,sgrT,protein_coding,ECK4477,b4662,,,,,,,,,,
NC_000913.3,RefSeq,gene,77621,78799,,+,,1179,gene-b0070,"ECOCYC:EG11754,GeneID:944793",,setA,Gene,,,,,setA,protein_coding,"ECK0072,yabM",b0070,,,,,,,,,,
NC_000913.3,RefSeq,gene,78848,79453,,-,,606,gene-b0071,"ECOCYC:EG11575,GeneID:945642",,leuD,Gene,,,,,leuD,protein_coding,ECK0073,b0071,,,,,,,,,,
NC_000913.3,RefSeq,gene,79464,80864,,-,,1401,gene-b0072,"ECOCYC:EG11576,GeneID:945076",,leuC,Gene,,,,,leuC,protein_coding,ECK0074,b0072,,,,,,,,,,
NC_000913.3,RefSeq,gene,80867,81958,,-,,1092,gene-b0073,"ECOCYC:EG11577,GeneID:944798",,leuB,Gene,,,,,leuB,protein_coding,ECK0075,b0073,,,,,,,,,,
NC_000913.3,RefSeq,gene,81958,83529,,-,,1572,gene-b0074,"ECOCYC:EG11226,GeneID:947465",,leuA,Gene,,,,,leuA,protein_coding,ECK0076,b0074,,,,,,,,,,
NC_000913.3,RefSeq,gene,83622,83708,,-,,87,gene-b0075,"ECOCYC:EG11280,GeneID:946072",,leuL,Gene,,,,,leuL,protein_coding,"ECK0077,leuIP,leulL,leulLP,leuLP",b0075,,,,,,,,,,
NC_000913.3,RefSeq,gene,84368,85312,,+,,945,gene-b0076,"ECOCYC:EG10531,GeneID:949034",,leuO,Gene,,,,,leuO,protein_coding,ECK0078,b0076,,,,,,,,,,
NC_000913.3,RefSeq,gene,85467,85511,,-,,45,gene-b4726,"ECOCYC:G0-16721,GeneID:38094934",,yabR,Gene,,,,,yabR,protein_coding,ECK4583,b4726,,,,,,,,,,
NC_000913.3,RefSeq,gene,85630,87354,,+,,1725,gene-b0077,"ECOCYC:EG10500,GeneID:948793",,ilvI,Gene,,,,,ilvI,protein_coding,ECK0079,b0077,,,,,,,,,,
NC_000913.3,RefSeq,gene,87357,87848,,+,,492,gene-b0078,"ECOCYC:EG10499,GeneID:947267",,ilvH,Gene,,,,,ilvH,protein_coding,"brnP,ECK0080",b0078,,,,,,,,,,
NC_000913.3,RefSeq,gene,88028,89032,,+,,1005,gene-b0080,"ECOCYC:EG10338,GeneID:944804",,cra,Gene,,,,,cra,protein_coding,"ECK0081,fruC,fruR,shl",b0080,,,,,,,,,,
NC_000913.3,RefSeq,gene,89634,90092,,+,,459,gene-b0081,"ECOCYC:EG11084,GeneID:944810",,mraZ,Gene,,,,,mraZ,protein_coding,"ECK0082,yabB",b0081,,,,,,,,,,
NC_000913.3,RefSeq,gene,90094,91035,,+,,942,gene-b0082,"ECOCYC:EG11085,GeneID:944806",,rsmH,Gene,,,,,rsmH,protein_coding,"ECK0083,mraW,yabC",b0082,,,,,,,,,,
NC_000913.3,RefSeq,gene,91032,91397,,+,,366,gene-b0083,"ECOCYC:EG11086,GeneID:944803",,ftsL,Gene,,,,,ftsL,protein_coding,"ECK0084,mraR,yabD",b0083,,,,,,,,,,
NC_000913.3,RefSeq,gene,91413,93179,,+,,1767,gene-b0084,"ECOCYC:EG10341,GeneID:944799",,ftsI,Gene,,,,,ftsI,protein_coding,"ECK0085,pbpB,sep",b0084,,,,,,,,,,
NC_000913.3,RefSeq,gene,92485,92658,,+,,174,gene-b4810,"ECOCYC:G0-17085,GeneID:71004551",,ftsO,Gene,,,,,ftsO,ncRNA,ECK4667,b4810,,,,,,,,,,
NC_000913.3,RefSeq,gene,93166,94653,,+,,1488,gene-b0085,"ECOCYC:EG10621,GeneID:944791",,murE,Gene,,,,,murE,protein_coding,ECK0086,b0085,,,,,,,,,,
NC_000913.3,RefSeq,gene,94650,96008,,+,,1359,gene-b0086,"ECOCYC:EG10622,GeneID:944813",,murF,Gene,,,,,murF,protein_coding,"ECK0087,mra",b0086,,,,,,,,,,
NC_000913.3,RefSeq,gene,96002,97084,,+,,1083,gene-b0087,"ECOCYC:EG10604,GeneID:944814",,mraY,Gene,,,,,mraY,protein_coding,"ECK0088,murX",b0087,,,,,,,,,,
NC_000913.3,RefSeq,gene,97087,98403,,+,,1317,gene-b0088,"ECOCYC:EG10620,GeneID:944818",,murD,Gene,,,,,murD,protein_coding,ECK0089,b0088,,,,,,,,,,
NC_000913.3,RefSeq,gene,98403,99647,,+,,1245,gene-b0089,"ECOCYC:EG10344,GeneID:946322",,ftsW,Gene,,,,,ftsW,protein_coding,ECK0090,b0089,,,,,,,,,,
NC_000913.3,RefSeq,gene,99644,100711,,+,,1068,gene-b0090,"ECOCYC:EG10623,GeneID:946321",,murG,Gene,,,,,murG,protein_coding,ECK0091,b0090,,,,,,,,,,
NC_000913.3,RefSeq,gene,100765,102240,,+,,1476,gene-b0091,"ECOCYC:EG10619,GeneID:946153",,murC,Gene,,,,,murC,protein_coding,ECK0092,b0091,,,,,,,,,,
NC_000913.3,RefSeq,gene,102233,103153,,+,,921,gene-b0092,"ECOCYC:EG10214,GeneID:946324",,ddlB,Gene,,,,,ddlB,protein_coding,"ddl,ECK0093",b0092,,,,,,,,,,
NC_000913.3,RefSeq,gene,103155,103985,,+,,831,gene-b0093,"ECOCYC:EG10342,GeneID:944823",,ftsQ,Gene,,,,,ftsQ,protein_coding,ECK0094,b0093,,,,,,,,,,
NC_000913.3,RefSeq,gene,103982,105244,,+,,1263,gene-b0094,"ECOCYC:EG10339,GeneID:944778",,ftsA,Gene,,,,,ftsA,protein_coding,"divA,ECK0095",b0094,,,,,,,,,,
NC_000913.3,RefSeq,gene,104948,105499,,-,,552,gene-b4840,"ECOCYC:G0-17120,GeneID:302211663",,stfZ,Gene,,,,,stfZ,ncRNA,ECK4697,b4840,,,,,,,,,,
NC_000913.3,RefSeq,gene,105305,106456,,+,,1152,gene-b0095,"ECOCYC:EG10347,GeneID:944786",,ftsZ,Gene,,,,,ftsZ,protein_coding,"ECK0096,sfiB,sulB",b0095,,,,,,,,,,
NC_000913.3,RefSeq,gene,106557,107474,,+,,918,gene-b0096,"ECOCYC:EG10265,GeneID:944816",,lpxC,Gene,,,,,lpxC,protein_coding,"asmB,ECK0097,envA",b0096,,,,,,,,,,
NC_000913.3,RefSeq,gene,107705,108217,,+,,513,gene-b0097,"ECOCYC:EG11087,GeneID:944831",,secM,Gene,,,,,secM,protein_coding,"ECK0098,srrA,yacA",b0097,,,,,,,,,,
NC_000913.3,RefSeq,gene,108279,110984,,+,,2706,gene-b0098,"ECOCYC:EG10936,GeneID:944821",,secA,Gene,,,,,secA,protein_coding,"azi,ECK0099,pea,prlD",b0098,,,,,,,,,,
NC_000913.3,RefSeq,gene,111044,111433,,+,,390,gene-b0099,"ECOCYC:EG10626,GeneID:944824",,mutT,Gene,,,,,mutT,protein_coding,"ECK0100,nudA",b0099,,,,,,,,,,
NC_000913.3,RefSeq,gene,111649,111846,,-,,198,gene-b0101,"ECOCYC:EG12314,GeneID:945630",,yacG,Gene,,,,,yacG,protein_coding,ECK0101,b0101,,,,,,,,,,
NC_000913.3,RefSeq,gene,111856,112599,,-,,744,gene-b0102,"ECOCYC:EG12313,GeneID:944873",,zapD,Gene,,,,,zapD,protein_coding,"ECK0102,yacF",b0102,,,,,,,,,,
NC_000913.3,RefSeq,gene,112599,113219,,-,,621,gene-b0103,"ECOCYC:EG12312,GeneID:949060",,coaE,Gene,,,,,coaE,protein_coding,"ECK0103,yacE",b0103,,,,,,,,,,
NC_000913.3,RefSeq,gene,113244,113288,,+,,45,gene-b4727,"ECOCYC:G0-16722,GeneID:38094935",,yacM,Gene,,,,,yacM,protein_coding,ECK4584,b4727,,,,,,,,,,
NC_000913.3,RefSeq,gene,113444,114487,,+,,1044,gene-b0104,"ECOCYC:EG10422,GeneID:948986",,guaC,Gene,,,,,guaC,protein_coding,ECK0104,b0104,,,,,,,,,,
NC_000913.3,RefSeq,gene,114522,115724,,-,,1203,gene-b0106,"ECOCYC:EG11798,GeneID:945806",,hofC,Gene,,,,,hofC,protein_coding,"ECK0105,hopC,yacD",b0106,,,,,,,,,,
NC_000913.3,RefSeq,gene,115714,117099,,-,,1386,gene-b0107,"ECOCYC:EG12106,GeneID:947481",,hofB,Gene,,,,,hofB,protein_coding,"ECK0106,hopB",b0107,,,,,,,,,,
NC_000913.3,RefSeq,gene,117109,117549,,-,,441,gene-b0108,"ECOCYC:EG12107,GeneID:945817",,ppdD,Gene,,,,,ppdD,protein_coding,ECK0107,b0108,,,,,,,,,,
NC_000913.3,RefSeq,gene,117752,118645,,-,,894,gene-b0109,"ECOCYC:EG11546,GeneID:948869",,nadC,Gene,,,,,nadC,protein_coding,ECK0108,b0109,,,,,,,,,,
NC_000913.3,RefSeq,gene,118733,119284,,+,,552,gene-b0110,"ECOCYC:EG10041,GeneID:948877",,ampD,Gene,,,,,ampD,protein_coding,ECK0109,b0110,,,,,,,,,,
NC_000913.3,RefSeq,gene,119281,120135,,+,,855,gene-b0111,"ECOCYC:EG10042,GeneID:946678",,ampE,Gene,,,,,ampE,protein_coding,ECK0110,b0111,,,,,,,,,,
NC_000913.3,RefSeq,gene,120178,121551,,-,,1374,gene-b0112,"ECOCYC:EG10084,GeneID:946018",,aroP,Gene,,,,,aroP,protein_coding,"aroR,ECK0111",b0112,,,,,,,,,,
NC_000913.3,RefSeq,gene,122092,122856,,+,,765,gene-b0113,"ECOCYC:EG11088,GeneID:944827",,pdhR,Gene,,,,,pdhR,protein_coding,"aceC,ECK0112,genA,yacB",b0113,,,,,,,,,,
NC_000913.3,RefSeq,gene,123017,125680,,+,,2664,gene-b0114,"ECOCYC:EG10024,GeneID:944834",,aceE,Gene,,,,,aceE,protein_coding,ECK0113,b0114,,,,,,,,,,
NC_000913.3,RefSeq,gene,125695,127587,,+,,1893,gene-b0115,"ECOCYC:EG10025,GeneID:944794",,aceF,Gene,,,,,aceF,protein_coding,ECK0114,b0115,,,,,,,,,,
NC_000913.3,RefSeq,gene,127912,129336,,+,,1425,gene-b0116,"ECOCYC:EG10543,GeneID:944854",,lpd,Gene,,,,,lpd,protein_coding,"dhl,ECK0115,lpdA",b0116,,,,,,,,,,
NC_000913.3,RefSeq,gene,129407,131260,,-,,1854,gene-b0117,"ECOCYC:EG12315,GeneID:944868",,yacH,Gene,,,,,yacH,protein_coding,ECK0116,b0117,,,,,,,,,,
NC_000913.3,RefSeq,gene,131615,134212,,+,,2598,gene-b0118,"ECOCYC:EG12316,GeneID:944864",,acnB,Gene,,,,,acnB,protein_coding,"ECK0117,yacI,yacJ",b0118,,,,,,,,,,
NC_000913.3,RefSeq,gene,134388,134750,,+,,363,gene-b0119,"ECOCYC:EG12605,GeneID:944809",,yacL,Gene,,,,,yacL,protein_coding,ECK0118,b0119,,,,,,,,,,
NC_000913.3,RefSeq,gene,134788,135582,,-,,795,gene-b0120,"ECOCYC:EG10962,GeneID:947719",,speD,Gene,,,,,speD,protein_coding,ECK0119,b0120,,,,,,,,,,
NC_000913.3,RefSeq,gene,135598,136464,,-,,867,gene-b0121,"ECOCYC:EG10963,GeneID:947726",,speE,Gene,,,,,speE,protein_coding,ECK0120,b0121,,,,,,,,,,
NC_000913.3,RefSeq,gene,136570,136917,,-,,348,gene-b0122,"ECOCYC:EG11089,GeneID:948472",,yacC,Gene,,,,,yacC,protein_coding,ECK0121,b0122,,,,,,,,,,
NC_000913.3,RefSeq,gene,137083,138633,,+,,1551,gene-b0123,"ECOCYC:EG12318,GeneID:947736",,cueO,Gene,,,,,cueO,protein_coding,"ECK0122,yacK",b0123,,,,,,,,,,
NC_000913.3,RefSeq,gene,138835,141225,,-,,2391,gene-b0124,"ECOCYC:EG10369,GeneID:944830",,gcd,Gene,,,,,gcd,protein_coding,ECK0123,b0124,,,,,,,,,,
NC_000913.3,RefSeq,gene,141431,141967,,+,,537,gene-b0125,"ECOCYC:EG20098,GeneID:946624",,hpt,Gene,,,,,hpt,protein_coding,ECK0124,b0125,,,,,,,,,,
NC_000913.3,RefSeq,gene,142008,142670,,-,,663,gene-b0126,"ECOCYC:EG12319,GeneID:944832",,can,Gene,,,,,can,protein_coding,"ECK0125,yadF",b0126,,,,,,,,,,
NC_000913.3,RefSeq,gene,142779,143705,,+,,927,gene-b0127,"ECOCYC:EG12320,GeneID:944833",,yadG,Gene,,,,,yadG,protein_coding,ECK0126,b0127,,,,,,,,,,
NC_000913.3,RefSeq,gene,143702,144472,,+,,771,gene-b0128,"ECOCYC:EG12321,GeneID:944836",,yadH,Gene,,,,,yadH,protein_coding,ECK0127,b0128,,,,,,,,,,
NC_000913.3,RefSeq,gene,144577,145017,,+,,441,gene-b0129,"ECOCYC:EG12322,GeneID:947397",,yadI,Gene,,,,,yadI,protein_coding,"agaX,ECK0128",b0129,,,,,,,,,,
NC_000913.3,RefSeq,gene,145081,146310,,+,,1230,gene-b0130,"ECOCYC:EG11749,GeneID:946536",,yadE,Gene,,,,,yadE,protein_coding,ECK0129,b0130,,,,,,,,,,
NC_000913.3,RefSeq,gene,146314,146694,,-,,381,gene-b0131,"ECOCYC:EG11747,GeneID:945686",,panD,Gene,,,,,panD,protein_coding,ECK0130,b0131,,,,,,,,,,
NC_000913.3,RefSeq,gene,146968,147870,,+,,903,gene-b0132,"ECOCYC:EG11748,GeneID:944781",,rpnC,Gene,,,,,rpnC,protein_coding,"ECK0131,yadD",b0132,,,,,,,,,,
NC_000913.3,RefSeq,gene,147944,148795,,-,,852,gene-b0133,"ECOCYC:EG11746,GeneID:944958",,panC,Gene,,,,,panC,protein_coding,ECK0132,b0133,,,,,,,,,,
NC_000913.3,RefSeq,gene,148807,149601,,-,,795,gene-b0134,"ECOCYC:EG11675,GeneID:944839",,panB,Gene,,,,,panB,protein_coding,ECK0133,b0134,,,,,,,,,,
NC_000913.3,RefSeq,gene,149715,150953,,-,,1239,gene-b0135,"ECOCYC:EG11678,GeneID:944837",,yadC,Gene,,,,,yadC,protein_coding,ECK0134,b0135,,,,,,,,,,
NC_000913.3,RefSeq,gene,151003,151599,,-,,597,gene-b0136,"ECOCYC:EG12325,GeneID:944835",,yadK,Gene,,,,,yadK,protein_coding,ECK0135,b0136,,,,,,,,,,
NC_000913.3,RefSeq,gene,151626,152231,,-,,606,gene-b0137,"ECOCYC:EG12326,GeneID:944829",,yadL,Gene,,,,,yadL,protein_coding,ECK0136,b0137,,,,,,,,,,
NC_000913.3,RefSeq,gene,152243,152812,,-,,570,gene-b0138,"ECOCYC:EG12327,GeneID:944828",,yadM,Gene,,,,,yadM,protein_coding,ECK0137,b0138,,,,,,,,,,
NC_000913.3,RefSeq,gene,152829,155426,,-,,2598,gene-b0139,"ECOCYC:EG11972,GeneID:944819",,htrE,Gene,,,,,htrE,protein_coding,ECK0138,b0139,,,,,,,,,,
NC_000913.3,RefSeq,gene,155461,156201,,-,,741,gene-b0140,"ECOCYC:EG11973,GeneID:944859",,yadV,Gene,,,,,yadV,protein_coding,"ECK0139,ecpD",b0140,,,,,,,,,,
NC_000913.3,RefSeq,gene,156299,156883,,-,,585,gene-b0141,"ECOCYC:EG12328,GeneID:944841",,yadN,Gene,,,,,yadN,protein_coding,ECK0140,b0141,,,,,,,,,,
NC_000913.3,RefSeq,gene,157253,157732,,-,,480,gene-b0142,"ECOCYC:EG11374,GeneID:948792",,folK,Gene,,,,,folK,protein_coding,ECK0141,b0142,,,,,,,,,,
NC_000913.3,RefSeq,gene,157729,159126,,-,,1398,gene-b0143,"ECOCYC:EG10690,GeneID:947318",,pcnB,Gene,,,,,pcnB,protein_coding,ECK0142,b0143,,,,,,,,,,
NC_000913.3,RefSeq,gene,159186,160112,,-,,927,gene-b0144,"ECOCYC:EG11362,GeneID:944846",,gluQ,Gene,,,,,gluQ,protein_coding,"ECK0143,yadB",b0144,,,,,,,,,,
NC_000913.3,RefSeq,gene,160149,160604,,-,,456,gene-b0145,"ECOCYC:EG10230,GeneID:944850",,dksA,Gene,,,,,dksA,protein_coding,"ECK0144,msmA",b0145,,,,,,,,,,
NC_000913.3,RefSeq,gene,160782,161486,,-,,705,gene-b0146,"ECOCYC:EG10949,GeneID:944855",,sfsA,Gene,,,,,sfsA,protein_coding,"ECK0145,sfs,sfs1",b0146,,,,,,,,,,
NC_000913.3,RefSeq,gene,161501,162031,,-,,531,gene-b0147,"ECOCYC:EG12330,GeneID:944848",,thpR,Gene,,,,,thpR,protein_coding,"ECK0146,ligT,yadP",b0147,,,,,,,,,,
NC_000913.3,RefSeq,gene,162105,164534,,+,,2430,gene-b0148,"ECOCYC:EG12329,GeneID:944845",,hrpB,Gene,,,,,hrpB,protein_coding,"ECK0147,yadO",b0148,,,,,,,,,,
NC_000913.3,RefSeq,gene,164730,167264,,+,,2535,gene-b0149,"ECOCYC:EG10605,GeneID:944843",,mrcB,Gene,,,,,mrcB,protein_coding,"ECK0148,pbpF,ponB",b0149,,,,,,,,,,
NC_000913.3,RefSeq,gene,167484,169727,,+,,2244,gene-b0150,"ECOCYC:EG10302,GeneID:944856",,fhuA,Gene,,,,,fhuA,protein_coding,"ECK0149,T1,T5rec,tonA",b0150,,,,,,,,,,
NC_000913.3,RefSeq,gene,169778,170575,,+,,798,gene-b0151,"ECOCYC:EG10304,GeneID:945250",,fhuC,Gene,,,,,fhuC,protein_coding,ECK0150,b0151,,,,,,,,,,
NC_000913.3,RefSeq,gene,170575,171465,,+,,891,gene-b0152,"ECOCYC:EG10305,GeneID:947510",,fhuD,Gene,,,,,fhuD,protein_coding,ECK0151,b0152,,,,,,,,,,
NC_000913.3,RefSeq,gene,171462,173444,,+,,1983,gene-b0153,"ECOCYC:EG10303,GeneID:946890",,fhuB,Gene,,,,,fhuB,protein_coding,ECK0152,b0153,,,,,,,,,,
NC_000913.3,RefSeq,gene,173602,174882,,-,,1281,gene-b0154,"ECOCYC:EG10432,GeneID:946892",,hemL,Gene,,,,,hemL,protein_coding,"ECK0153,gsa,popC",b0154,,,,,,,,,,
NC_000913.3,RefSeq,gene,175048,175095,,+,,48,gene-b4765,"ECOCYC:G0-17011,GeneID:63925623",,yadX,Gene,,,,,yadX,protein_coding,ECK4622,b4765,,,,,,,,,,
NC_000913.3,RefSeq,gene,175107,176528,,+,,1422,gene-b0155,"ECOCYC:EG12331,GeneID:946715",,clcA,Gene,,,,,clcA,protein_coding,"ECK0154,eriC,yadQ",b0155,,,,,,,,,,
NC_000913.3,RefSeq,gene,176552,176617,,+,,66,gene-b4728,"ECOCYC:G0-16723,GeneID:38094936",,yadW,Gene,,,,,yadW,protein_coding,ECK4585,b4728,,,,,,,,,,
NC_000913.3,RefSeq,gene,176610,176954,,+,,345,gene-b0156,"ECOCYC:EG12332,GeneID:944857",,erpA,Gene,,,,,erpA,protein_coding,"ECK0155,yadR",b0156,,,,,,,,,,
NC_000913.3,RefSeq,gene,177001,177624,,-,,624,gene-b0157,"ECOCYC:EG12333,GeneID:949062",,yadS,Gene,,,,,yadS,protein_coding,ECK0156,b0157,,,,,,,,,,
NC_000913.3,RefSeq,gene,177662,178462,,-,,801,gene-b0158,"ECOCYC:EG12334,GeneID:947574",,btuF,Gene,,,,,btuF,protein_coding,"ECK0157,yadT",b0158,,,,,,,,,,
NC_000913.3,RefSeq,gene,178455,179153,,-,,699,gene-b0159,"ECOCYC:EG11090,GeneID:948542",,mtn,Gene,,,,,mtn,protein_coding,"ECK0158,mtnN,pfs,yadA",b0159,,,,,,,,,,
NC_000913.3,RefSeq,gene,179237,180754,,+,,1518,gene-b0160,"ECOCYC:EG10225,GeneID:947177",,dgt,Gene,,,,,dgt,protein_coding,"ECK0159,optA",b0160,,,,,,,,,,
NC_000913.3,RefSeq,gene,180884,182308,,+,,1425,gene-b0161,"ECOCYC:EG10463,GeneID:947139",,degP,Gene,,,,,degP,protein_coding,"ECK0160,htrA,ptd",b0161,,,,,,,,,,
NC_000913.3,RefSeq,gene,182463,183620,,+,,1158,gene-b0162,"ECOCYC:EG12335,GeneID:944860",,cdaR,Gene,,,,,cdaR,protein_coding,"ECK0161,sdaR,yaeG",b0162,,,,,,,,,,
NC_000913.3,RefSeq,gene,183709,184095,,-,,387,gene-b0163,"ECOCYC:EG12336,GeneID:947044",,yaeH,Gene,,,,,yaeH,protein_coding,ECK0162,b0163,,,,,,,,,,
NC_000913.3,RefSeq,gene,184257,185069,,-,,813,gene-b0164,"ECOCYC:EG12337,GeneID:945002",,yaeI,Gene,,,,,yaeI,protein_coding,ECK0163,b0164,,,,,,,,,,
NC_000913.3,RefSeq,gene,185123,185947,,-,,825,gene-b0166,"ECOCYC:EG10207,GeneID:944862",,dapD,Gene,,,,,dapD,protein_coding,"ECK0164,ssa",b0166,,,,,,,,,,
NC_000913.3,RefSeq,gene,185978,188650,,-,,2673,gene-b0167,"ECOCYC:EG11411,GeneID:944863",,glnD,Gene,,,,,glnD,protein_coding,"ECK0165,glnD5",b0167,,,,,,,,,,
NC_000913.3,RefSeq,gene,188712,189506,,-,,795,gene-b0168,"ECOCYC:EG10570,GeneID:947882",,map,Gene,,,,,map,protein_coding,ECK0166,b0168,,,,,,,,,,
NC_000913.3,RefSeq,gene,189712,189847,,+,,136,gene-b4414,"ECOCYC:G0-8895,GeneID:2847773",,tff,Gene,,,,,tff,ncRNA,"ECK0167,t44",b4414,,,,,,,,,,
NC_000913.3,RefSeq,gene,189874,190599,,+,,726,gene-b0169,"ECOCYC:EG10901,GeneID:947874",,rpsB,Gene,,,,,rpsB,protein_coding,ECK0168,b0169,,,,,,,,,,
NC_000913.3,RefSeq,gene,190857,191708,,+,,852,gene-b0170,"ECOCYC:EG11033,GeneID:944866",,tsf,Gene,,,,,tsf,protein_coding,ECK0169,b0170,,,,,,,,,,
NC_000913.3,RefSeq,gene,191855,192580,,+,,726,gene-b0171,"ECOCYC:EG11539,GeneID:944989",,pyrH,Gene,,,,,pyrH,protein_coding,"ECK0170,smbA,umk",b0171,,,,,,,,,,
NC_000913.3,RefSeq,gene,192872,193429,,+,,558,gene-b0172,"ECOCYC:EG10335,GeneID:946122",,frr,Gene,,,,,frr,protein_coding,"ECK0171,rrf",b0172,,,,,,,,,,
NC_000913.3,RefSeq,gene,193521,194717,,+,,1197,gene-b0173,"ECOCYC:EG12715,GeneID:945019",,dxr,Gene,,,,,dxr,protein_coding,"ECK0172,ispC,yaeM",b0173,,,,,,,,,,
NC_000913.3,RefSeq,gene,194784,194844,,+,,61,gene-b4809,"ECOCYC:G0-17084,GeneID:71004552",,ispZ,Gene,,,,,ispZ,ncRNA,ECK4666,b4809,,,,,,,,,,
NC_000913.3,RefSeq,gene,194903,195664,,+,,762,gene-b0174,"ECOCYC:G6092,GeneID:944874",,ispU,Gene,,,,,ispU,protein_coding,"ECK0173,rth,uppS,yaeS",b0174,,,,,,,,,,
NC_000913.3,RefSeq,gene,195677,196534,,+,,858,gene-b0175,"ECOCYC:EG10139,GeneID:944876",,cdsA,Gene,,,,,cdsA,protein_coding,"cds,ECK0174",b0175,,,,,,,,,,
NC_000913.3,RefSeq,gene,196546,197898,,+,,1353,gene-b0176,"ECOCYC:EG12436,GeneID:944871",,rseP,Gene,,,,,rseP,protein_coding,"ecfE,ECK0175,yaeL",b0176,,,,,,,,,,
NC_000913.3,RefSeq,gene,197928,200360,,+,,2433,gene-b0177,"ECOCYC:G6093,GeneID:944870",,bamA,Gene,,,,,bamA,protein_coding,"ecfK,ECK0176,yaeT,yzzN,yzzY",b0177,,,,,,,,,,
NC_000913.3,RefSeq,gene,200482,200967,,+,,486,gene-b0178,"ECOCYC:EG10455,GeneID:944861",,skp,Gene,,,,,skp,protein_coding,"ECK0177,firA,hlpA,ompH",b0178,,,,,,,,,,
NC_000913.3,RefSeq,gene,200971,201996,,+,,1026,gene-b0179,"ECOCYC:EG10316,GeneID:944882",,lpxD,Gene,,,,,lpxD,protein_coding,"ECK0178,firA,omsA",b0179,,,,,,,,,,
NC_000913.3,RefSeq,gene,202101,202556,,+,,456,gene-b0180,"ECOCYC:EG11284,GeneID:944888",,fabZ,Gene,,,,,fabZ,protein_coding,"ECK0179,sabA1,sefA,sfhC21,yaeA",b0180,,,,,,,,,,
NC_000913.3,RefSeq,gene,202560,203348,,+,,789,gene-b0181,"ECOCYC:EG10545,GeneID:944849",,lpxA,Gene,,,,,lpxA,protein_coding,ECK0180,b0181,,,,,,,,,,
NC_000913.3,RefSeq,gene,203348,204496,,+,,1149,gene-b0182,"ECOCYC:EG10546,GeneID:944838",,lpxB,Gene,,,,,lpxB,protein_coding,"ECK0181,pgsB",b0182,,,,,,,,,,
NC_000913.3,RefSeq,gene,204493,205089,,+,,597,gene-b0183,"ECOCYC:EG10861,GeneID:944852",,rnhB,Gene,,,,,rnhB,protein_coding,ECK0182,b0183,,,,,,,,,,
NC_000913.3,RefSeq,gene,205126,208608,,+,,3483,gene-b0184,"ECOCYC:EG10238,GeneID:944877",,dnaE,Gene,,,,,dnaE,protein_coding,"ECK0183,polC,sdgC",b0184,,,,,,,,,,
NC_000913.3,RefSeq,gene,208621,209580,,+,,960,gene-b0185,"ECOCYC:EG11647,GeneID:944895",,accA,Gene,,,,,accA,protein_coding,ECK0184,b0185,,,,,,,,,,
NC_000913.3,RefSeq,gene,209679,211820,,+,,2142,gene-b0186,"ECOCYC:G6094,GeneID:944887",,ldcC,Gene,,,,,ldcC,protein_coding,"ECK0185,ldc,ldcH",b0186,,,,,,,,,,
NC_000913.3,RefSeq,gene,211877,212266,,+,,390,gene-b0187,"ECOCYC:G6095,GeneID:944875",,yaeR,Gene,,,,,yaeR,protein_coding,ECK0186,b0187,,,,,,,,,,
NC_000913.3,RefSeq,gene,212331,213629,,+,,1299,gene-b0188,"ECOCYC:G6096,GeneID:944889",,tilS,Gene,,,,,tilS,protein_coding,"ECK0187,mesJ,yaeN",b0188,,,,,,,,,,
NC_000913.3,RefSeq,gene,213678,213932,,-,,255,gene-b0189,"ECOCYC:G6097,GeneID:944891",,rof,Gene,,,,,rof,protein_coding,"ECK0188,yaeO",b0189,,,,,,,,,,
NC_000913.3,RefSeq,gene,213925,214125,,-,,201,gene-b4406,"ECOCYC:G372,GeneID:1450233",,yaeP,Gene,,,,,yaeP,protein_coding,ECK0189,b4406,,,,,,,,,,
NC_000913.3,RefSeq,gene,214291,214836,,+,,546,gene-b0190,"ECOCYC:G6098,GeneID:946809",,yaeQ,Gene,,,,,yaeQ,protein_coding,ECK0190,b0190,,,,,,,,,,
NC_000913.3,RefSeq,gene,214833,215255,,+,,423,gene-b0191,"ECOCYC:EG12354,GeneID:946046",,arfB,Gene,,,,,arfB,protein_coding,"ECK0191,yaeJ",b0191,,,,,,,,,,
NC_000913.3,RefSeq,gene,215269,215979,,+,,711,gene-b0192,"ECOCYC:EG12137,GeneID:946782",,nlpE,Gene,,,,,nlpE,protein_coding,"cutF,ECK0192",b0192,,,,,,,,,,
NC_000913.3,RefSeq,gene,216179,217003,,-,,825,gene-b0193,"ECOCYC:EG12138,GeneID:944892",,yaeF,Gene,,,,,yaeF,protein_coding,"ECK0193,yaeK",b0193,,,,,,,,,,
NC_000913.3,RefSeq,gene,217057,218775,,-,,1719,gene-b0194,"ECOCYC:EG10770,GeneID:949116",,proS,Gene,,,,,proS,protein_coding,"drp,drpA,ECK0194",b0194,,,,,,,,,,
NC_000913.3,RefSeq,gene,218887,219594,,-,,708,gene-b0195,"ECOCYC:EG11503,GeneID:949112",,trmO,Gene,,,,,trmO,protein_coding,"ECK0195,tsaA,yaeB",b0195,,,,,,,,,,
NC_000913.3,RefSeq,gene,219591,219995,,-,,405,gene-b0196,"ECOCYC:EG11502,GeneID:949113",,rcsF,Gene,,,,,rcsF,protein_coding,ECK0196,b0196,,,,,,,,,,
NC_000913.3,RefSeq,gene,220113,220928,,-,,816,gene-b0197,"ECOCYC:EG11504,GeneID:944893",,metQ,Gene,,,,,metQ,protein_coding,"ECK0197,metD,yaeC",b0197,,,,,,,,,,
NC_000913.3,RefSeq,gene,220968,221621,,-,,654,gene-b0198,"ECOCYC:EG11737,GeneID:944894",,metI,Gene,,,,,metI,protein_coding,"ECK0198,metD,yaeE",b0198,,,,,,,,,,
NC_000913.3,RefSeq,gene,221614,222645,,-,,1032,gene-b0199,"ECOCYC:EG11621,GeneID:944896",,metN,Gene,,,,,metN,protein_coding,"abc,ECK0199,metD",b0199,,,,,,,,,,
NC_000913.3,RefSeq,gene,222833,223408,,+,,576,gene-b0200,"ECOCYC:EG11736,GeneID:944879",,gmhB,Gene,,,,,gmhB,protein_coding,"ECK0200,yaeD",b0200,,,,,,,,,,
NC_000913.3,RefSeq,gene,223771,225312,,+,,1542,gene-b0201,"ECOCYC:EG30090,GeneID:944897",,rrsH,Gene,,,,,rrsH,rRNA,ECK0201,b0201,,,,,,,,,,
NC_000913.3,RefSeq,gene,225381,225457,,+,,77,gene-b0202,"ECOCYC:EG30045,GeneID:944884",,ileV,Gene,,,,,ileV,tRNA,ECK0202,b0202,,,,,,,,,,
NC_000913.3,RefSeq,gene,225500,225575,,+,,76,gene-b0203,"ECOCYC:EG30010,GeneID:944890",,alaV,Gene,,,,,alaV,tRNA,ECK0203,b0203,,,,,,,,,,
NC_000913.3,RefSeq,gene,225759,228662,,+,,2904,gene-b0204,"ECOCYC:EG30083,GeneID:944900",,rrlH,Gene,,,,,rrlH,rRNA,ECK0204,b0204,,,,,,,,,,
NC_000913.3,RefSeq,gene,228756,228875,,+,,120,gene-b0205,"ECOCYC:EG30076,GeneID:944898",,rrfH,Gene,,,,,rrfH,rRNA,ECK0205,b0205,,,,,,,,,,
NC_000913.3,RefSeq,gene,228928,229004,,+,,77,gene-b0206,"ECOCYC:EG30024,GeneID:944880",,aspU,Gene,,,,,aspU,tRNA,ECK0206,b0206,,,,,,,,,,
NC_000913.3,RefSeq,gene,229167,229970,,+,,804,gene-b0207,"ECOCYC:EG11648,GeneID:944901",,dkgB,Gene,,,,,dkgB,protein_coding,"ECK0207,yafB",b0207,,,,,,,,,,
NC_000913.3,RefSeq,gene,229967,230881,,-,,915,gene-b0208,"ECOCYC:EG11649,GeneID:947507",,yafC,Gene,,,,,yafC,protein_coding,ECK0208,b0208,,,,,,,,,,
NC_000913.3,RefSeq,gene,231122,231922,,+,,801,gene-b0209,"ECOCYC:EG11650,GeneID:946286",,yafD,Gene,,,,,yafD,protein_coding,ECK0209,b0209,,,,,,,,,,
NC_000913.3,RefSeq,gene,231926,232549,,+,,624,gene-b0210,"ECOCYC:EG11651,GeneID:946197",,yafE,Gene,,,,,yafE,protein_coding,ECK0210,b0210,,,,,,,,,,
NC_000913.3,RefSeq,gene,232597,233955,,-,,1359,gene-b0211,"ECOCYC:EG10246,GeneID:945694",,mltD,Gene,,,,,mltD,protein_coding,"dniR,ECK0211,yafG",b0211,,,,,,,,,,
NC_000913.3,RefSeq,gene,234027,234782,,-,,756,gene-b0212,"ECOCYC:G6099,GeneID:944902",,gloB,Gene,,,,,gloB,protein_coding,"ECK0212,yafR",b0212,,,,,,,,,,
NC_000913.3,RefSeq,gene,234288,234320,,+,,33,gene-b4815,"ECOCYC:G0-17090,GeneID:71004553",,ykfO,Gene,,,,,ykfO,protein_coding,ECK4672,b4815,,,,,,,,,,
NC_000913.3,RefSeq,gene,234816,235538,,+,,723,gene-b0213,"ECOCYC:G6100,GeneID:944903",,yafS,Gene,,,,,yafS,protein_coding,ECK0213,b0213,,,,,,,,,,
NC_000913.3,RefSeq,gene,235535,236002,,-,,468,gene-b0214,"ECOCYC:EG10860,GeneID:946955",,rnhA,Gene,,,,,rnhA,protein_coding,"cer,dasF,ECK0214,herA,rnh,sdrA,sin",b0214,,,,,,,,,,
NC_000913.3,RefSeq,gene,236067,236798,,+,,732,gene-b0215,"ECOCYC:EG10243,GeneID:946441",,dnaQ,Gene,,,,,dnaQ,protein_coding,"ECK0215,mutD",b0215,,,,,,,,,,
NC_000913.3,RefSeq,gene,236931,237007,,+,,77,gene-b0216,"ECOCYC:EG30025,GeneID:947541",,aspV,Gene,,,,,aspV,tRNA,ECK0216,b0216,,,,,,,,,,
NC_000913.3,RefSeq,gene,237335,238120,,+,,786,gene-b0217,"ECOCYC:G6101,GeneID:949009",,yafT,Gene,,,,,yafT,protein_coding,ECK0217,b0217,,,,,,,,,,
NC_000913.3,RefSeq,gene,238257,238736,,-,,480,gene-b4586,"ECOCYC:G0-10583,GeneID:5061498",,ykfM,Gene,,,,,ykfM,protein_coding,ECK4397,b4586,,,,,,,,,,
NC_000913.3,RefSeq,gene,239419,240189,,-,,771,gene-b0219,"ECOCYC:G6103,GeneID:946585",,yafV,Gene,,,,,yafV,protein_coding,ECK0220,b0219,,,,,,,,,,
NC_000913.3,RefSeq,gene,240343,240816,,+,,474,gene-b0220,"ECOCYC:G6104,GeneID:946530",,ivy,Gene,,,,,ivy,protein_coding,"ECK0221,ykfE",b0220,,,,,,,,,,
NC_000913.3,RefSeq,gene,240859,243303,,-,,2445,gene-b0221,"ECOCYC:G6105,GeneID:949007",,fadE,Gene,,,,,fadE,protein_coding,"ECK0222,yafH",b0221,,,,,,,,,,
NC_000913.3,RefSeq,gene,243543,244121,,+,,579,gene-b0222,"ECOCYC:G6106,GeneID:949134",,gmhA,Gene,,,,,gmhA,protein_coding,"ECK0223,lpcA,tfrA,yafI",b0222,,,,,,,,,,
NC_000913.3,RefSeq,gene,244327,245094,,+,,768,gene-b0223,"ECOCYC:G6107,GeneID:944906",,yafJ,Gene,,,,,yafJ,protein_coding,ECK0224,b0223,,,,,,,,,,
NC_000913.3,RefSeq,gene,245065,245805,,-,,741,gene-b0224,"ECOCYC:G6108,GeneID:944910",,dpaA,Gene,,,,,dpaA,protein_coding,"ECK0225,ldtF,yafK",b0224,,,,,,,,,,
NC_000913.3,RefSeq,gene,245961,246239,,-,,279,gene-b0225,"ECOCYC:G6109,GeneID:944911",,yafQ,Gene,,,,,yafQ,protein_coding,ECK0226,b0225,,,,,,,,,,
NC_000913.3,RefSeq,gene,246242,246502,,-,,261,gene-b0226,"ECOCYC:G6110,GeneID:944914",,dinJ,Gene,,,,,dinJ,protein_coding,"ECK0227,sosA",b0226,,,,,,,,,,
NC_000913.3,RefSeq,gene,246712,247461,,+,,750,gene-b0227,"ECOCYC:G6111,GeneID:944899",,yafL,Gene,,,,,yafL,protein_coding,ECK0228,b0227,,,,,,,,,,
NC_000913.3,RefSeq,gene,247637,248134,,+,,498,gene-b0228,"ECOCYC:G6112,GeneID:944913",,rayT,Gene,,,,,rayT,protein_coding,"ECK0229,yafM",b0228,,,,,,,,,,
NC_000913.3,RefSeq,gene,250898,251953,,+,,1056,gene-b0231,"ECOCYC:G6115,GeneID:944922",,dinB,Gene,,,,,dinB,protein_coding,"dinP,ECK0232",b0231,,,,,,,,,,
NC_000913.3,RefSeq,gene,252005,252298,,+,,294,gene-b0232,"ECOCYC:G6116,GeneID:944920",,yafN,Gene,,,,,yafN,protein_coding,ECK0233,b0232,,,,,,,,,,
NC_000913.3,RefSeq,gene,252301,252699,,+,,399,gene-b0233,"ECOCYC:G6117,GeneID:944916",,yafO,Gene,,,,,yafO,protein_coding,ECK0234,b0233,,,,,,,,,,
NC_000913.3,RefSeq,gene,252709,253161,,+,,453,gene-b0234,"ECOCYC:G6118,GeneID:944912",,yafP,Gene,,,,,yafP,protein_coding,ECK0235,b0234,,,,,,,,,,
NC_000913.3,RefSeq,gene,254259,255716,,-,,1458,gene-b0237,"ECOCYC:EG10695,GeneID:945013",,pepD,Gene,,,,,pepD,protein_coding,"ECK0238,pepH",b0237,,,,,,,,,,
NC_000913.3,RefSeq,gene,255977,256435,,+,,459,gene-b0238,"ECOCYC:EG10414,GeneID:944817",,gpt,Gene,,,,,gpt,protein_coding,"ECK0239,glyD,gpp,gxu",b0238,,,,,,,,,,
NC_000913.3,RefSeq,gene,256527,257771,,+,,1245,gene-b0239,"ECOCYC:EG11091,GeneID:946039",,frsA,Gene,,,,,frsA,protein_coding,"ECK0240,yafA",b0239,,,,,,,,,,
NC_000913.3,RefSeq,gene,257923,258426,,-,,504,gene-b4710,"ECOCYC:G0-16637,GeneID:38094937",,insB9,Gene,,,,,insB9,protein_coding,ECK4567,b4710,,,,,,,,,,
NC_000913.3,RefSeq,gene,258345,258620,,-,,276,gene-b4709,"ECOCYC:G0-16638,GeneID:38094938",,insA9,Gene,,,,,insA9,protein_coding,ECK4566,b4709,,,,,,,,,,
NC_000913.3,RefSeq,gene,259045,260100,,-,,1056,gene-b0241,"ECOCYC:EG10729,GeneID:944926",,phoE,Gene,,,,,phoE,protein_coding,"ECK0242,ompE",b0241,,,,,,,,,,
NC_000913.3,RefSeq,gene,260388,261491,,+,,1104,gene-b0242,"ECOCYC:EG10768,GeneID:946425",,proB,Gene,,,,,proB,protein_coding,"ECK0243,pro(2),pro2",b0242,,,,,,,,,,
NC_000913.3,RefSeq,gene,261503,262756,,+,,1254,gene-b0243,"ECOCYC:EG10767,GeneID:946680",,proA,Gene,,,,,proA,protein_coding,"ECK0244,pro(1),pro1",b0243,,,,,,,,,,
NC_000913.3,RefSeq,gene,262871,262946,,+,,76,gene-b0244,"ECOCYC:EG30104,GeneID:947202",,thrW,Gene,,,,,thrW,tRNA,ECK0245,b0244,,,,,,,,,,
NC_000913.3,RefSeq,gene,263328,263669,,-,,342,gene-b0245,"ECOCYC:G6120,GeneID:946726",,ykfI,Gene,,,,,ykfI,protein_coding,ECK0246,b0245,,,,,,,,,,
NC_000913.3,RefSeq,gene,263690,264007,,-,,318,gene-b0246,"ECOCYC:G6121,GeneID:944929",,yafW,Gene,,,,,yafW,protein_coding,ECK0247,b0246,,,,,,,,,,
NC_000913.3,RefSeq,gene,264026,264247,,-,,222,gene-b4504,"ECOCYC:G0-10432,GeneID:1450236",,ykfH,Gene,,,,,ykfH,protein_coding,ECK0248,b4504,,,,,,,,,,
NC_000913.3,RefSeq,gene,264256,264732,,-,,477,gene-b0247,"ECOCYC:G6122,GeneID:944930",,ykfG,Gene,,,,,ykfG,protein_coding,ECK0249,b0247,,,,,,,,,,
NC_000913.3,RefSeq,gene,264748,265206,,-,,459,gene-b0248,"ECOCYC:G6123,GeneID:944931",,yafX,Gene,,,,,yafX,protein_coding,ECK0250,b0248,,,,,,,,,,
NC_000913.3,RefSeq,gene,265304,265543,,-,,240,gene-b0249,"ECOCYC:G6124,GeneID:948839",,ykfF,Gene,,,,,ykfF,protein_coding,ECK0251,b0249,,,,,,,,,,
NC_000913.3,RefSeq,gene,265620,266087,,-,,468,gene-b0250,"ECOCYC:G6125,GeneID:946846",,ykfB,Gene,,,,,ykfB,protein_coding,ECK0252,b0250,,,,,,,,,,
NC_000913.3,RefSeq,gene,266110,266553,,-,,444,gene-b0251,"ECOCYC:G6126,GeneID:944934",,yafY,Gene,,,,,yafY,protein_coding,ECK0253,b0251,,,,,,,,,,
NC_000913.3,RefSeq,gene,267184,268005,,-,,822,gene-b0252,"ECOCYC:G6127,GeneID:945373",,yafZ,Gene,,,,,yafZ,protein_coding,ECK0254,b0252,,,,,,,,,,
NC_000913.3,RefSeq,gene,268097,268960,,-,,864,gene-b0253,"ECOCYC:G6128,GeneID:949004",,ykfA,Gene,,,,,ykfA,protein_coding,ECK0255,b0253,,,,,,,,,,
NC_000913.3,RefSeq,gene,269289,270182,,-,,894,gene-b0254,"ECOCYC:G6129,GeneID:945417",,perR,Gene,,,,,perR,protein_coding,ECK0256,b0254,,,,,,,,,,
NC_000913.3,RefSeq,gene,270603,271754,,+,,1152,gene-b0256,"ECOCYC:G6131,GeneID:949005",,insI1,Gene,,,,,insI1,protein_coding,"ECK0258,tra8-1",b0256,,,,,,,,,,
NC_000913.3,RefSeq,gene,272580,272654,,+,,75,gene-b4690,"ECOCYC:G0-10696,GeneID:7751631",,eyeA,Gene,,,,,eyeA,ncRNA,ECK4506,b4690,,,,,,,,,,
NC_000913.3,RefSeq,gene,272847,273992,,+,,1146,gene-b0258,"ECOCYC:G6133,GeneID:944940",,ykfC,Gene,,,,,ykfC,protein_coding,ECK0260,b0258,,,,,,,,,,
NC_000913.3,RefSeq,gene,274101,275081,,-,,981,gene-b0259,"ECOCYC:G6134,GeneID:944941",,insH1,Gene,,,,,insH1,protein_coding,"ECK0261,trs5,trs5-1,yi52_1",b0259,,,,,,,,,,
NC_000913.3,RefSeq,gene,275325,276728,,+,,1404,gene-b0260,"ECOCYC:G6135,GeneID:946284",,mmuP,Gene,,,,,mmuP,protein_coding,"ECK0262,ykfD",b0260,,,,,,,,,,
NC_000913.3,RefSeq,gene,276715,277647,,+,,933,gene-b0261,"ECOCYC:G6136,GeneID:946143",,mmuM,Gene,,,,,mmuM,protein_coding,"ECK0263,yagD",b0261,,,,,,,,,,
NC_000913.3,RefSeq,gene,277756,278802,,-,,1047,gene-b0262,"ECOCYC:EG12340,GeneID:947676",,afuC,Gene,,,,,afuC,protein_coding,"ECK0264,fbpC,yagC",b0262,,,,,,,,,,
NC_000913.3,RefSeq,gene,279178,279681,,-,,504,gene-b0264,"ECOCYC:G6138,GeneID:947698",,insB2,Gene,,,,,insB2,protein_coding,ECK0022,b0264,,,,,,,,,,
NC_000913.3,RefSeq,gene,279600,279875,,-,,276,gene-b0265,"ECOCYC:G6139,GeneID:944946",,insA2,Gene,,,,,insA2,protein_coding,ECK0023,b0265,,,,,,,,,,
NC_000913.3,RefSeq,gene,280385,280735,,-,,351,gene-b0266,"ECOCYC:EG12339,GeneID:944944",,yagB,Gene,,,,,yagB,protein_coding,ECK0267,b0266,,,,,,,,,,
NC_000913.3,RefSeq,gene,280829,281983,,-,,1155,gene-b0267,"ECOCYC:EG12338,GeneID:944937",,yagA,Gene,,,,,yagA,protein_coding,ECK0268,b0267,,,,,,,,,,
NC_000913.3,RefSeq,gene,282278,283186,,+,,909,gene-b0268,"ECOCYC:G6140,GeneID:944925",,yagE,Gene,,,,,yagE,protein_coding,ECK0269,b0268,,,,,,,,,,
NC_000913.3,RefSeq,gene,283201,285168,,+,,1968,gene-b0269,"ECOCYC:G6141,GeneID:944928",,yagF,Gene,,,,,yagF,protein_coding,ECK0270,b0269,,,,,,,,,,
NC_000913.3,RefSeq,gene,285395,286777,,+,,1383,gene-b0270,"ECOCYC:G6142,GeneID:944947",,yagG,Gene,,,,,yagG,protein_coding,ECK0271,b0270,,,,,,,,,,
NC_000913.3,RefSeq,gene,286789,288399,,+,,1611,gene-b0271,"ECOCYC:G6143,GeneID:944949",,yagH,Gene,,,,,yagH,protein_coding,ECK0272,b0271,,,,,,,,,,
NC_000913.3,RefSeq,gene,288404,289162,,-,,759,gene-b0272,"ECOCYC:G6144,GeneID:945016",,xynR,Gene,,,,,xynR,protein_coding,"ECK0273,yagI",b0272,,,,,,,,,,
NC_000913.3,RefSeq,gene,289301,290305,,-,,1005,gene-b0273,"ECOCYC:EG10067,GeneID:944844",,argF,Gene,,,,,argF,protein_coding,ECK0274,b0273,,,,,,,,,,
NC_000913.3,RefSeq,gene,290275,290370,,-,,96,gene-b4766,"ECOCYC:G0-17012,GeneID:63925624",,argL,Gene,,,,,argL,protein_coding,ECK4623,b4766,,,,,,,,,,
NC_000913.3,RefSeq,gene,290510,290638,,+,,129,gene-b4688,"ECOCYC:G0-16674,GeneID:7751632",,ykgS,Gene,,,,,ykgS,protein_coding,ECK4504,b4688,,,,,,,,,,
NC_000913.3,RefSeq,gene,290649,291152,,-,,504,gene-b0274,"ECOCYC:G6145,GeneID:944950",,insB3,Gene,,,,,insB3,protein_coding,ECK0022,b0274,,,,,,,,,,
NC_000913.3,RefSeq,gene,291071,291346,,-,,276,gene-b0275,"ECOCYC:G6146,GeneID:944951",,insA3,Gene,,,,,insA3,protein_coding,ECK0023,b0275,,,,,,,,,,
NC_000913.3,RefSeq,gene,291500,292231,,+,,732,gene-b0276,"ECOCYC:G6147,GeneID:949094",,yagJ,Gene,,,,,yagJ,protein_coding,ECK0275,b0276,,,,,,,,,,
NC_000913.3,RefSeq,gene,292322,292948,,-,,627,gene-b0277,"ECOCYC:G6148,GeneID:945847",,yagK,Gene,,,,,yagK,protein_coding,ECK0276,b0277,,,,,,,,,,
NC_000913.3,RefSeq,gene,293220,293918,,-,,699,gene-b0278,"ECOCYC:G6149,GeneID:945845",,yagL,Gene,,,,,yagL,protein_coding,ECK0277,b0278,,,,,,,,,,
NC_000913.3,RefSeq,gene,293945,294799,,-,,855,gene-b0279,"ECOCYC:G6150,GeneID:944959",,yagM,Gene,,,,,yagM,protein_coding,ECK0278,b0279,,,,,,,,,,
NC_000913.3,RefSeq,gene,294918,295142,,-,,225,gene-b4729,"ECOCYC:G0-16724,GeneID:38094939",,ykgV,Gene,,,,,ykgV,protein_coding,ECK4586,b4729,,,,,,,,,,
NC_000913.3,RefSeq,gene,295139,295579,,-,,441,gene-b0280,"ECOCYC:G6151,GeneID:945349",,yagN,Gene,,,,,yagN,protein_coding,ECK0279,b0280,,,,,,,,,,
NC_000913.3,RefSeq,gene,295696,297096,,-,,1401,gene-b0281,"ECOCYC:G6152,GeneID:947351",,intF,Gene,,,,,intF,protein_coding,"ECK0280,yagO",b0281,,,,,,,,,,
NC_000913.3,RefSeq,gene,297381,297791,,-,,411,gene-b0282,"ECOCYC:G6153,GeneID:947411",,yagP,Gene,,,,,yagP,protein_coding,"b4695,ECK0281,ykgT",b0282,,,,,,,,,,
NC_000913.3,RefSeq,gene,297770,298726,,-,,957,gene-b0283,"ECOCYC:G6154,GeneID:945010",,paoD,Gene,,,,,paoD,protein_coding,"ECK0282,yagQ",b0283,,,,,,,,,,
NC_000913.3,RefSeq,gene,298736,300934,,-,,2199,gene-b0284,"ECOCYC:G6155,GeneID:944961",,paoC,Gene,,,,,paoC,protein_coding,"ECK0283,yagR",b0284,,,,,,,,,,
NC_000913.3,RefSeq,gene,300931,301887,,-,,957,gene-b0285,"ECOCYC:G6156,GeneID:945710",,paoB,Gene,,,,,paoB,protein_coding,"ECK0284,yagS",b0285,,,,,,,,,,
NC_000913.3,RefSeq,gene,301884,302573,,-,,690,gene-b0286,"ECOCYC:G6157,GeneID:945330",,paoA,Gene,,,,,paoA,protein_coding,"ECK0285,yagT",b0286,,,,,,,,,,
NC_000913.3,RefSeq,gene,302991,303605,,+,,615,gene-b0287,"ECOCYC:G6158,GeneID:945677",,yagU,Gene,,,,,yagU,protein_coding,ECK0286,b0287,,,,,,,,,,
NC_000913.3,RefSeq,gene,303853,304182,,-,,330,gene-b0288,"ECOCYC:G6159,GeneID:945905",,ykgJ,Gene,,,,,ykgJ,protein_coding,ECK0287,b0288,,,,,,,,,,
NC_000913.3,RefSeq,gene,304495,305205,,-,,711,gene-b0289,"ECOCYC:G6160,GeneID:946631",,ecpE,Gene,,,,,ecpE,protein_coding,"ECK0288,matF,yagV",b0289,,,,,,,,,,
NC_000913.3,RefSeq,gene,305174,306817,,-,,1644,gene-b0290,"ECOCYC:G6161,GeneID:947349",,ecpD,Gene,,,,,ecpD,protein_coding,"ECK0289,matE,yagW",b0290,,,,,,,,,,
NC_000913.3,RefSeq,gene,306807,309332,,-,,2526,gene-b0291,"ECOCYC:G6162,GeneID:947606",,ecpC,Gene,,,,,ecpC,protein_coding,"ECK0290,matD,yagX",b0291,,,,,,,,,,
NC_000913.3,RefSeq,gene,309358,310026,,-,,669,gene-b0292,"ECOCYC:G6163,GeneID:948806",,ecpB,Gene,,,,,ecpB,protein_coding,"ECK0291,matC,yagY",b0292,,,,,,,,,,
NC_000913.3,RefSeq,gene,310084,310671,,-,,588,gene-b0293,"ECOCYC:G6164,GeneID:948759",,ecpA,Gene,,,,,ecpA,protein_coding,"ECK0292,matB,yagZ",b0293,,,,,,,,,,
NC_000913.3,RefSeq,gene,310746,311336,,-,,591,gene-b0294,"ECOCYC:G6165,GeneID:944966",,matA,Gene,,,,,matA,protein_coding,"ECK0293,ecpR,ykgK",b0294,,,,,,,,,,
NC_000913.3,RefSeq,gene,312112,312339,,+,,228,gene-b0295,"ECOCYC:G6166,GeneID:944962",,ykgL,Gene,,,,,ykgL,protein_coding,ECK0294,b0295,,,,,,,,,,
NC_000913.3,RefSeq,gene,312374,312514,,-,,141,gene-b4506,"ECOCYC:G0-10434,GeneID:1450238",,ykgO,Gene,,,,,ykgO,protein_coding,ECK0295,b4506,,,,,,,,,,
NC_000913.3,RefSeq,gene,312514,312777,,-,,264,gene-b0296,"ECOCYC:G6167,GeneID:944960",,ykgM,Gene,,,,,ykgM,protein_coding,ECK0296,b0296,,,,,,,,,,
NC_000913.3,RefSeq,gene,313141,313242,,-,,102,gene-b4671,"ECOCYC:G0-10654,GeneID:7751635",,ykgR,Gene,,,,,ykgR,protein_coding,ECK4486,b4671,,,,,,,,,,
NC_000913.3,RefSeq,gene,315291,315590,,+,,300,gene-b0298,"ECOCYC:G6168,GeneID:944952",,insE1,Gene,,,,,insE1,protein_coding,ECK0298,b0298,,,,,,,,,,
NC_000913.3,RefSeq,gene,315587,316453,,+,,867,gene-b0299,"ECOCYC:G6169,GeneID:944948",,insF1,Gene,,,,,insF1,protein_coding,"ECK0299,tra5-5",b0299,,,,,,,,,,
NC_000913.3,RefSeq,gene,317726,318319,,-,,594,gene-b0301,"ECOCYC:G6171,GeneID:944974",,rclC,Gene,,,,,rclC,protein_coding,"ECK0301,ykgB",b0301,,,,,,,,,,
NC_000913.3,RefSeq,gene,318331,318567,,-,,237,gene-b0303,"ECOCYC:G6173,GeneID:945658",,rclB,Gene,,,,,rclB,protein_coding,"ECK0302,ykgI",b0303,,,,,,,,,,
NC_000913.3,RefSeq,gene,318676,320001,,-,,1326,gene-b0304,"ECOCYC:G6174,GeneID:946092",,rclA,Gene,,,,,rclA,protein_coding,"ECK0303,ykgC",b0304,,,,,,,,,,
NC_000913.3,RefSeq,gene,320227,321081,,+,,855,gene-b0305,"ECOCYC:G6175,GeneID:945616",,rclR,Gene,,,,,rclR,protein_coding,"ECK0304,ykgD",b0305,,,,,,,,,,
NC_000913.3,RefSeq,gene,321608,322327,,+,,720,gene-b0306,"ECOCYC:G6176,GeneID:948438",,ykgE,Gene,,,,,ykgE,protein_coding,ECK0305,b0306,,,,,,,,,,
NC_000913.3,RefSeq,gene,322338,323765,,+,,1428,gene-b0307,"ECOCYC:G6177,GeneID:944980",,ykgF,Gene,,,,,ykgF,protein_coding,ECK0306,b0307,,,,,,,,,,
NC_000913.3,RefSeq,gene,323758,324453,,+,,696,gene-b0308,"ECOCYC:G6178,GeneID:945906",,ykgG,Gene,,,,,ykgG,protein_coding,ECK0307,b0308,,,,,,,,,,
NC_000913.3,RefSeq,gene,324696,325364,,-,,669,gene-b0310,"ECOCYC:G6180,GeneID:947513",,ykgH,Gene,,,,,ykgH,protein_coding,ECK0308,b0310,,,,,,,,,,
NC_000913.3,RefSeq,gene,325577,327247,,-,,1671,gene-b0311,"ECOCYC:EG10109,GeneID:945716",,betA,Gene,,,,,betA,protein_coding,ECK0309,b0311,,,,,,,,,,
NC_000913.3,RefSeq,gene,327261,328733,,-,,1473,gene-b0312,"ECOCYC:EG10110,GeneID:947376",,betB,Gene,,,,,betB,protein_coding,ECK0310,b0312,,,,,,,,,,
NC_000913.3,RefSeq,gene,328747,329334,,-,,588,gene-b0313,"ECOCYC:EG10111,GeneID:944981",,betI,Gene,,,,,betI,protein_coding,ECK0311,b0313,,,,,,,,,,
NC_000913.3,RefSeq,gene,329463,331496,,+,,2034,gene-b0314,"ECOCYC:EG10112,GeneID:945079",,betT,Gene,,,,,betT,protein_coding,ECK0312,b0314,,,,,,,,,,
NC_000913.3,RefSeq,gene,331802,331876,,+,,75,gene-b4730,"ECOCYC:G0-16725,GeneID:38094940",,yahV,Gene,,,,,yahV,protein_coding,ECK4587,b4730,,,,,,,,,,
NC_000913.3,RefSeq,gene,332371,333459,,+,,1089,gene-b0315,"ECOCYC:EG11236,GeneID:947459",,pdeL,Gene,,,,,pdeL,protein_coding,"ECK0313,yahA",b0315,,,,,,,,,,
NC_000913.3,RefSeq,gene,333501,334433,,-,,933,gene-b0316,"ECOCYC:G6181,GeneID:945278",,yahB,Gene,,,,,yahB,protein_coding,ECK0314,b0316,,,,,,,,,,
NC_000913.3,RefSeq,gene,334525,335022,,-,,498,gene-b0317,"ECOCYC:G6182,GeneID:947337",,yahC,Gene,,,,,yahC,protein_coding,ECK0315,b0317,,,,,,,,,,
NC_000913.3,RefSeq,gene,335280,335885,,+,,606,gene-b0318,"ECOCYC:G6183,GeneID:947681",,yahD,Gene,,,,,yahD,protein_coding,ECK0316,b0318,,,,,,,,,,
NC_000913.3,RefSeq,gene,335925,336788,,+,,864,gene-b0319,"ECOCYC:G6184,GeneID:947134",,yahE,Gene,,,,,yahE,protein_coding,ECK0317,b0319,,,,,,,,,,
NC_000913.3,RefSeq,gene,336778,338325,,+,,1548,gene-b0320,"ECOCYC:G6185,GeneID:947298",,yahF,Gene,,,,,yahF,protein_coding,ECK0318,b0320,,,,,,,,,,
NC_000913.3,RefSeq,gene,338325,339743,,+,,1419,gene-b0321,"ECOCYC:G6186,GeneID:945379",,yahG,Gene,,,,,yahG,protein_coding,ECK0319,b0321,,,,,,,,,,
NC_000913.3,RefSeq,gene,339769,340089,,+,,321,gene-b0322,"ECOCYC:G0-10550,GeneID:945035",,yahH,Gene,,,,,yahH,protein_coding,ECK0320,b0322,,,,,,,,,,
NC_000913.3,RefSeq,gene,340165,341115,,+,,951,gene-b0323,"ECOCYC:G6188,GeneID:944984",,yahI,Gene,,,,,yahI,protein_coding,ECK0321,b0323,,,,,,,,,,
NC_000913.3,RefSeq,gene,341125,342507,,+,,1383,gene-b0324,"ECOCYC:G6189,GeneID:944976",,yahJ,Gene,,,,,yahJ,protein_coding,ECK0322,b0324,,,,,,,,,,
NC_000913.3,RefSeq,gene,342884,343933,,+,,1050,gene-b0325,"ECOCYC:G6190,GeneID:944975",,yahK,Gene,,,,,yahK,protein_coding,ECK0323,b0325,,,,,,,,,,
NC_000913.3,RefSeq,gene,344176,344991,,+,,816,gene-b0326,"ECOCYC:G6191,GeneID:944970",,yahL,Gene,,,,,yahL,protein_coding,ECK0324,b0326,,,,,,,,,,
NC_000913.3,RefSeq,gene,345252,345434,,+,,183,gene-b4845,"ECOCYC:G0-17126,GeneID:302211664",,xtpA,Gene,,,,,xtpA,protein_coding,ECK4702,b4845,,,,,,,,,,
NC_000913.3,RefSeq,gene,345404,345649,,+,,246,gene-b0327,"ECOCYC:G6192,GeneID:944969",,yahM,Gene,,,,,yahM,protein_coding,ECK0325,b0327,,,,,,,,,,
NC_000913.3,RefSeq,gene,345666,346337,,-,,672,gene-b0328,"ECOCYC:G6193,GeneID:944968",,yahN,Gene,,,,,yahN,protein_coding,ECK0326,b0328,,,,,,,,,,
NC_000913.3,RefSeq,gene,346484,346759,,+,,276,gene-b0329,"ECOCYC:G6194,GeneID:944985",,yahO,Gene,,,,,yahO,protein_coding,ECK0327,b0329,,,,,,,,,,
NC_000913.3,RefSeq,gene,346857,348443,,-,,1587,gene-b0330,"ECOCYC:G6195,GeneID:944987",,prpR,Gene,,,,,prpR,protein_coding,"ECK0328,yahP",b0330,,,,,,,,,,
NC_000913.3,RefSeq,gene,348682,349572,,+,,891,gene-b0331,"ECOCYC:G6196,GeneID:944990",,prpB,Gene,,,,,prpB,protein_coding,"ECK0329,yahQ",b0331,,,,,,,,,,
NC_000913.3,RefSeq,gene,350012,351181,,+,,1170,gene-b0333,"ECOCYC:G6198,GeneID:947528",,prpC,Gene,,,,,prpC,protein_coding,"ECK0330,yahS,yzzD",b0333,,,,,,,,,,
NC_000913.3,RefSeq,gene,351215,352666,,+,,1452,gene-b0334,"ECOCYC:G6199,GeneID:945931",,prpD,Gene,,,,,prpD,protein_coding,"acnC,ECK0331,yahT",b0334,,,,,,,,,,
NC_000913.3,RefSeq,gene,352706,354592,,+,,1887,gene-b0335,"ECOCYC:G6200,GeneID:946891",,prpE,Gene,,,,,prpE,protein_coding,"ECK0332,yahU",b0335,,,,,,,,,,
NC_000913.3,RefSeq,gene,354922,356181,,+,,1260,gene-b0336,"ECOCYC:EG11327,GeneID:944994",,codB,Gene,,,,,codB,protein_coding,ECK0333,b0336,,,,,,,,,,
NC_000913.3,RefSeq,gene,356171,357454,,+,,1284,gene-b0337,"ECOCYC:EG11326,GeneID:944996",,codA,Gene,,,,,codA,protein_coding,ECK0334,b0337,,,,,,,,,,
NC_000913.3,RefSeq,gene,357791,358690,,-,,900,gene-b0338,"ECOCYC:EG11421,GeneID:945001",,cynR,Gene,,,,,cynR,protein_coding,ECK0335,b0338,,,,,,,,,,
NC_000913.3,RefSeq,gene,358799,359458,,+,,660,gene-b0339,"ECOCYC:EG10176,GeneID:946548",,cynT,Gene,,,,,cynT,protein_coding,ECK0336,b0339,,,,,,,,,,
NC_000913.3,RefSeq,gene,359489,359959,,+,,471,gene-b0340,"ECOCYC:EG10175,GeneID:948998",,cynS,Gene,,,,,cynS,protein_coding,"cnt,cyaN,ECK0337",b0340,,,,,,,,,,
NC_000913.3,RefSeq,gene,359992,361146,,+,,1155,gene-b0341,"ECOCYC:EG10177,GeneID:946770",,cynX,Gene,,,,,cynX,protein_coding,ECK0338,b0341,,,,,,,,,,
NC_000913.3,RefSeq,gene,361249,361860,,-,,612,gene-b0342,"ECOCYC:EG10524,GeneID:945674",,lacA,Gene,,,,,lacA,protein_coding,ECK0339,b0342,,,,,,,,,,
NC_000913.3,RefSeq,gene,361926,363179,,-,,1254,gene-b0343,"ECOCYC:EG10526,GeneID:949083",,lacY,Gene,,,,,lacY,protein_coding,ECK0340,b0343,,,,,,,,,,
NC_000913.3,RefSeq,gene,363231,366305,,-,,3075,gene-b0344,"ECOCYC:EG10527,GeneID:945006",,lacZ,Gene,,,,,lacZ,protein_coding,ECK0341,b0344,,,,,,,,,,
NC_000913.3,RefSeq,gene,366428,367510,,-,,1083,gene-b0345,"ECOCYC:EG10525,GeneID:945007",,lacI,Gene,,,,,lacI,protein_coding,ECK0342,b0345,,,,,,,,,,
NC_000913.3,RefSeq,gene,367587,368420,,-,,834,gene-b0346,"ECOCYC:G6201,GeneID:945938",,mhpR,Gene,,,,,mhpR,protein_coding,ECK0343,b0346,,,,,,,,,,
NC_000913.3,RefSeq,gene,368611,370275,,+,,1665,gene-b0347,"ECOCYC:M010,GeneID:945197",,mhpA,Gene,,,,,mhpA,protein_coding,ECK0344,b0347,,,,,,,,,,
NC_000913.3,RefSeq,gene,370277,371221,,+,,945,gene-b0348,"ECOCYC:M011,GeneID:945047",,mhpB,Gene,,,,,mhpB,protein_coding,ECK0345,b0348,,,,,,,,,,
NC_000913.3,RefSeq,gene,371239,372105,,+,,867,gene-b0349,"ECOCYC:M012,GeneID:944954",,mhpC,Gene,,,,,mhpC,protein_coding,ECK0346,b0349,,,,,,,,,,
NC_000913.3,RefSeq,gene,372115,372924,,+,,810,gene-b0350,"ECOCYC:M013,GeneID:944768",,mhpD,Gene,,,,,mhpD,protein_coding,"ECK0347,mhpS",b0350,,,,,,,,,,
NC_000913.3,RefSeq,gene,372921,373871,,+,,951,gene-b0351,"ECOCYC:M014,GeneID:945008",,mhpF,Gene,,,,,mhpF,protein_coding,ECK0348,b0351,,,,,,,,,,
NC_000913.3,RefSeq,gene,373868,374881,,+,,1014,gene-b0352,"ECOCYC:G6205,GeneID:945012",,mhpE,Gene,,,,,mhpE,protein_coding,ECK0349,b0352,,,,,,,,,,
NC_000913.3,RefSeq,gene,375459,376670,,+,,1212,gene-b0353,"ECOCYC:G6206,GeneID:944997",,mhpT,Gene,,,,,mhpT,protein_coding,"ECK0350,yaiK",b0353,,,,,,,,,,
NC_000913.3,RefSeq,gene,376772,377311,,+,,540,gene-b0354,"ECOCYC:G6207,GeneID:944993",,yaiL,Gene,,,,,yaiL,protein_coding,ECK0351,b0354,,,,,,,,,,
NC_000913.3,RefSeq,gene,377535,378368,,-,,834,gene-b0355,"ECOCYC:G6208,GeneID:944991",,frmB,Gene,,,,,frmB,protein_coding,"ECK0352,yaiM",b0355,,,,,,,,,,
NC_000913.3,RefSeq,gene,378462,379571,,-,,1110,gene-b0356,"ECOCYC:EG50010,GeneID:944988",,frmA,Gene,,,,,frmA,protein_coding,"adhC,ECK0353",b0356,,,,,,,,,,
NC_000913.3,RefSeq,gene,379606,379881,,-,,276,gene-b0357,"ECOCYC:G6209,GeneID:944986",,frmR,Gene,,,,,frmR,protein_coding,"ECK0354,yaiN",b0357,,,,,,,,,,
NC_000913.3,RefSeq,gene,380069,380842,,-,,774,gene-b0358,"ECOCYC:G6210,GeneID:945014",,yaiO,Gene,,,,,yaiO,protein_coding,ECK0355,b0358,,,,,,,,,,
NC_000913.3,RefSeq,gene,381351,381716,,+,,366,gene-b0360,"ECOCYC:G6212,GeneID:945025",,insC1,Gene,,,,,insC1,protein_coding,"ECK0357,yi21-1",b0360,,,,,,,,,,
NC_000913.3,RefSeq,gene,381674,382579,,+,,906,gene-b0361,"ECOCYC:G6213,GeneID:945203",,insD1,Gene,,,,,insD1,protein_coding,"ECK0358,yi22-1",b0361,,,,,,,,,,
NC_000913.3,RefSeq,gene,382739,383935,,-,,1197,gene-b0363,"ECOCYC:G6215,GeneID:945308",,yaiP,Gene,,,,,yaiP,protein_coding,ECK0360,b0363,,,,,,,,,,
NC_000913.3,RefSeq,gene,383960,384079,,+,,120,gene-b4731,"ECOCYC:G0-16726,GeneID:38094941",,ykiC,Gene,,,,,ykiC,protein_coding,ECK4588,b4731,,,,,,,,,,
NC_000913.3,RefSeq,gene,384059,384616,,-,,558,gene-b0364,"ECOCYC:G6216,GeneID:946967",,yaiS,Gene,,,,,yaiS,protein_coding,ECK0361,b0364,,,,,,,,,,
NC_000913.3,RefSeq,gene,385232,386194,,+,,963,gene-b0365,"ECOCYC:G6217,GeneID:945030",,tauA,Gene,,,,,tauA,protein_coding,"ECK0362,ssiA,yaiR",b0365,,,,,,,,,,
NC_000913.3,RefSeq,gene,386207,386974,,+,,768,gene-b0366,"ECOCYC:G6218,GeneID:945027",,tauB,Gene,,,,,tauB,protein_coding,"ECK0363,ssiB,yaiQ",b0366,,,,,,,,,,
NC_000913.3,RefSeq,gene,386971,387798,,+,,828,gene-b0367,"ECOCYC:G6219,GeneID:945026",,tauC,Gene,,,,,tauC,protein_coding,"ECK0364,ssiC,yaiJ",b0367,,,,,,,,,,
NC_000913.3,RefSeq,gene,387795,388646,,+,,852,gene-b0368,"ECOCYC:EG12423,GeneID:945021",,tauD,Gene,,,,,tauD,protein_coding,"ECK0365,ssiD,yaiG",b0368,,,,,,,,,,
NC_000913.3,RefSeq,gene,388753,389727,,-,,975,gene-b0369,"ECOCYC:EG10428,GeneID:945017",,hemB,Gene,,,,,hemB,protein_coding,"ECK0366,ncf",b0369,,,,,,,,,,
NC_000913.3,RefSeq,gene,391592,391648,,-,,57,gene-b4767,"ECOCYC:G0-17013,GeneID:63925625",,ytiB,Gene,,,,,ytiB,protein_coding,ECK4624,b4767,,,,,,,,,,
NC_000913.3,RefSeq,gene,391739,392605,,-,,867,gene-b0372,"ECOCYC:G6223,GeneID:945036",,insF2,Gene,,,,,insF2,protein_coding,"ECK0299,tra5-1",b0372,,,,,,,,,,
NC_000913.3,RefSeq,gene,392602,392901,,-,,300,gene-b0373,"ECOCYC:G6224,GeneID:946900",,insE2,Gene,,,,,insE2,protein_coding,ECK0298,b0373,,,,,,,,,,
NC_000913.3,RefSeq,gene,394506,395129,,+,,624,gene-b0375,"ECOCYC:G6226,GeneID:946902",,iprA,Gene,,,,,iprA,protein_coding,"ECK0370,yaiV",b0375,,,,,,,,,,
NC_000913.3,RefSeq,gene,395130,396287,,-,,1158,gene-b0376,"ECOCYC:EG12867,GeneID:946904",,ampH,Gene,,,,,ampH,protein_coding,"ECK0371,yaiH",b0376,,,,,,,,,,
NC_000913.3,RefSeq,gene,396639,397859,,+,,1221,gene-b0377,"ECOCYC:EG10928,GeneID:946884",,sbmA,Gene,,,,,sbmA,protein_coding,ECK0372,b0377,,,,,,,,,,
NC_000913.3,RefSeq,gene,397872,398966,,+,,1095,gene-b0378,"ECOCYC:G6227,GeneID:945038",,yaiW,Gene,,,,,yaiW,protein_coding,ECK0373,b0378,,,,,,,,,,
NC_000913.3,RefSeq,gene,399025,399333,,-,,309,gene-b0379,"ECOCYC:G6228,GeneID:945223",,yaiY,Gene,,,,,yaiY,protein_coding,ECK0374,b0379,,,,,,,,,,
NC_000913.3,RefSeq,gene,399593,399805,,+,,213,gene-b0380,"ECOCYC:G6229,GeneID:947355",,yaiZ,Gene,,,,,yaiZ,protein_coding,ECK0375,b0380,,,,,,,,,,
NC_000913.3,RefSeq,gene,399829,400923,,-,,1095,gene-b0381,"ECOCYC:EG10213,GeneID:945313",,ddlA,Gene,,,,,ddlA,protein_coding,ECK0376,b0381,,,,,,,,,,
NC_000913.3,RefSeq,gene,401386,401646,,+,,261,gene-b0382,"ECOCYC:EG11256,GeneID:947709",,iraP,Gene,,,,,iraP,protein_coding,"ECK0377,yaiB",b0382,,,,,,,,,,
NC_000913.3,RefSeq,gene,401747,403162,,+,,1416,gene-b0383,"ECOCYC:EG10727,GeneID:945041",,phoA,Gene,,,,,phoA,protein_coding,"ECK0378,psiA",b0383,,,,,,,,,,
NC_000913.3,RefSeq,gene,403281,403601,,+,,321,gene-b0384,"ECOCYC:EG11401,GeneID:945040",,psiF,Gene,,,,,psiF,protein_coding,ECK0379,b0384,,,,,,,,,,
NC_000913.3,RefSeq,gene,403703,404818,,+,,1116,gene-b0385,"ECOCYC:EG11257,GeneID:945037",,dgcC,Gene,,,,,dgcC,protein_coding,"adrA,ECK0380,yaiC",b0385,,,,,,,,,,
NC_000913.3,RefSeq,gene,404835,405644,,-,,810,gene-b0386,"ECOCYC:EG10769,GeneID:945034",,proC,Gene,,,,,proC,protein_coding,"ECK0381,pro(3),Pro2,pro3",b0386,,,,,,,,,,
NC_000913.3,RefSeq,gene,405764,406222,,+,,459,gene-b0387,"ECOCYC:G6230,GeneID:945033",,yaiI,Gene,,,,,yaiI,protein_coding,ECK0382,b0387,,,,,,,,,,
NC_000913.3,RefSeq,gene,406405,406929,,+,,525,gene-b0388,"ECOCYC:EG10082,GeneID:945031",,aroL,Gene,,,,,aroL,protein_coding,ECK0383,b0388,,,,,,,,,,
NC_000913.3,RefSeq,gene,406979,407170,,+,,192,gene-b0389,"ECOCYC:EG11093,GeneID:945043",,yaiA,Gene,,,,,yaiA,protein_coding,ECK0384,b0389,,,,,,,,,,
NC_000913.3,RefSeq,gene,407428,408105,,+,,678,gene-b0390,"ECOCYC:EG10083,GeneID:945045",,aroM,Gene,,,,,aroM,protein_coding,ECK0385,b0390,,,,,,,,,,
NC_000913.3,RefSeq,gene,408177,408461,,+,,285,gene-b0391,"ECOCYC:EG12159,GeneID:945048",,ppnP,Gene,,,,,ppnP,protein_coding,"ECK0386,yaiE",b0391,,,,,,,,,,
NC_000913.3,RefSeq,gene,408947,409030,,+,,84,gene-b4732,"ECOCYC:G0-16727,GeneID:38094942",,ykiD,Gene,,,,,ykiD,protein_coding,ECK4589,b4732,,,,,,,,,,
NC_000913.3,RefSeq,gene,409108,410019,,-,,912,gene-b0393,"ECOCYC:EG12158,GeneID:948585",,rdgC,Gene,,,,,rdgC,protein_coding,"ECK0388,yaiD",b0393,,,,,,,,,,
NC_000913.3,RefSeq,gene,410144,411052,,+,,909,gene-b0394,"ECOCYC:EG11288,GeneID:949086",,mak,Gene,,,,,mak,protein_coding,"ECK0389,yajF",b0394,,,,,,,,,,
NC_000913.3,RefSeq,gene,411297,412481,,-,,1185,gene-b0396,"ECOCYC:EG10060,GeneID:949077",,araJ,Gene,,,,,araJ,protein_coding,"araT,ECK0390",b0396,,,,,,,,,,
NC_000913.3,RefSeq,gene,412607,415753,,-,,3147,gene-b0397,"ECOCYC:EG10927,GeneID:949076",,sbcC,Gene,,,,,sbcC,protein_coding,ECK0391,b0397,,,,,,,,,,
NC_000913.3,RefSeq,gene,415750,416952,,-,,1203,gene-b0398,"ECOCYC:EG11094,GeneID:945049",,sbcD,Gene,,,,,sbcD,protein_coding,"ECK0392,yajA",b0398,,,,,,,,,,
NC_000913.3,RefSeq,gene,417142,417831,,+,,690,gene-b0399,"ECOCYC:EG10728,GeneID:945046",,phoB,Gene,,,,,phoB,protein_coding,"ECK0393,phoRc,phoT",b0399,,,,,,,,,,
NC_000913.3,RefSeq,gene,417889,419184,,+,,1296,gene-b0400,"ECOCYC:EG10733,GeneID:945044",,phoR,Gene,,,,,phoR,protein_coding,"ECK0394,nmpB,phoR1,R1pho",b0400,,,,,,,,,,
NC_000913.3,RefSeq,gene,419591,420910,,+,,1320,gene-b0401,"ECOCYC:EG12168,GeneID:945042",,brnQ,Gene,,,,,brnQ,protein_coding,"ECK0395,hrbA",b0401,,,,,,,,,,
NC_000913.3,RefSeq,gene,420986,422359,,+,,1374,gene-b0402,"ECOCYC:G6233,GeneID:945050",,proY,Gene,,,,,proY,protein_coding,"ECK0396,yajM",b0402,,,,,,,,,,
NC_000913.3,RefSeq,gene,422518,424332,,+,,1815,gene-b0403,"ECOCYC:EG10565,GeneID:949131",,malZ,Gene,,,,,malZ,protein_coding,ECK0397,b0403,,,,,,,,,,
NC_000913.3,RefSeq,gene,424337,424918,,-,,582,gene-b0404,"ECOCYC:EG11095,GeneID:949132",,acpH,Gene,,,,,acpH,protein_coding,"ECK0398,yajB",b0404,,,,,,,,,,
NC_000913.3,RefSeq,gene,425011,426081,,+,,1071,gene-b0405,"ECOCYC:EG10812,GeneID:944905",,queA,Gene,,,,,queA,protein_coding,"ECK0399,tsaA",b0405,,,,,,,,,,
NC_000913.3,RefSeq,gene,426137,427264,,+,,1128,gene-b0406,"ECOCYC:EG10996,GeneID:949130",,tgt,Gene,,,,,tgt,protein_coding,"ECK0400,vacC(S.f.)",b0406,,,,,,,,,,
NC_000913.3,RefSeq,gene,427287,427619,,+,,333,gene-b0407,"ECOCYC:EG11096,GeneID:945374",,yajC,Gene,,,,,yajC,protein_coding,ECK0401,b0407,,,,,,,,,,
NC_000913.3,RefSeq,gene,427647,429494,,+,,1848,gene-b0408,"ECOCYC:EG10938,GeneID:949133",,secD,Gene,,,,,secD,protein_coding,ECK0402,b0408,,,,,,,,,,
NC_000913.3,RefSeq,gene,429505,430476,,+,,972,gene-b0409,"ECOCYC:EG10940,GeneID:949120",,secF,Gene,,,,,secF,protein_coding,ECK0403,b0409,,,,,,,,,,
NC_000913.3,RefSeq,gene,430605,430952,,+,,348,gene-b0410,"ECOCYC:EG11097,GeneID:945051",,yajD,Gene,,,,,yajD,protein_coding,ECK0404,b0410,,,,,,,,,,
NC_000913.3,RefSeq,gene,431129,432013,,-,,885,gene-b0411,"ECOCYC:EG11035,GeneID:946242",,tsx,Gene,,,,,tsx,protein_coding,"ECK0405,nupA,T6rec",b0411,,,,,,,,,,
NC_000913.3,RefSeq,gene,432312,432851,,-,,540,gene-b0412,"ECOCYC:EG12874,GeneID:947233",,yajI,Gene,,,,,yajI,protein_coding,ECK0406,b0412,,,,,,,,,,
NC_000913.3,RefSeq,gene,433002,433451,,+,,450,gene-b0413,"ECOCYC:EG11320,GeneID:947437",,nrdR,Gene,,,,,nrdR,protein_coding,"ECK0407,ybaD",b0413,,,,,,,,,,
NC_000913.3,RefSeq,gene,433455,434558,,+,,1104,gene-b0414,"ECOCYC:EG11321,GeneID:945620",,ribD,Gene,,,,,ribD,protein_coding,"ECK0408,nusII,ribG,ybaE",b0414,,,,,,,,,,
NC_000913.3,RefSeq,gene,434647,435117,,+,,471,gene-b0415,"ECOCYC:EG11322,GeneID:946453",,ribE,Gene,,,,,ribE,protein_coding,"ECK0409,nusIII,ribH,ybaF",b0415,,,,,,,,,,
NC_000913.3,RefSeq,gene,435137,435556,,+,,420,gene-b0416,"ECOCYC:EG10666,GeneID:945054",,nusB,Gene,,,,,nusB,protein_coding,"ECK0410,groNB,ssaD,ssyB",b0416,,,,,,,,,,
NC_000913.3,RefSeq,gene,435634,436611,,+,,978,gene-b0417,"ECOCYC:G6234,GeneID:947387",,thiL,Gene,,,,,thiL,protein_coding,"ECK0411,thiJ",b0417,,,,,,,,,,
NC_000913.3,RefSeq,gene,436589,437107,,+,,519,gene-b0418,"ECOCYC:EG10704,GeneID:947542",,pgpA,Gene,,,,,pgpA,protein_coding,"ECK0412,yajN",b0418,,,,,,,,,,
NC_000913.3,RefSeq,gene,437161,438135,,-,,975,gene-b0419,"ECOCYC:G6236,GeneID:946903",,yajO,Gene,,,,,yajO,protein_coding,ECK0413,b0419,,,,,,,,,,
NC_000913.3,RefSeq,gene,438315,440177,,-,,1863,gene-b0420,"ECOCYC:G6237,GeneID:945060",,dxs,Gene,,,,,dxs,protein_coding,"ECK0414,yajP",b0420,,,,,,,,,,
NC_000913.3,RefSeq,gene,440202,441101,,-,,900,gene-b0421,"ECOCYC:EG10508,GeneID:945064",,ispA,Gene,,,,,ispA,protein_coding,ECK0415,b0421,,,,,,,,,,
NC_000913.3,RefSeq,gene,441101,441343,,-,,243,gene-b0422,"ECOCYC:EG11098,GeneID:945069",,xseB,Gene,,,,,xseB,protein_coding,"ECK0416,yajE",b0422,,,,,,,,,,
NC_000913.3,RefSeq,gene,441549,442997,,+,,1449,gene-b0423,"ECOCYC:G6238,GeneID:945067",,thiI,Gene,,,,,thiI,protein_coding,"ECK0417,nuvA,yajK",b0423,,,,,,,,,,
NC_000913.3,RefSeq,gene,443051,443641,,-,,591,gene-b0424,"ECOCYC:G198,GeneID:945066",,yajL,Gene,,,,,yajL,protein_coding,"ECK0418,thiJ",b0424,,,,,,,,,,
NC_000913.3,RefSeq,gene,443604,444515,,-,,912,gene-b0425,"ECOCYC:G6239,GeneID:945065",,panE,Gene,,,,,panE,protein_coding,"apbA,ECK0419",b0425,,,,,,,,,,
NC_000913.3,RefSeq,gene,444683,445174,,+,,492,gene-b0426,"ECOCYC:G6240,GeneID:945063",,yajQ,Gene,,,,,yajQ,protein_coding,ECK0420,b0426,,,,,,,,,,
NC_000913.3,RefSeq,gene,445302,446666,,-,,1365,gene-b0427,"ECOCYC:G6241,GeneID:945058",,yajR,Gene,,,,,yajR,protein_coding,ECK0421,b0427,,,,,,,,,,
NC_000913.3,RefSeq,gene,446815,447705,,-,,891,gene-b0428,"ECOCYC:EG10182,GeneID:945073",,cyoE,Gene,,,,,cyoE,protein_coding,ECK0422,b0428,,,,,,,,,,
NC_000913.3,RefSeq,gene,447717,448046,,-,,330,gene-b0429,"ECOCYC:EG10181,GeneID:944918",,cyoD,Gene,,,,,cyoD,protein_coding,ECK0423,b0429,,,,,,,,,,
NC_000913.3,RefSeq,gene,448046,448660,,-,,615,gene-b0430,"ECOCYC:EG10180,GeneID:946897",,cyoC,Gene,,,,,cyoC,protein_coding,ECK0424,b0430,,,,,,,,,,
NC_000913.3,RefSeq,gene,448650,450641,,-,,1992,gene-b0431,"ECOCYC:EG10179,GeneID:945615",,cyoB,Gene,,,,,cyoB,protein_coding,ECK0425,b0431,,,,,,,,,,
NC_000913.3,RefSeq,gene,450663,451610,,-,,948,gene-b0432,"ECOCYC:EG10178,GeneID:945080",,cyoA,Gene,,,,,cyoA,protein_coding,ECK0426,b0432,,,,,,,,,,
NC_000913.3,RefSeq,gene,452070,453545,,-,,1476,gene-b0433,"ECOCYC:EG12183,GeneID:946438",,ampG,Gene,,,,,ampG,protein_coding,ECK0427,b0433,,,,,,,,,,
NC_000913.3,RefSeq,gene,453589,454167,,-,,579,gene-b0434,"ECOCYC:EG12182,GeneID:945521",,yajG,Gene,,,,,yajG,protein_coding,ECK0428,b0434,,,,,,,,,,
NC_000913.3,RefSeq,gene,454472,454789,,+,,318,gene-b0435,"ECOCYC:EG10125,GeneID:947043",,bolA,Gene,,,,,bolA,protein_coding,ECK0429,b0435,,,,,,,,,,
NC_000913.3,RefSeq,gene,455133,456431,,+,,1299,gene-b0436,"ECOCYC:EG11003,GeneID:945081",,tig,Gene,,,,,tig,protein_coding,ECK0430,b0436,,,,,,,,,,
NC_000913.3,RefSeq,gene,456677,457300,,+,,624,gene-b0437,"ECOCYC:EG10158,GeneID:945082",,clpP,Gene,,,,,clpP,protein_coding,"ECK0431,lopP",b0437,,,,,,,,,,
NC_000913.3,RefSeq,gene,457426,458700,,+,,1275,gene-b0438,"ECOCYC:EG10159,GeneID:945083",,clpX,Gene,,,,,clpX,protein_coding,"ECK0432,lopC",b0438,,,,,,,,,,
NC_000913.3,RefSeq,gene,458888,461242,,+,,2355,gene-b0439,"ECOCYC:EG10542,GeneID:945085",,lon,Gene,,,,,lon,protein_coding,"capR,deg,dir,ECK0433,lopA,muc",b0439,,,,,,,,,,
NC_000913.3,RefSeq,gene,461451,461723,,+,,273,gene-b0440,"ECOCYC:EG10467,GeneID:949095",,hupB,Gene,,,,,hupB,protein_coding,"dbhB,dpeA,ECK0434,hopD",b0440,,,,,,,,,,
NC_000913.3,RefSeq,gene,461915,463786,,+,,1872,gene-b0441,"ECOCYC:G6242,GeneID:946056",,ppiD,Gene,,,,,ppiD,protein_coding,"ECK0435,ybaU",b0441,,,,,,,,,,
NC_000913.3,RefSeq,gene,463937,464308,,+,,372,gene-b0442,"ECOCYC:G6243,GeneID:945884",,ybaV,Gene,,,,,ybaV,protein_coding,"comEA,ECK0436",b0442,,,,,,,,,,
NC_000913.3,RefSeq,gene,464402,464800,,+,,399,gene-b0443,"ECOCYC:G6244,GeneID:945812",,fadM,Gene,,,,,fadM,protein_coding,"ECK0437,tesC,ybaW",b0443,,,,,,,,,,
NC_000913.3,RefSeq,gene,464852,465547,,-,,696,gene-b0444,"ECOCYC:G6245,GeneID:947034",,queC,Gene,,,,,queC,protein_coding,"ECK0438,ybaX",b0444,,,,,,,,,,
NC_000913.3,RefSeq,gene,465612,467312,,-,,1701,gene-b0445,"ECOCYC:EG13217,GeneID:949093",,ybaE,Gene,,,,,ybaE,protein_coding,ECK0439,b0445,,,,,,,,,,
NC_000913.3,RefSeq,gene,467412,468230,,+,,819,gene-b0446,"ECOCYC:G6246,GeneID:945089",,cof,Gene,,,,,cof,protein_coding,ECK0440,b0446,,,,,,,,,,
NC_000913.3,RefSeq,gene,468383,468841,,+,,459,gene-b0447,"ECOCYC:G6247,GeneID:945091",,decR,Gene,,,,,decR,protein_coding,"cyuR,ECK0441,ybaO",b0447,,,,,,,,,,
NC_000913.3,RefSeq,gene,468871,470643,,+,,1773,gene-b0448,"ECOCYC:G6248,GeneID:945092",,mdlA,Gene,,,,,mdlA,protein_coding,"ECK0442,mdl",b0448,,,,,,,,,,
NC_000913.3,RefSeq,gene,470636,472417,,+,,1782,gene-b0449,"ECOCYC:EG11622,GeneID:945088",,mdlB,Gene,,,,,mdlB,protein_coding,"ECK0443,mdl",b0449,,,,,,,,,,
NC_000913.3,RefSeq,gene,472598,472936,,+,,339,gene-b0450,"ECOCYC:EG12191,GeneID:945087",,glnK,Gene,,,,,glnK,protein_coding,"ECK0444,ybaI",b0450,,,,,,,,,,
NC_000913.3,RefSeq,gene,472966,474252,,+,,1287,gene-b0451,"ECOCYC:EG11821,GeneID:945084",,amtB,Gene,,,,,amtB,protein_coding,"ECK0445,ybaG",b0451,,,,,,,,,,
NC_000913.3,RefSeq,gene,474301,475161,,-,,861,gene-b0452,"ECOCYC:EG10995,GeneID:945074",,tesB,Gene,,,,,tesB,protein_coding,ECK0446,b0452,,,,,,,,,,
NC_000913.3,RefSeq,gene,475379,475951,,+,,573,gene-b0453,"ECOCYC:G6250,GeneID:945070",,ybaY,Gene,,,,,ybaY,protein_coding,ECK0447,b0453,,,,,,,,,,
NC_000913.3,RefSeq,gene,475982,476371,,-,,390,gene-b0454,"ECOCYC:G6251,GeneID:945094",,ybaZ,Gene,,,,,ybaZ,protein_coding,"atl,ECK0448",b0454,,,,,,,,,,
NC_000913.3,RefSeq,gene,476448,476561,,+,,114,gene-b0455,"ECOCYC:EG30027,GeneID:944909",,ffs,Gene,,,,,ffs,ncRNA,ECK0449,b0455,,,,,,,,,,
NC_000913.3,RefSeq,gene,476672,477025,,+,,354,gene-b0456,"ECOCYC:EG11099,GeneID:948863",,ybaA,Gene,,,,,ybaA,protein_coding,ECK0450,b0456,,,,,,,,,,
NC_000913.3,RefSeq,gene,477067,478617,,-,,1551,gene-b0457,"ECOCYC:G6252,GeneID:948951",,pdeB,Gene,,,,,pdeB,protein_coding,"ECK0451,ylaB",b0457,,,,,,,,,,
NC_000913.3,RefSeq,gene,478781,479251,,-,,471,gene-b0458,"ECOCYC:G6253,GeneID:948876",,ylaC,Gene,,,,,ylaC,protein_coding,ECK0452,b0458,,,,,,,,,,
NC_000913.3,RefSeq,gene,479367,479918,,-,,552,gene-b0459,"ECOCYC:G58,GeneID:945096",,maa,Gene,,,,,maa,protein_coding,"ECK0453,ylaD",b0459,,,,,,,,,,
NC_000913.3,RefSeq,gene,480090,480308,,-,,219,gene-b0460,"ECOCYC:EG10439,GeneID:945098",,hha,Gene,,,,,hha,protein_coding,ECK0454,b0460,,,,,,,,,,
NC_000913.3,RefSeq,gene,480334,480708,,-,,375,gene-b0461,"ECOCYC:EG12429,GeneID:945106",,tomB,Gene,,,,,tomB,protein_coding,"ECK0455,ybaJ",b0461,,,,,,,,,,
NC_000913.3,RefSeq,gene,481254,484403,,-,,3150,gene-b0462,"ECOCYC:EG11704,GeneID:945108",,acrB,Gene,,,,,acrB,protein_coding,"acrE,ECK0456",b0462,,,,,,,,,,
NC_000913.3,RefSeq,gene,484426,485619,,-,,1194,gene-b0463,"ECOCYC:EG11703,GeneID:945112",,acrA,Gene,,,,,acrA,protein_coding,"ECK0457,lir,Mb,mbl,mtcA,nbsA,sipB",b0463,,,,,,,,,,
NC_000913.3,RefSeq,gene,485761,486408,,+,,648,gene-b0464,"ECOCYC:EG12116,GeneID:945516",,acrR,Gene,,,,,acrR,protein_coding,"ECK0458,ybaH",b0464,,,,,,,,,,
NC_000913.3,RefSeq,gene,486536,489898,,+,,3363,gene-b0465,"ECOCYC:G6255,GeneID:945132",,mscK,Gene,,,,,mscK,protein_coding,"aefA,ECK0459,kefA",b0465,,,,,,,,,,
NC_000913.3,RefSeq,gene,490110,490271,,-,,162,gene-b0466,"ECOCYC:EG12830,GeneID:945144",,ybaM,Gene,,,,,ybaM,protein_coding,ECK0460,b0466,,,,,,,,,,
NC_000913.3,RefSeq,gene,490285,490812,,-,,528,gene-b0467,"ECOCYC:EG10765,GeneID:945071",,priC,Gene,,,,,priC,protein_coding,ECK0461,b0467,,,,,,,,,,
NC_000913.3,RefSeq,gene,490882,491259,,+,,378,gene-b0468,"ECOCYC:EG12843,GeneID:945558",,ybaN,Gene,,,,,ybaN,protein_coding,ECK0462,b0468,,,,,,,,,,
NC_000913.3,RefSeq,gene,491412,491963,,+,,552,gene-b0469,"ECOCYC:EG10051,GeneID:945113",,apt,Gene,,,,,apt,protein_coding,ECK0463,b0469,,,,,,,,,,
NC_000913.3,RefSeq,gene,492092,494023,,+,,1932,gene-b0470,"ECOCYC:EG10245,GeneID:945105",,dnaX,Gene,,,,,dnaX,protein_coding,"dnaZ,ECK0464",b0470,,,,,,,,,,
NC_000913.3,RefSeq,gene,494076,494405,,+,,330,gene-b0471,"ECOCYC:EG11100,GeneID:945104",,ybaB,Gene,,,,,ybaB,protein_coding,ECK0465,b0471,,,,,,,,,,
NC_000913.3,RefSeq,gene,494405,495010,,+,,606,gene-b0472,"ECOCYC:EG10834,GeneID:945100",,recR,Gene,,,,,recR,protein_coding,ECK0466,b0472,,,,,,,,,,
NC_000913.3,RefSeq,gene,495120,496994,,+,,1875,gene-b0473,"ECOCYC:EG10461,GeneID:945099",,htpG,Gene,,,,,htpG,protein_coding,ECK0467,b0473,,,,,,,,,,
NC_000913.3,RefSeq,gene,497175,497819,,+,,645,gene-b0474,"ECOCYC:EG10032,GeneID:945097",,adk,Gene,,,,,adk,protein_coding,"dnaW,ECK0468,plsA",b0474,,,,,,,,,,
NC_000913.3,RefSeq,gene,498055,499017,,+,,963,gene-b0475,"ECOCYC:EG10431,GeneID:947532",,hemH,Gene,,,,,hemH,protein_coding,"ECK0469,popA,visA",b0475,,,,,,,,,,
NC_000913.3,RefSeq,gene,499014,499973,,-,,960,gene-b0476,"ECOCYC:EG11101,GeneID:947514",,aes,Gene,,,,,aes,protein_coding,"ECK0470,ybaC",b0476,,,,,,,,,,
NC_000913.3,RefSeq,gene,500125,501429,,+,,1305,gene-b0477,"ECOCYC:EG11102,GeneID:946584",,gsk,Gene,,,,,gsk,protein_coding,ECK0471,b0477,,,,,,,,,,
NC_000913.3,RefSeq,gene,501562,503238,,-,,1677,gene-b0478,"ECOCYC:EG12623,GeneID:946576",,ybaL,Gene,,,,,ybaL,protein_coding,"ECK0472,ylaA",b0478,,,,,,,,,,
NC_000913.3,RefSeq,gene,503476,504696,,-,,1221,gene-b0479,"ECOCYC:G6256,GeneID:945119",,fsr,Gene,,,,,fsr,protein_coding,ECK0473,b0479,,,,,,,,,,
NC_000913.3,RefSeq,gene,504914,506566,,+,,1653,gene-b0480,"ECOCYC:EG11060,GeneID:947331",,ushA,Gene,,,,,ushA,protein_coding,ECK0474,b0480,,,,,,,,,,
NC_000913.3,RefSeq,gene,506603,507082,,-,,480,gene-b0481,"ECOCYC:EG12454,GeneID:947083",,ybaK,Gene,,,,,ybaK,protein_coding,ECK0475,b0481,,,,,,,,,,
NC_000913.3,RefSeq,gene,507204,507287,,+,,84,gene-b4585,"ECOCYC:G0-9382,GeneID:5061500",,chiX,Gene,,,,,chiX,ncRNA,"ECK4396,micM,rybC,sroB",b4585,,,,,,,,,,
NC_000913.3,RefSeq,gene,507286,508080,,-,,795,gene-b0482,"ECOCYC:G6258,GeneID:945124",,ybaP,Gene,,,,,ybaP,protein_coding,ECK0476,b0482,,,,,,,,,,
NC_000913.3,RefSeq,gene,508218,508559,,+,,342,gene-b0483,"ECOCYC:G6259,GeneID:948800",,ybaQ,Gene,,,,,ybaQ,protein_coding,ECK0477,b0483,,,,,,,,,,
NC_000913.3,RefSeq,gene,508875,511379,,-,,2505,gene-b0484,"ECOCYC:G6260,GeneID:946106",,copA,Gene,,,,,copA,protein_coding,"ECK0478,ybaR",b0484,,,,,,,,,,
NC_000913.3,RefSeq,gene,511641,512573,,+,,933,gene-b0485,"ECOCYC:G6261,GeneID:946187",,glsA,Gene,,,,,glsA,protein_coding,"ECK0479,ybaS",b0485,,,,,,,,,,
NC_000913.3,RefSeq,gene,512576,513868,,+,,1293,gene-b0486,"ECOCYC:G6262,GeneID:945363",,ybaT,Gene,,,,,ybaT,protein_coding,ECK0480,b0486,,,,,,,,,,
NC_000913.3,RefSeq,gene,513993,514400,,+,,408,gene-b0487,"ECOCYC:G6263,GeneID:945332",,cueR,Gene,,,,,cueR,protein_coding,"copR,ECK0481,ybbI",b0487,,,,,,,,,,
NC_000913.3,RefSeq,gene,514401,514859,,-,,459,gene-b0488,"ECOCYC:G6264,GeneID:945126",,ybbJ,Gene,,,,,ybbJ,protein_coding,ECK0482,b0488,,,,,,,,,,
NC_000913.3,RefSeq,gene,514856,515773,,-,,918,gene-b0489,"ECOCYC:G6265,GeneID:947257",,qmcA,Gene,,,,,qmcA,protein_coding,"ECK0483,ybbK",b0489,,,,,,,,,,
NC_000913.3,RefSeq,gene,515919,516596,,+,,678,gene-b0490,"ECOCYC:G6266,GeneID:946990",,fetA,Gene,,,,,fetA,protein_coding,"ECK0484,ybbL",b0490,,,,,,,,,,
NC_000913.3,RefSeq,gene,516583,517362,,+,,780,gene-b0491,"ECOCYC:G6267,GeneID:945137",,fetB,Gene,,,,,fetB,protein_coding,"ECK0485,ybbM",b0491,,,,,,,,,,
NC_000913.3,RefSeq,gene,517425,518279,,-,,855,gene-b0492,"ECOCYC:G6268,GeneID:947119",,cnoX,Gene,,,,,cnoX,protein_coding,"ECK0486,ybbN",b0492,,,,,,,,,,
NC_000913.3,RefSeq,gene,518340,519149,,-,,810,gene-b0493,"ECOCYC:G6269,GeneID:945337",,ybbO,Gene,,,,,ybbO,protein_coding,ECK0487,b0493,,,,,,,,,,
NC_000913.3,RefSeq,gene,519139,519765,,-,,627,gene-b0494,"ECOCYC:EG11542,GeneID:945127",,tesA,Gene,,,,,tesA,protein_coding,"apeA,ECK0488,pldC",b0494,,,,,,,,,,
NC_000913.3,RefSeq,gene,519733,520419,,+,,687,gene-b0495,"ECOCYC:EG11657,GeneID:945122",,ybbA,Gene,,,,,ybbA,protein_coding,ECK0489,b0495,,,,,,,,,,
NC_000913.3,RefSeq,gene,520416,522830,,+,,2415,gene-b0496,"ECOCYC:G6270,GeneID:945118",,ybbP,Gene,,,,,ybbP,protein_coding,ECK0490,b0496,,,,,,,,,,
NC_000913.3,RefSeq,gene,523261,527541,,+,,4281,gene-b0497,"ECOCYC:EG10849,GeneID:945116",,rhsD,Gene,,,,,rhsD,protein_coding,ECK0491,b0497,,,,,,,,,,
NC_000913.3,RefSeq,gene,527581,527949,,+,,369,gene-b0498,"ECOCYC:EG11769,GeneID:945115",,ybbC,Gene,,,,,ybbC,protein_coding,ECK0492,b0498,,,,,,,,,,
NC_000913.3,RefSeq,gene,529645,530016,,-,,372,gene-b0502,"ECOCYC:G6273,GeneID:946803",,ylbG,Gene,,,,,ylbG,protein_coding,ECK0495,b0502,,,,,,,,,,
NC_000913.3,RefSeq,gene,530132,531226,,-,,1095,gene-b0503,"ECOCYC:EG11768,GeneID:947063",,selU,Gene,,,,,selU,protein_coding,"ECK0496,mnmH,ybbB",b0503,,,,,,,,,,
NC_000913.3,RefSeq,gene,531295,532221,,-,,927,gene-b0504,"ECOCYC:G6274,GeneID:945139",,allS,Gene,,,,,allS,protein_coding,"ECK0497,glxA1,ybbS",b0504,,,,,,,,,,
NC_000913.3,RefSeq,gene,532451,532933,,+,,483,gene-b0505,"ECOCYC:G6275,GeneID:945141",,allA,Gene,,,,,allA,protein_coding,"ECK0498,glxA2,ybbT",b0505,,,,,,,,,,
NC_000913.3,RefSeq,gene,533011,533826,,+,,816,gene-b0506,"ECOCYC:G6276,GeneID:945333",,allR,Gene,,,,,allR,protein_coding,"ECK0499,glxA3,ybbU",b0506,,,,,,,,,,
NC_000913.3,RefSeq,gene,533629,533863,,+,,235,gene-b4831,"ECOCYC:G0-17106,GeneID:71004554",,allZ,Gene,,,,,allZ,ncRNA,ECK4688,b4831,,,,,,,,,,
NC_000913.3,RefSeq,gene,533916,535697,,+,,1782,gene-b0507,"ECOCYC:EG11583,GeneID:945394",,gcl,Gene,,,,,gcl,protein_coding,ECK0500,b0507,,,,,,,,,,
NC_000913.3,RefSeq,gene,535710,536486,,+,,777,gene-b0508,"ECOCYC:G6277,GeneID:946186",,hyi,Gene,,,,,hyi,protein_coding,"ECK0501,gip,ybbG",b0508,,,,,,,,,,
NC_000913.3,RefSeq,gene,536586,537464,,+,,879,gene-b0509,"ECOCYC:G6278,GeneID:945146",,glxR,Gene,,,,,glxR,protein_coding,"ECK0502,glxB1,ybbQ",b0509,,,,,,,,,,
NC_000913.3,RefSeq,gene,537633,539087,,+,,1455,gene-b0511,"ECOCYC:G6280,GeneID:945138",,allW,Gene,,,,,allW,protein_coding,"allP,ECK0504,glxB2,ybbW",b0511,,,,,,,,,,
NC_000913.3,RefSeq,gene,539147,540508,,+,,1362,gene-b0512,"ECOCYC:G6281,GeneID:945134",,allB,Gene,,,,,allB,protein_coding,"ECK0505,glxB3,ybbX",b0512,,,,,,,,,,
NC_000913.3,RefSeq,gene,540565,541866,,+,,1302,gene-b0513,"ECOCYC:G6282,GeneID:945131",,ybbY,Gene,,,,,ybbY,protein_coding,"ECK0506,glxB4",b0513,,,,,,,,,,
NC_000913.3,RefSeq,gene,541888,543033,,+,,1146,gene-b0514,"ECOCYC:G6283,GeneID:945129",,glxK,Gene,,,,,glxK,protein_coding,"ECK0507,glxB5,ybbZ",b0514,,,,,,,,,,
NC_000913.3,RefSeq,gene,543261,544046,,-,,786,gene-b0515,"ECOCYC:G6284,GeneID:945149",,allE,Gene,,,,,allE,protein_coding,"ECK0508,glxB6,ughY,ylbA",b0515,,,,,,,,,,
NC_000913.3,RefSeq,gene,544057,545292,,-,,1236,gene-b0516,"ECOCYC:G6285,GeneID:945150",,allC,Gene,,,,,allC,protein_coding,"ECK0509,glxB7,ylbB",b0516,,,,,,,,,,
NC_000913.3,RefSeq,gene,545314,546363,,-,,1050,gene-b0517,"ECOCYC:G6286,GeneID:948342",,allD,Gene,,,,,allD,protein_coding,"ECK0510,glxB8,ylbC",b0517,,,,,,,,,,
NC_000913.3,RefSeq,gene,546680,548347,,+,,1668,gene-b0518,"ECOCYC:G6287,GeneID:946298",,fdrA,Gene,,,,,fdrA,protein_coding,"ECK0511,ylbD",b0518,,,,,,,,,,
NC_000913.3,RefSeq,gene,548357,549616,,+,,1260,gene-b4572,"ECOCYC:G6288,GeneID:4056025",,ylbE,Gene,,,,,ylbE,protein_coding,"b0519,b4507,ECK0512,G0-10554",b4572,,,,,,,,,,
NC_000913.3,RefSeq,gene,549627,550442,,+,,816,gene-b0520,"ECOCYC:G6289,GeneID:945195",,ylbF,Gene,,,,,ylbF,protein_coding,ECK0513,b0520,,,,,,,,,,
NC_000913.3,RefSeq,gene,550439,551332,,+,,894,gene-b0521,"ECOCYC:EG12384,GeneID:944972",,ybcF,Gene,,,,,ybcF,protein_coding,"arcC,ECK0514",b0521,,,,,,,,,,
NC_000913.3,RefSeq,gene,551527,552594,,-,,1068,gene-b0522,"ECOCYC:EG10796,GeneID:945153",,purK,Gene,,,,,purK,protein_coding,"ECK0515,purE2",b0522,,,,,,,,,,
NC_000913.3,RefSeq,gene,552591,553100,,-,,510,gene-b0523,"ECOCYC:EG10793,GeneID:949031",,purE,Gene,,,,,purE,protein_coding,"ade,ade(f),ade3,ECK0516,Pur2",b0523,,,,,,,,,,
NC_000913.3,RefSeq,gene,553218,553940,,-,,723,gene-b0524,"ECOCYC:EG12666,GeneID:949053",,lpxH,Gene,,,,,lpxH,protein_coding,"ECK0517,ybbF",b0524,,,,,,,,,,
NC_000913.3,RefSeq,gene,553943,554437,,-,,495,gene-b0525,"ECOCYC:EG10758,GeneID:949038",,ppiB,Gene,,,,,ppiB,protein_coding,ECK0518,b0525,,,,,,,,,,
NC_000913.3,RefSeq,gene,554611,555996,,+,,1386,gene-b0526,"ECOCYC:EG10196,GeneID:946969",,cysS,Gene,,,,,cysS,protein_coding,"ECK0519,syc",b0526,,,,,,,,,,
NC_000913.3,RefSeq,gene,556032,556553,,-,,522,gene-b0527,"ECOCYC:EG12708,GeneID:945155",,ybcI,Gene,,,,,ybcI,protein_coding,ECK0520,b0527,,,,,,,,,,
NC_000913.3,RefSeq,gene,556661,556873,,-,,213,gene-b0528,"ECOCYC:EG12879,GeneID:945158",,ybcJ,Gene,,,,,ybcJ,protein_coding,ECK0521,b0528,,,,,,,,,,
NC_000913.3,RefSeq,gene,556875,557741,,-,,867,gene-b0529,"ECOCYC:EG10328,GeneID:945221",,folD,Gene,,,,,folD,protein_coding,"ads,ECK0522",b0529,,,,,,,,,,
NC_000913.3,RefSeq,gene,558212,558754,,+,,543,gene-b0530,"ECOCYC:G6290,GeneID:945522",,sfmA,Gene,,,,,sfmA,protein_coding,ECK0523,b0530,,,,,,,,,,
NC_000913.3,RefSeq,gene,558974,559666,,+,,693,gene-b0531,"ECOCYC:G6291,GeneID:945367",,sfmC,Gene,,,,,sfmC,protein_coding,ECK0524,b0531,,,,,,,,,,
NC_000913.3,RefSeq,gene,559697,562300,,+,,2604,gene-b0532,"ECOCYC:G6292,GeneID:945160",,sfmD,Gene,,,,,sfmD,protein_coding,ECK0525,b0532,,,,,,,,,,
NC_000913.3,RefSeq,gene,562336,563319,,+,,984,gene-b0533,"ECOCYC:G6293,GeneID:945407",,sfmH,Gene,,,,,sfmH,protein_coding,ECK0526,b0533,,,,,,,,,,
NC_000913.3,RefSeq,gene,563330,563845,,+,,516,gene-b0534,"ECOCYC:EG12388,GeneID:944977",,sfmF,Gene,,,,,sfmF,protein_coding,"ECK0527,ybcG",b0534,,,,,,,,,,
NC_000913.3,RefSeq,gene,563848,564480,,-,,633,gene-b0535,"ECOCYC:EG11103,GeneID:947079",,fimZ,Gene,,,,,fimZ,protein_coding,"ECK0528,ybcA",b0535,,,,,,,,,,
NC_000913.3,RefSeq,gene,564723,564799,,+,,77,gene-b0536,"ECOCYC:EG30014,GeneID:945161",,argU,Gene,,,,,argU,tRNA,"dnaY,ECK0529,pin",b0536,,,,,,,,,,
NC_000913.3,RefSeq,gene,564815,565978,,-,,1164,gene-b0537,"ECOCYC:EG10507,GeneID:947162",,intD,Gene,,,,,intD,protein_coding,"ECK0530,int",b0537,,,,,,,,,,
NC_000913.3,RefSeq,gene,566842,567141,,+,,300,gene-b0540,"ECOCYC:G6296,GeneID:945759",,insE3,Gene,,,,,insE3,protein_coding,ECK0298,b0540,,,,,,,,,,
NC_000913.3,RefSeq,gene,567138,568004,,+,,867,gene-b0541,"ECOCYC:G6297,GeneID:947988",,insF3,Gene,,,,,insF3,protein_coding,"ECK0299,tra5-2",b0541,,,,,,,,,,
NC_000913.3,RefSeq,gene,568315,568647,,+,,333,gene-b0543,"ECOCYC:EG10629,GeneID:948442",,emrE,Gene,,,,,emrE,protein_coding,"eb,ECK0534,mvrC",b0543,,,,,,,,,,
NC_000913.3,RefSeq,gene,568695,568844,,+,,150,gene-b4733,"ECOCYC:G0-16728,GeneID:38094943",,ylcJ,Gene,,,,,ylcJ,protein_coding,ECK4590,b4733,,,,,,,,,,
NC_000913.3,RefSeq,gene,568902,570428,,+,,1527,gene-b0544,"ECOCYC:G6300,GeneID:945166",,ybcK,Gene,,,,,ybcK,protein_coding,ECK0535,b0544,,,,,,,,,,
NC_000913.3,RefSeq,gene,570893,571444,,+,,552,gene-b0545,"ECOCYC:G6301,GeneID:945165",,ybcL,Gene,,,,,ybcL,protein_coding,ECK0536,b0545,,,,,,,,,,
NC_000913.3,RefSeq,gene,571454,572251,,+,,798,gene-b0546,"ECOCYC:G6302,GeneID:945163",,ybcM,Gene,,,,,ybcM,protein_coding,ECK0537,b0546,,,,,,,,,,
NC_000913.3,RefSeq,gene,572368,572469,,+,,102,gene-b4588,"ECOCYC:G0-10584,GeneID:5061504",,ylcH,Gene,,,,,ylcH,protein_coding,ECK4398,b4588,,,,,,,,,,
NC_000913.3,RefSeq,gene,572466,572921,,+,,456,gene-b0547,"ECOCYC:G6303,GeneID:945162",,ybcN,Gene,,,,,ybcN,protein_coding,ECK0538,b0547,,,,,,,,,,
NC_000913.3,RefSeq,gene,572921,573091,,+,,171,gene-b0548,"ECOCYC:G6304,GeneID:945151",,ninE,Gene,,,,,ninE,protein_coding,ECK0539,b0548,,,,,,,,,,
NC_000913.3,RefSeq,gene,573084,573374,,+,,291,gene-b0549,"ECOCYC:G6305,GeneID:945147",,ybcO,Gene,,,,,ybcO,protein_coding,ECK0540,b0549,,,,,,,,,,
NC_000913.3,RefSeq,gene,573371,573733,,+,,363,gene-b0550,"ECOCYC:G6306,GeneID:945174",,rusA,Gene,,,,,rusA,protein_coding,"ECK0541,rus,ybcP",b0550,,,,,,,,,,
NC_000913.3,RefSeq,gene,573730,573870,,+,,141,gene-b4509,"ECOCYC:G0-10435,GeneID:1450240",,ylcG,Gene,,,,,ylcG,protein_coding,ECK0542,b4509,,,,,,,,,,
NC_000913.3,RefSeq,gene,573956,574339,,+,,384,gene-b0551,"ECOCYC:G6307,GeneID:945177",,quuD,Gene,,,,,quuD,protein_coding,"ECK0543,ybcQ",b0551,,,,,,,,,,
NC_000913.3,RefSeq,gene,574737,575717,,-,,981,gene-b0552,"ECOCYC:G6308,GeneID:946163",,insH2,Gene,,,,,insH2,protein_coding,"ECK0261,trs5-2,yi52_2",b0552,,,,,,,,,,
NC_000913.3,RefSeq,gene,577398,577613,,+,,216,gene-b0554,"ECOCYC:G6309,GeneID:947545",,essD,Gene,,,,,essD,protein_coding,"ECK0545,vlyS,ybcR",b0554,,,,,,,,,,
NC_000913.3,RefSeq,gene,577613,578110,,+,,498,gene-b0555,"ECOCYC:G6310,GeneID:947539",,rrrD,Gene,,,,,rrrD,protein_coding,"ECK0546,lycV,ybcS",b0555,,,,,,,,,,
NC_000913.3,RefSeq,gene,578107,578568,,+,,462,gene-b0556,"ECOCYC:G6311,GeneID:945929",,rzpD,Gene,,,,,rzpD,protein_coding,"ECK0547,ybcT",b0556,,,,,,,,,,
NC_000913.3,RefSeq,gene,578327,578509,,+,,183,gene-b4510,"ECOCYC:G0-10436,GeneID:1450242",,rzoD,Gene,,,,,rzoD,protein_coding,ECK0548,b4510,,,,,,,,,,
NC_000913.3,RefSeq,gene,578600,578893,,-,,294,gene-b0557,"ECOCYC:G6312,GeneID:948980",,borD,Gene,,,,,borD,protein_coding,"bor,ECK0549,iss,vboR,ybcU",b0557,,,,,,,,,,
NC_000913.3,RefSeq,gene,579184,579594,,-,,411,gene-b0558,"ECOCYC:G6313,GeneID:945178",,ybcV,Gene,,,,,ybcV,protein_coding,ECK0550,b0558,,,,,,,,,,
NC_000913.3,RefSeq,gene,579880,580086,,+,,207,gene-b0559,"ECOCYC:G6314,GeneID:945175",,ybcW,Gene,,,,,ybcW,protein_coding,ECK0551,b0559,,,,,,,,,,
NC_000913.3,RefSeq,gene,580251,580445,,-,,195,gene-b4589,"ECOCYC:G0-10585,GeneID:5061499",,ylcI,Gene,,,,,ylcI,protein_coding,ECK4399,b4589,,,,,,,,,,
NC_000913.3,RefSeq,gene,580834,581379,,+,,546,gene-b0560,"ECOCYC:EG11635,GeneID:945172",,nohD,Gene,,,,,nohD,protein_coding,"ECK0552,nohB",b0560,,,,,,,,,,
NC_000913.3,RefSeq,gene,581534,582097,,+,,564,gene-b0561,"ECOCYC:G6315,GeneID:945171",,tfaD,Gene,,,,,tfaD,protein_coding,"ECK0553,ybcX",b0561,,,,,,,,,,
NC_000913.3,RefSeq,gene,582875,583060,,+,,186,gene-b0563,"ECOCYC:G6317,GeneID:945183",,tfaX,Gene,,,,,tfaX,protein_coding,"ECK0555,ylcE",b0563,,,,,,,,,,
NC_000913.3,RefSeq,gene,583681,584430,,+,,750,gene-b0564,"ECOCYC:EG10050,GeneID:948797",,appY,Gene,,,,,appY,protein_coding,ECK0556,b0564,,,,,,,,,,
NC_000913.3,RefSeq,gene,584680,585633,,-,,954,gene-b0565,"ECOCYC:EG10673,GeneID:945185",,ompT,Gene,,,,,ompT,protein_coding,ECK0557,b0565,,,,,,,,,,
NC_000913.3,RefSeq,gene,586147,586908,,-,,762,gene-b0566,"ECOCYC:EG10268,GeneID:949114",,envY,Gene,,,,,envY,protein_coding,ECK0558,b0566,,,,,,,,,,
NC_000913.3,RefSeq,gene,587091,587981,,-,,891,gene-b0567,"ECOCYC:EG12448,GeneID:945186",,ybcH,Gene,,,,,ybcH,protein_coding,ECK0559,b0567,,,,,,,,,,
NC_000913.3,RefSeq,gene,587982,590954,,-,,2973,gene-b0568,"ECOCYC:EG11740,GeneID:944741",,nfrA,Gene,,,,,nfrA,protein_coding,ECK0560,b0568,,,,,,,,,,
NC_000913.3,RefSeq,gene,590941,593178,,-,,2238,gene-b0569,"ECOCYC:EG11739,GeneID:945849",,nfrB,Gene,,,,,nfrB,protein_coding,ECK0561,b0569,,,,,,,,,,
NC_000913.3,RefSeq,gene,593328,594770,,-,,1443,gene-b0570,"ECOCYC:G6318,GeneID:945978",,cusS,Gene,,,,,cusS,protein_coding,"ECK0562,ybcZ",b0570,,,,,,,,,,
NC_000913.3,RefSeq,gene,594760,595443,,-,,684,gene-b0571,"ECOCYC:G6319,GeneID:945003",,cusR,Gene,,,,,cusR,protein_coding,"ECK0563,ylcA",b0571,,,,,,,,,,
NC_000913.3,RefSeq,gene,595600,596973,,+,,1374,gene-b0572,"ECOCYC:G6320,GeneID:946288",,cusC,Gene,,,,,cusC,protein_coding,"ECK0564,ibeB,ylcB",b0572,,,,,,,,,,
NC_000913.3,RefSeq,gene,597131,597463,,+,,333,gene-b0573,"ECOCYC:G6321,GeneID:945188",,cusF,Gene,,,,,cusF,protein_coding,"cusX,ECK0565,ylcC",b0573,,,,,,,,,,
NC_000913.3,RefSeq,gene,597479,598702,,+,,1224,gene-b0574,"ECOCYC:G6322,GeneID:945189",,cusB,Gene,,,,,cusB,protein_coding,"ECK0566,ylcD",b0574,,,,,,,,,,
NC_000913.3,RefSeq,gene,598714,601857,,+,,3144,gene-b0575,"ECOCYC:EG12367,GeneID:945191",,cusA,Gene,,,,,cusA,protein_coding,"ECK0567,ybdE",b0575,,,,,,,,,,
NC_000913.3,RefSeq,gene,601959,603335,,+,,1377,gene-b0576,"ECOCYC:EG10708,GeneID:945199",,pheP,Gene,,,,,pheP,protein_coding,ECK0568,b0576,,,,,,,,,,
NC_000913.3,RefSeq,gene,603416,604663,,-,,1248,gene-b0577,"ECOCYC:G6323,GeneID:946243",,ybdG,Gene,,,,,ybdG,protein_coding,ECK0569,b0577,,,,,,,,,,
NC_000913.3,RefSeq,gene,604771,605424,,-,,654,gene-b0578,"ECOCYC:EG50005,GeneID:945778",,nfsB,Gene,,,,,nfsB,protein_coding,"dprA,ECK0570,nfnB,ntr",b0578,,,,,,,,,,
NC_000913.3,RefSeq,gene,605518,605886,,-,,369,gene-b0579,"ECOCYC:G6324,GeneID:948302",,ybdF,Gene,,,,,ybdF,protein_coding,ECK0571,b0579,,,,,,,,,,
NC_000913.3,RefSeq,gene,605951,606199,,-,,249,gene-b0580,"ECOCYC:G6325,GeneID:947183",,ybdJ,Gene,,,,,ybdJ,protein_coding,ECK0572,b0580,,,,,,,,,,
NC_000913.3,RefSeq,gene,606265,607383,,-,,1119,gene-b0581,"ECOCYC:G6326,GeneID:947246",,ybdK,Gene,,,,,ybdK,protein_coding,ECK0573,b0581,,,,,,,,,,
NC_000913.3,RefSeq,gene,607733,607792,,-,,60,gene-b4835,"ECOCYC:G0-17110,GeneID:71004555",,sokE,Gene,,,,,sokE,ncRNA,ECK4692,b4835,,,,,,,,,,
NC_000913.3,RefSeq,gene,607836,607988,,+,,153,gene-b4415,"ECOCYC:G0-9582,GeneID:2847715",,hokE,Gene,,,,,hokE,protein_coding,"ECK0574,ybdY",b4415,,,,,,,,,,
NC_000913.3,RefSeq,gene,608065,609177,,+,,1113,gene-b0582,"ECOCYC:G6327,GeneID:945200",,insL2,Gene,,,,,insL2,protein_coding,"ECK0016,yi81-2",b0582,,,,,,,,,,
NC_000913.3,RefSeq,gene,609459,610079,,-,,621,gene-b0583,"ECOCYC:EG10262,GeneID:945194",,entD,Gene,,,,,entD,protein_coding,ECK0575,b0583,,,,,,,,,,
NC_000913.3,RefSeq,gene,610254,612494,,-,,2241,gene-b0584,"ECOCYC:EG10293,GeneID:945193",,fepA,Gene,,,,,fepA,protein_coding,"cbr,cbt,ECK0576,fep,feuB",b0584,,,,,,,,,,
NC_000913.3,RefSeq,gene,612737,613939,,+,,1203,gene-b0585,"ECOCYC:EG10299,GeneID:945181",,fes,Gene,,,,,fes,protein_coding,ECK0577,b0585,,,,,,,,,,
NC_000913.3,RefSeq,gene,613942,614160,,+,,219,gene-b4511,"ECOCYC:G0-10437,GeneID:1450243",,ybdZ,Gene,,,,,ybdZ,protein_coding,ECK0578,b4511,,,,,,,,,,
NC_000913.3,RefSeq,gene,614157,618038,,+,,3882,gene-b0586,"ECOCYC:EG10264,GeneID:945184",,entF,Gene,,,,,entF,protein_coding,ECK0579,b0586,,,,,,,,,,
NC_000913.3,RefSeq,gene,618254,619387,,+,,1134,gene-b0587,"ECOCYC:EG10297,GeneID:945180",,fepE,Gene,,,,,fepE,protein_coding,ECK0580,b0587,,,,,,,,,,
NC_000913.3,RefSeq,gene,619384,620199,,-,,816,gene-b0588,"ECOCYC:EG10295,GeneID:945201",,fepC,Gene,,,,,fepC,protein_coding,ECK0581,b0588,,,,,,,,,,
NC_000913.3,RefSeq,gene,620196,621188,,-,,993,gene-b0589,"ECOCYC:EG10298,GeneID:945209",,fepG,Gene,,,,,fepG,protein_coding,ECK0582,b0589,,,,,,,,,,
NC_000913.3,RefSeq,gene,621185,622189,,-,,1005,gene-b0590,"ECOCYC:EG10296,GeneID:945214",,fepD,Gene,,,,,fepD,protein_coding,ECK0583,b0590,,,,,,,,,,
NC_000913.3,RefSeq,gene,622300,623550,,+,,1251,gene-b0591,"ECOCYC:EG11104,GeneID:946268",,entS,Gene,,,,,entS,protein_coding,"ECK0584,ybdA",b0591,,,,,,,,,,
NC_000913.3,RefSeq,gene,623554,624510,,-,,957,gene-b0592,"ECOCYC:EG10294,GeneID:947538",,fepB,Gene,,,,,fepB,protein_coding,ECK0585,b0592,,,,,,,,,,
NC_000913.3,RefSeq,gene,624885,626060,,+,,1176,gene-b0593,"ECOCYC:EG10261,GeneID:945511",,entC,Gene,,,,,entC,protein_coding,"ECK0586,fepF",b0593,,,,,,,,,,
NC_000913.3,RefSeq,gene,626070,627680,,+,,1611,gene-b0594,"ECOCYC:EG10263,GeneID:947426",,entE,Gene,,,,,entE,protein_coding,ECK0587,b0594,,,,,,,,,,
NC_000913.3,RefSeq,gene,627694,628551,,+,,858,gene-b0595,"ECOCYC:EG10260,GeneID:946178",,entB,Gene,,,,,entB,protein_coding,"ECK0588,entG",b0595,,,,,,,,,,
NC_000913.3,RefSeq,gene,628551,629297,,+,,747,gene-b0596,"ECOCYC:EG10259,GeneID:945284",,entA,Gene,,,,,entA,protein_coding,ECK0589,b0596,,,,,,,,,,
NC_000913.3,RefSeq,gene,629300,629713,,+,,414,gene-b0597,"ECOCYC:EG11105,GeneID:945215",,entH,Gene,,,,,entH,protein_coding,"ECK0590,ybdB",b0597,,,,,,,,,,
NC_000913.3,RefSeq,gene,629894,631999,,+,,2106,gene-b0598,"ECOCYC:EG10167,GeneID:945213",,cstA,Gene,,,,,cstA,protein_coding,"ECK0591,ybdC",b0598,,,,,,,,,,
NC_000913.3,RefSeq,gene,632182,632379,,+,,198,gene-b4512,"ECOCYC:G0-10438,GeneID:949021",,ybdD,Gene,,,,,ybdD,protein_coding,ECK0592,b4512,,,,,,,,,,
NC_000913.3,RefSeq,gene,632389,633477,,-,,1089,gene-b0599,"ECOCYC:EG12692,GeneID:945212",,hcxA,Gene,,,,,hcxA,protein_coding,"ECK0593,ybdH",b0599,,,,,,,,,,
NC_000913.3,RefSeq,gene,633586,634746,,+,,1161,gene-b0600,"ECOCYC:G6329,GeneID:945211",,ybdL,Gene,,,,,ybdL,protein_coding,ECK0594,b0600,,,,,,,,,,
NC_000913.3,RefSeq,gene,634747,635376,,-,,630,gene-b0601,"ECOCYC:G6330,GeneID:945206",,ybdM,Gene,,,,,ybdM,protein_coding,ECK0595,b0601,,,,,,,,,,
NC_000913.3,RefSeq,gene,635349,636569,,-,,1221,gene-b0602,"ECOCYC:G6331,GeneID:945205",,ybdN,Gene,,,,,ybdN,protein_coding,ECK0596,b0602,,,,,,,,,,
NC_000913.3,RefSeq,gene,636716,637618,,-,,903,gene-b0603,"ECOCYC:G6332,GeneID:945216",,citR,Gene,,,,,citR,protein_coding,"ECK0597,ybdO",b0603,,,,,,,,,,
NC_000913.3,RefSeq,gene,637827,638573,,-,,747,gene-b0604,"ECOCYC:G6333,GeneID:945224",,dsbG,Gene,,,,,dsbG,protein_coding,"ECK0598,ybdP",b0604,,,,,,,,,,
NC_000913.3,RefSeq,gene,638945,639508,,+,,564,gene-b0605,"ECOCYC:EG11384,GeneID:945225",,ahpC,Gene,,,,,ahpC,protein_coding,"ECK0599,ssi8,tpx",b0605,,,,,,,,,,
NC_000913.3,RefSeq,gene,639753,641318,,+,,1566,gene-b0606,"ECOCYC:EG11385,GeneID:947540",,ahpF,Gene,,,,,ahpF,protein_coding,ECK0600,b0606,,,,,,,,,,
NC_000913.3,RefSeq,gene,641439,641867,,-,,429,gene-b0607,"ECOCYC:G6334,GeneID:945229",,uspG,Gene,,,,,uspG,protein_coding,"ECK0601,UP12,ybdQ,yzzU",b0607,,,,,,,,,,
NC_000913.3,RefSeq,gene,642088,643326,,+,,1239,gene-b0608,"ECOCYC:G6335,GeneID:949067",,ybdR,Gene,,,,,ybdR,protein_coding,ECK0602,b0608,,,,,,,,,,
NC_000913.3,RefSeq,gene,643330,643419,,-,,90,gene-b4734,"ECOCYC:G0-16729,GeneID:38094944",,yldA,Gene,,,,,yldA,protein_coding,ECK4591,b4734,,,,,,,,,,
NC_000913.3,RefSeq,gene,643557,643967,,-,,411,gene-b0610,"ECOCYC:G6337,GeneID:947546",,rnk,Gene,,,,,rnk,protein_coding,ECK0603,b0610,,,,,,,,,,
NC_000913.3,RefSeq,gene,644197,645003,,-,,807,gene-b0611,"ECOCYC:EG10856,GeneID:949065",,rna,Gene,,,,,rna,protein_coding,"ECK0604,rnsA",b0611,,,,,,,,,,
NC_000913.3,RefSeq,gene,645117,646580,,-,,1464,gene-b0612,"ECOCYC:G6338,GeneID:949070",,citT,Gene,,,,,citT,protein_coding,"ECK0605,ybdS",b0612,,,,,,,,,,
NC_000913.3,RefSeq,gene,646631,647509,,-,,879,gene-b0613,"ECOCYC:G6339,GeneID:946395",,citG,Gene,,,,,citG,protein_coding,"ECK0606,ybdT",b0613,,,,,,,,,,
NC_000913.3,RefSeq,gene,647484,648035,,-,,552,gene-b0614,"ECOCYC:G6340,GeneID:949084",,citX,Gene,,,,,citX,protein_coding,"ECK0607,ybdU",b0614,,,,,,,,,,
NC_000913.3,RefSeq,gene,648039,649571,,-,,1533,gene-b0615,"ECOCYC:G6341,GeneID:945230",,citF,Gene,,,,,citF,protein_coding,"ECK0608,ybdV",b0615,,,,,,,,,,
NC_000913.3,RefSeq,gene,649582,650490,,-,,909,gene-b0616,"ECOCYC:G6342,GeneID:945406",,citE,Gene,,,,,citE,protein_coding,"ECK0609,ybdW",b0616,,,,,,,,,,
NC_000913.3,RefSeq,gene,650487,650783,,-,,297,gene-b0617,"ECOCYC:G6343,GeneID:945415",,citD,Gene,,,,,citD,protein_coding,"ECK0610,ybdX",b0617,,,,,,,,,,
NC_000913.3,RefSeq,gene,650798,651856,,-,,1059,gene-b0618,"ECOCYC:G6344,GeneID:945231",,citC,Gene,,,,,citC,protein_coding,"ECK0611,ybeO",b0618,,,,,,,,,,
NC_000913.3,RefSeq,gene,652235,653893,,+,,1659,gene-b0619,"ECOCYC:G6345,GeneID:945233",,dpiB,Gene,,,,,dpiB,protein_coding,"citA,ECK0612,mpdB,ybeP",b0619,,,,,,,,,,
NC_000913.3,RefSeq,gene,653862,654542,,+,,681,gene-b0620,"ECOCYC:G6346,GeneID:947008",,dpiA,Gene,,,,,dpiA,protein_coding,"citB,criR,ECK0613,mpdA",b0620,,,,,,,,,,
NC_000913.3,RefSeq,gene,654583,655968,,-,,1386,gene-b0621,"ECOCYC:G6347,GeneID:945000",,dcuC,Gene,,,,,dcuC,protein_coding,ECK0614,b0621,,,,,,,,,,
NC_000913.3,RefSeq,gene,656557,657117,,+,,561,gene-b0622,"ECOCYC:EG12180,GeneID:946360",,pagP,Gene,,,,,pagP,protein_coding,"crcA,ECK0615,ybeG",b0622,,,,,,,,,,
NC_000913.3,RefSeq,gene,657292,657501,,+,,210,gene-b0623,"ECOCYC:EG12179,GeneID:947024",,cspE,Gene,,,,,cspE,protein_coding,"ECK0616,gicA,msmC",b0623,,,,,,,,,,
NC_000913.3,RefSeq,gene,657555,657938,,-,,384,gene-b0624,"ECOCYC:EG12209,GeneID:945798",,crcB,Gene,,,,,crcB,protein_coding,"ECK0617,ybeI",b0624,,,,,,,,,,
NC_000913.3,RefSeq,gene,658947,659150,,+,,204,gene-b0627,"ECOCYC:EG11305,GeneID:945228",,tatE,Gene,,,,,tatE,protein_coding,"ECK0620,ybeC",b0627,,,,,,,,,,
NC_000913.3,RefSeq,gene,659251,660216,,-,,966,gene-b0628,"ECOCYC:EG11306,GeneID:945227",,lipA,Gene,,,,,lipA,protein_coding,"ECK0621,lip",b0628,,,,,,,,,,
NC_000913.3,RefSeq,gene,660425,661378,,-,,954,gene-b0629,"ECOCYC:EG11594,GeneID:945219",,ybeF,Gene,,,,,ybeF,protein_coding,ECK0622,b0629,,,,,,,,,,
NC_000913.3,RefSeq,gene,661637,662278,,-,,642,gene-b0630,"ECOCYC:EG11591,GeneID:945217",,lipB,Gene,,,,,lipB,protein_coding,"cde,ECK0623,lip",b0630,,,,,,,,,,
NC_000913.3,RefSeq,gene,662379,662642,,-,,264,gene-b0631,"ECOCYC:EG11592,GeneID:945220",,ybeD,Gene,,,,,ybeD,protein_coding,ECK0624,b0631,,,,,,,,,,
NC_000913.3,RefSeq,gene,662752,663963,,-,,1212,gene-b0632,"ECOCYC:EG10201,GeneID:945222",,dacA,Gene,,,,,dacA,protein_coding,"ECK0625,pfv",b0632,,,,,,,,,,
NC_000913.3,RefSeq,gene,664102,665190,,-,,1089,gene-b0633,"ECOCYC:EG10854,GeneID:945241",,rlpA,Gene,,,,,rlpA,protein_coding,ECK0626,b0633,,,,,,,,,,
NC_000913.3,RefSeq,gene,665201,666313,,-,,1113,gene-b0634,"ECOCYC:EG10607,GeneID:945238",,mrdB,Gene,,,,,mrdB,protein_coding,"ECK0627,rodA",b0634,,,,,,,,,,
NC_000913.3,RefSeq,gene,666316,668217,,-,,1902,gene-b0635,"ECOCYC:EG10606,GeneID:945240",,mrdA,Gene,,,,,mrdA,protein_coding,"ECK0628,pbpA",b0635,,,,,,,,,,
NC_000913.3,RefSeq,gene,668248,668715,,-,,468,gene-b0636,"ECOCYC:EG11254,GeneID:945239",,rlmH,Gene,,,,,rlmH,protein_coding,"ECK0629,ybeA",b0636,,,,,,,,,,
NC_000913.3,RefSeq,gene,668719,669036,,-,,318,gene-b0637,"ECOCYC:EG11255,GeneID:945237",,rsfS,Gene,,,,,rsfS,protein_coding,"ECK0630,rsfA,ybeB",b0637,,,,,,,,,,
NC_000913.3,RefSeq,gene,669296,669907,,-,,612,gene-b0638,"ECOCYC:G6349,GeneID:945246",,cobC,Gene,,,,,cobC,protein_coding,"ECK0631,phpB",b0638,,,,,,,,,,
NC_000913.3,RefSeq,gene,669931,670572,,-,,642,gene-b0639,"ECOCYC:G6350,GeneID:945248",,nadD,Gene,,,,,nadD,protein_coding,"ECK0632,fusB,ybeN",b0639,,,,,,,,,,
NC_000913.3,RefSeq,gene,670574,671605,,-,,1032,gene-b0640,"ECOCYC:EG11412,GeneID:947573",,holA,Gene,,,,,holA,protein_coding,ECK0633,b0640,,,,,,,,,,
NC_000913.3,RefSeq,gene,671605,672186,,-,,582,gene-b0641,"ECOCYC:EG10855,GeneID:946257",,lptE,Gene,,,,,lptE,protein_coding,"ECK0634,rlpB",b0641,,,,,,,,,,
NC_000913.3,RefSeq,gene,672201,674783,,-,,2583,gene-b0642,"ECOCYC:EG10532,GeneID:947497",,leuS,Gene,,,,,leuS,protein_coding,"ECK0635,syl",b0642,,,,,,,,,,
NC_000913.3,RefSeq,gene,675018,675500,,+,,483,gene-b0643,"ECOCYC:EG12851,GeneID:945252",,ybeL,Gene,,,,,ybeL,protein_coding,ECK0636,b0643,,,,,,,,,,
NC_000913.3,RefSeq,gene,675570,676547,,-,,978,gene-b0644,"ECOCYC:G6351,GeneID:945251",,ybeQ,Gene,,,,,ybeQ,protein_coding,ECK0637,b0644,,,,,,,,,,
NC_000913.3,RefSeq,gene,676711,677418,,+,,708,gene-b0645,"ECOCYC:G6352,GeneID:945249",,ybeR,Gene,,,,,ybeR,protein_coding,ECK0638,b0645,,,,,,,,,,
NC_000913.3,RefSeq,gene,677415,678842,,+,,1428,gene-b0646,"ECOCYC:G6353,GeneID:945245",,djlB,Gene,,,,,djlB,protein_coding,"ECK0639,ybeS",b0646,,,,,,,,,,
NC_000913.3,RefSeq,gene,678852,679406,,-,,555,gene-b0647,"ECOCYC:G6354,GeneID:945243",,ybeT,Gene,,,,,ybeT,protein_coding,ECK0640,b0647,,,,,,,,,,
NC_000913.3,RefSeq,gene,679508,680215,,+,,708,gene-b0648,"ECOCYC:G6355,GeneID:945244",,ybeU,Gene,,,,,ybeU,protein_coding,ECK0641,b0648,,,,,,,,,,
NC_000913.3,RefSeq,gene,680212,681663,,+,,1452,gene-b0649,"ECOCYC:G6356,GeneID:945253",,djlC,Gene,,,,,djlC,protein_coding,"ECK0642,hsc56,hscD,ybeV",b0649,,,,,,,,,,
NC_000913.3,RefSeq,gene,681723,683393,,-,,1671,gene-b0650,"ECOCYC:G6357,GeneID:945218",,hscC,Gene,,,,,hscC,protein_coding,"ECK0643,ybeW",b0650,,,,,,,,,,
NC_000913.3,RefSeq,gene,683477,684412,,-,,936,gene-b0651,"ECOCYC:G6358,GeneID:945503",,rihA,Gene,,,,,rihA,protein_coding,"ECK0644,ybeK",b0651,,,,,,,,,,
NC_000913.3,RefSeq,gene,684530,685255,,-,,726,gene-b0652,"ECOCYC:EG12663,GeneID:945254",,gltL,Gene,,,,,gltL,protein_coding,ECK0645,b0652,,,,,,,,,,
NC_000913.3,RefSeq,gene,685255,685929,,-,,675,gene-b0653,"ECOCYC:EG12662,GeneID:947354",,gltK,Gene,,,,,gltK,protein_coding,ECK0646,b0653,,,,,,,,,,
NC_000913.3,RefSeq,gene,685929,686669,,-,,741,gene-b0654,"ECOCYC:EG12661,GeneID:945443",,gltJ,Gene,,,,,gltJ,protein_coding,ECK0647,b0654,,,,,,,,,,
NC_000913.3,RefSeq,gene,686681,686843,,-,,163,gene-b4763,"ECOCYC:G0-9383,GeneID:63925626",,sroC,Gene,,,,,sroC,ncRNA,"ECK4620,HB_314",b4763,,,,,,,,,,
NC_000913.3,RefSeq,gene,686839,687747,,-,,909,gene-b0655,"ECOCYC:G6359,GeneID:946938",,gltI,Gene,,,,,gltI,protein_coding,"ECK0648,ybeJ,yzzK",b0655,,,,,,,,,,
NC_000913.3,RefSeq,gene,687997,688977,,-,,981,gene-b0656,"ECOCYC:G6360,GeneID:944917",,insH3,Gene,,,,,insH3,protein_coding,"ECK0261,trs5-3,yi52_3",b0656,,,,,,,,,,
NC_000913.3,RefSeq,gene,689343,690881,,-,,1539,gene-b0657,"ECOCYC:EG10168,GeneID:946201",,lnt,Gene,,,,,lnt,protein_coding,"cutE,ECK0649",b0657,,,,,,,,,,
NC_000913.3,RefSeq,gene,690906,691784,,-,,879,gene-b0658,"ECOCYC:G6361,GeneID:946417",,ybeX,Gene,,,,,ybeX,protein_coding,ECK0650,b0658,,,,,,,,,,
NC_000913.3,RefSeq,gene,691874,692341,,-,,468,gene-b0659,"ECOCYC:G6362,GeneID:946430",,ybeY,Gene,,,,,ybeY,protein_coding,ECK0651,b0659,,,,,,,,,,
NC_000913.3,RefSeq,gene,692338,693378,,-,,1041,gene-b0660,"ECOCYC:G6363,GeneID:948044",,ybeZ,Gene,,,,,ybeZ,protein_coding,"ECK0652,phoL",b0660,,,,,,,,,,
NC_000913.3,RefSeq,gene,693531,694955,,-,,1425,gene-b0661,"ECOCYC:G6364,GeneID:945260",,miaB,Gene,,,,,miaB,protein_coding,"ECK0653,yleA",b0661,,,,,,,,,,
NC_000913.3,RefSeq,gene,695101,696276,,+,,1176,gene-b0662,"ECOCYC:G6365,GeneID:945261",,ubiF,Gene,,,,,ubiF,protein_coding,"ECK0654,yleB",b0662,,,,,,,,,,
NC_000913.3,RefSeq,gene,696430,696504,,-,,75,gene-b0664,"ECOCYC:EG30031,GeneID:945257",,glnX,Gene,,,,,glnX,tRNA,"ECK0655,glnV-beta,glnVbeta,supE",b0664,,,,,,,,,,
NC_000913.3,RefSeq,gene,696542,696616,,-,,75,gene-b0665,"ECOCYC:EG30029,GeneID:945255",,glnV,Gene,,,,,glnV,tRNA,"ECK0656,glnValpha,Su2,suII,supE",b0665,,,,,,,,,,
NC_000913.3,RefSeq,gene,696664,696740,,-,,77,gene-b0666,"ECOCYC:EG30059,GeneID:945262",,metU,Gene,,,,,metU,tRNA,"ECK0657,metT-beta,metTbeta",b0666,,,,,,,,,,
NC_000913.3,RefSeq,gene,696756,696830,,-,,75,gene-b0668,"ECOCYC:EG30030,GeneID:945750",,glnW,Gene,,,,,glnW,tRNA,"ECK0658,glnU-beta,glnUbeta",b0668,,,,,,,,,,
NC_000913.3,RefSeq,gene,696865,696939,,-,,75,gene-b0670,"ECOCYC:EG30028,GeneID:945269",,glnU,Gene,,,,,glnU,tRNA,"ECK0659,glnUalpha,supB,trnA",b0670,,,,,,,,,,
NC_000913.3,RefSeq,gene,696963,697047,,-,,85,gene-b0672,"ECOCYC:EG30052,GeneID:945264",,leuW,Gene,,,,,leuW,tRNA,"ECK0660,feeB",b0672,,,,,,,,,,
NC_000913.3,RefSeq,gene,697057,697133,,-,,77,gene-b0673,"ECOCYC:EG30058,GeneID:945280",,metT,Gene,,,,,metT,tRNA,"ECK0661,metTalpha",b0673,,,,,,,,,,
NC_000913.3,RefSeq,gene,697513,699177,,-,,1665,gene-b0674,"ECOCYC:EG10092,GeneID:945281",,asnB,Gene,,,,,asnB,protein_coding,ECK0662,b0674,,,,,,,,,,
NC_000913.3,RefSeq,gene,699574,700326,,-,,753,gene-b0675,"ECOCYC:EG10634,GeneID:945283",,umpH,Gene,,,,,umpH,protein_coding,"ECK0663,nagD",b0675,,,,,,,,,,
NC_000913.3,RefSeq,gene,700374,701594,,-,,1221,gene-b0676,"ECOCYC:EG10636,GeneID:945285",,nagC,Gene,,,,,nagC,protein_coding,"ECK0664,nagR",b0676,,,,,,,,,,
NC_000913.3,RefSeq,gene,701603,702751,,-,,1149,gene-b0677,"ECOCYC:EG10632,GeneID:945289",,nagA,Gene,,,,,nagA,protein_coding,ECK0665,b0677,,,,,,,,,,
NC_000913.3,RefSeq,gene,702811,703611,,-,,801,gene-b0678,"ECOCYC:EG10633,GeneID:945290",,nagB,Gene,,,,,nagB,protein_coding,"ECK0666,glmD",b0678,,,,,,,,,,
NC_000913.3,RefSeq,gene,703944,705890,,+,,1947,gene-b0679,"ECOCYC:EG10635,GeneID:945292",,nagE,Gene,,,,,nagE,protein_coding,"ECK0667,pstN,ptsN",b0679,,,,,,,,,,
NC_000913.3,RefSeq,gene,706093,707757,,+,,1665,gene-b0680,"ECOCYC:EG10390,GeneID:945310",,glnS,Gene,,,,,glnS,protein_coding,ECK0668,b0680,,,,,,,,,,
NC_000913.3,RefSeq,gene,708236,708333,,+,,98,gene-b4808,"ECOCYC:G0-17083,GeneID:71004556",,chiZ,Gene,,,,,chiZ,ncRNA,ECK4665,b4808,,,,,,,,,,
NC_000913.3,RefSeq,gene,708334,709740,,+,,1407,gene-b0681,"ECOCYC:G6370,GeneID:945296",,chiP,Gene,,,,,chiP,protein_coding,"ECK0669,ybfM",b0681,,,,,,,,,,
NC_000913.3,RefSeq,gene,709790,710116,,+,,327,gene-b0682,"ECOCYC:G6371,GeneID:945713",,chiQ,Gene,,,,,chiQ,protein_coding,"ECK0670,ybfN",b0682,,,,,,,,,,
NC_000913.3,RefSeq,gene,710200,710646,,-,,447,gene-b0683,"ECOCYC:EG10359,GeneID:945295",,fur,Gene,,,,,fur,protein_coding,ECK0671,b0683,,,,,,,,,,
NC_000913.3,RefSeq,gene,710639,710725,,-,,87,gene-b4637,"ECOCYC:G0-10580,GeneID:5625562",,uof,Gene,,,,,uof,protein_coding,ECK4461,b4637,,,,,,,,,,
NC_000913.3,RefSeq,gene,710935,711465,,-,,531,gene-b0684,"ECOCYC:EG10318,GeneID:945293",,fldA,Gene,,,,,fldA,protein_coding,ECK0672,b0684,,,,,,,,,,
NC_000913.3,RefSeq,gene,711605,711898,,-,,294,gene-b0685,"ECOCYC:EG11775,GeneID:945291",,ybfE,Gene,,,,,ybfE,protein_coding,ECK0673,b0685,,,,,,,,,,
NC_000913.3,RefSeq,gene,712038,712802,,-,,765,gene-b0686,"ECOCYC:EG11776,GeneID:945288",,ybfF,Gene,,,,,ybfF,protein_coding,ECK0674,b0686,,,,,,,,,,
NC_000913.3,RefSeq,gene,712987,713532,,+,,546,gene-b0687,"ECOCYC:EG12197,GeneID:945272",,seqA,Gene,,,,,seqA,protein_coding,"ECK0675,hsm-1",b0687,,,,,,,,,,
NC_000913.3,RefSeq,gene,713558,715198,,+,,1641,gene-b0688,"ECOCYC:EG12144,GeneID:945271",,pgm,Gene,,,,,pgm,protein_coding,"blu,ECK0676",b0688,,,,,,,,,,
NC_000913.3,RefSeq,gene,715412,715906,,+,,495,gene-b0689,"ECOCYC:G6374,GeneID:945274",,ybfP,Gene,,,,,ybfP,protein_coding,ECK0677,b0689,,,,,,,,,,
NC_000913.3,RefSeq,gene,716946,718265,,-,,1320,gene-b0692,"ECOCYC:EG10753,GeneID:945422",,potE,Gene,,,,,potE,protein_coding,ECK0680,b0692,,,,,,,,,,
NC_000913.3,RefSeq,gene,718262,720460,,-,,2199,gene-b0693,"ECOCYC:EG10964,GeneID:945297",,speF,Gene,,,,,speF,protein_coding,ECK0681,b0693,,,,,,,,,,
NC_000913.3,RefSeq,gene,720718,720822,,-,,105,gene-b4803,"ECOCYC:G0-17074,GeneID:63925627",,speFL,Gene,,,,,speFL,protein_coding,ECK4660,b4803,,,,,,,,,,
NC_000913.3,RefSeq,gene,721056,721733,,-,,678,gene-b0694,"ECOCYC:EG10517,GeneID:945302",,kdpE,Gene,,,,,kdpE,protein_coding,ECK0682,b0694,,,,,,,,,,
NC_000913.3,RefSeq,gene,721730,724414,,-,,2685,gene-b0695,"ECOCYC:EG10516,GeneID:946744",,kdpD,Gene,,,,,kdpD,protein_coding,"ECK0683,kac",b0695,,,,,,,,,,
NC_000913.3,RefSeq,gene,724407,724979,,-,,573,gene-b0696,"ECOCYC:EG10515,GeneID:947508",,kdpC,Gene,,,,,kdpC,protein_coding,"ECK0684,kac",b0696,,,,,,,,,,
NC_000913.3,RefSeq,gene,724988,727036,,-,,2049,gene-b0697,"ECOCYC:EG10514,GeneID:947450",,kdpB,Gene,,,,,kdpB,protein_coding,"ECK0685,kac",b0697,,,,,,,,,,
NC_000913.3,RefSeq,gene,727059,728732,,-,,1674,gene-b0698,"ECOCYC:EG10513,GeneID:946045",,kdpA,Gene,,,,,kdpA,protein_coding,"ECK0686,kac",b0698,,,,,,,,,,
NC_000913.3,RefSeq,gene,728732,728821,,-,,90,gene-b4513,"ECOCYC:G0-10439,GeneID:948946",,kdpF,Gene,,,,,kdpF,protein_coding,ECK0687,b4513,,,,,,,,,,
NC_000913.3,RefSeq,gene,729134,729340,,+,,207,gene-b0699,"ECOCYC:EG11521,GeneID:947452",,ybfA,Gene,,,,,ybfA,protein_coding,ECK0688,b0699,,,,,,,,,,
NC_000913.3,RefSeq,gene,729583,733776,,+,,4194,gene-b0700,"ECOCYC:EG10848,GeneID:945306",,rhsC,Gene,,,,,rhsC,protein_coding,ECK0689,b0700,,,,,,,,,,
NC_000913.3,RefSeq,gene,733776,734102,,+,,327,gene-b0702,"ECOCYC:EG11522,GeneID:947566",,ybfB,Gene,,,,,ybfB,protein_coding,ECK0690,b0702,,,,,,,,,,
NC_000913.3,RefSeq,gene,735650,736219,,+,,570,gene-b0704,"ECOCYC:EG11523,GeneID:947288",,ybfC,Gene,,,,,ybfC,protein_coding,ECK0692,b0704,,,,,,,,,,
NC_000913.3,RefSeq,gene,736445,736699,,+,,255,gene-b4514,"ECOCYC:G0-10440,GeneID:1450245",,ybfQ,Gene,,,,,ybfQ,protein_coding,ECK0693,b4514,,,,,,,,,,
NC_000913.3,RefSeq,gene,738092,738853,,+,,762,gene-b0706,"ECOCYC:EG11524,GeneID:945176",,ybfD,Gene,,,,,ybfD,protein_coding,ECK0695,b0706,,,,,,,,,,
NC_000913.3,RefSeq,gene,739001,739510,,+,,510,gene-b0707,"ECOCYC:EG11108,GeneID:944853",,ybgA,Gene,,,,,ybgA,protein_coding,"ECK0696,tkp",b0707,,,,,,,,,,
NC_000913.3,RefSeq,gene,739507,740925,,+,,1419,gene-b0708,"ECOCYC:EG10736,GeneID:947005",,phr,Gene,,,,,phr,protein_coding,"ECK0697,phrB",b0708,,,,,,,,,,
NC_000913.3,RefSeq,gene,741075,742556,,-,,1482,gene-b0709,"ECOCYC:G6378,GeneID:947368",,dtpD,Gene,,,,,dtpD,protein_coding,"ECK0698,ybgH",b0709,,,,,,,,,,
NC_000913.3,RefSeq,gene,742827,743570,,+,,744,gene-b0710,"ECOCYC:G6379,GeneID:945824",,ybgI,Gene,,,,,ybgI,protein_coding,ECK0699,b0710,,,,,,,,,,
NC_000913.3,RefSeq,gene,743593,744249,,+,,657,gene-b0711,"ECOCYC:G6380,GeneID:945311",,pxpB,Gene,,,,,pxpB,protein_coding,"ECK0700,ybgJ",b0711,,,,,,,,,,
NC_000913.3,RefSeq,gene,744243,745175,,+,,933,gene-b0712,"ECOCYC:G6381,GeneID:945317",,pxpC,Gene,,,,,pxpC,protein_coding,"ECK0701,ybgK",b0712,,,,,,,,,,
NC_000913.3,RefSeq,gene,745165,745899,,+,,735,gene-b0713,"ECOCYC:G6382,GeneID:945318",,pxpA,Gene,,,,,pxpA,protein_coding,"ECK0702,ybgL",b0713,,,,,,,,,,
NC_000913.3,RefSeq,gene,745935,746726,,+,,792,gene-b0714,"ECOCYC:G6383,GeneID:945320",,nei,Gene,,,,,nei,protein_coding,ECK0703,b0714,,,,,,,,,,
NC_000913.3,RefSeq,gene,746723,747769,,-,,1047,gene-b0715,"ECOCYC:G6384,GeneID:945321",,abrB,Gene,,,,,abrB,protein_coding,"ECK0704,ybgN",b0715,,,,,,,,,,
NC_000913.3,RefSeq,gene,747921,748982,,-,,1062,gene-b0716,"ECOCYC:G6385,GeneID:947550",,ybgO,Gene,,,,,ybgO,protein_coding,ECK0705,b0716,,,,,,,,,,
NC_000913.3,RefSeq,gene,748979,749707,,-,,729,gene-b0717,"ECOCYC:G6386,GeneID:945110",,ybgP,Gene,,,,,ybgP,protein_coding,ECK0706,b0717,,,,,,,,,,
NC_000913.3,RefSeq,gene,749722,752169,,-,,2448,gene-b0718,"ECOCYC:G6387,GeneID:946537",,ybgQ,Gene,,,,,ybgQ,protein_coding,ECK0707,b0718,,,,,,,,,,
NC_000913.3,RefSeq,gene,752229,752795,,-,,567,gene-b0719,"ECOCYC:EG12359,GeneID:945325",,ybgD,Gene,,,,,ybgD,protein_coding,ECK0708,b0719,,,,,,,,,,
NC_000913.3,RefSeq,gene,753185,754468,,-,,1284,gene-b0720,"ECOCYC:EG10402,GeneID:945323",,gltA,Gene,,,,,gltA,protein_coding,"ECK0709,gluT,icdB",b0720,,,,,,,,,,
NC_000913.3,RefSeq,gene,754658,754690,,-,,33,gene-b4768,"ECOCYC:G0-17014,GeneID:63925628",,ybgV,Gene,,,,,ybgV,protein_coding,ECK4625,b4768,,,,,,,,,,
NC_000913.3,RefSeq,gene,754674,754781,,-,,108,gene-b4735,"ECOCYC:G0-16730,GeneID:38094945",,ybgU,Gene,,,,,ybgU,protein_coding,ECK4592,b4735,,,,,,,,,,
NC_000913.3,RefSeq,gene,755177,755566,,+,,390,gene-b0721,"ECOCYC:EG10933,GeneID:945316",,sdhC,Gene,,,,,sdhC,protein_coding,"cybA,cybL,dhsC,ECK0710",b0721,,,,,,,,,,
NC_000913.3,RefSeq,gene,755560,755907,,+,,348,gene-b0722,"ECOCYC:EG10934,GeneID:945322",,sdhD,Gene,,,,,sdhD,protein_coding,"cybS,dhsD,ECK0711",b0722,,,,,,,,,,
NC_000913.3,RefSeq,gene,755907,757673,,+,,1767,gene-b0723,"ECOCYC:EG10931,GeneID:945402",,sdhA,Gene,,,,,sdhA,protein_coding,"dhsA,ECK0712",b0723,,,,,,,,,,
NC_000913.3,RefSeq,gene,757689,758405,,+,,717,gene-b0724,"ECOCYC:EG10932,GeneID:945300",,sdhB,Gene,,,,,sdhB,protein_coding,"dhsB,ECK0713",b0724,,,,,,,,,,
NC_000913.3,RefSeq,gene,758706,761507,,+,,2802,gene-b0726,"ECOCYC:EG10979,GeneID:945303",,sucA,Gene,,,,,sucA,protein_coding,"ECK0714,lys+met",b0726,,,,,,,,,,
NC_000913.3,RefSeq,gene,761522,762739,,+,,1218,gene-b0727,"ECOCYC:EG10980,GeneID:945307",,sucB,Gene,,,,,sucB,protein_coding,ECK0715,b0727,,,,,,,,,,
NC_000913.3,RefSeq,gene,763014,764180,,+,,1167,gene-b0728,"ECOCYC:EG10981,GeneID:945312",,sucC,Gene,,,,,sucC,protein_coding,ECK0716,b0728,,,,,,,,,,
NC_000913.3,RefSeq,gene,764180,765049,,+,,870,gene-b0729,"ECOCYC:EG10982,GeneID:945314",,sucD,Gene,,,,,sucD,protein_coding,ECK0717,b0729,,,,,,,,,,
NC_000913.3,RefSeq,gene,765050,765150,,+,,101,gene-b4764,"ECOCYC:G0-17009,GeneID:63925629",,sdhX,Gene,,,,,sdhX,ncRNA,"ECK4621,rybD",b4764,,,,,,,,,,
NC_000913.3,RefSeq,gene,765153,765875,,-,,723,gene-b0730,"ECOCYC:EG11109,GeneID:945371",,mngR,Gene,,,,,mngR,protein_coding,"ECK0718,farR,ybgB",b0730,,,,,,,,,,
NC_000913.3,RefSeq,gene,765984,767960,,+,,1977,gene-b0731,"ECOCYC:EG13235,GeneID:945355",,mngA,Gene,,,,,mngA,protein_coding,"ECK0719,frx,hrsA",b0731,,,,,,,,,,
NC_000913.3,RefSeq,gene,767978,770611,,+,,2634,gene-b0732,"ECOCYC:EG13236,GeneID:945359",,mngB,Gene,,,,,mngB,protein_coding,"ECK0720,ybgG",b0732,,,,,,,,,,
NC_000913.3,RefSeq,gene,771458,773026,,+,,1569,gene-b0733,"ECOCYC:EG10173,GeneID:945341",,cydA,Gene,,,,,cydA,protein_coding,"cyd-1,ECK0721",b0733,,,,,,,,,,
NC_000913.3,RefSeq,gene,773042,774181,,+,,1140,gene-b0734,"ECOCYC:EG10174,GeneID:945347",,cydB,Gene,,,,,cydB,protein_coding,"cyd-2,ECK0722",b0734,,,,,,,,,,
NC_000913.3,RefSeq,gene,774196,774309,,+,,114,gene-b4515,"ECOCYC:G0-10441,GeneID:1450246",,cydX,Gene,,,,,cydX,protein_coding,"ECK0723,ybgT",b4515,,,,,,,,,,
NC_000913.3,RefSeq,gene,774309,774602,,+,,294,gene-b0735,"ECOCYC:EG12395,GeneID:945326",,ybgE,Gene,,,,,ybgE,protein_coding,ECK0724,b0735,,,,,,,,,,
NC_000913.3,RefSeq,gene,774752,775156,,+,,405,gene-b0736,"ECOCYC:EG11110,GeneID:948907",,ybgC,Gene,,,,,ybgC,protein_coding,ECK0725,b0736,,,,,,,,,,
NC_000913.3,RefSeq,gene,775153,775845,,+,,693,gene-b0737,"ECOCYC:EG11010,GeneID:948900",,tolQ,Gene,,,,,tolQ,protein_coding,"ECK0726,fii,tolP",b0737,,,,,,,,,,
NC_000913.3,RefSeq,gene,775849,776277,,+,,429,gene-b0738,"ECOCYC:EG11011,GeneID:945328",,tolR,Gene,,,,,tolR,protein_coding,ECK0727,b0738,,,,,,,,,,
NC_000913.3,RefSeq,gene,776342,777607,,+,,1266,gene-b0739,"ECOCYC:EG11007,GeneID:946625",,tolA,Gene,,,,,tolA,protein_coding,"cim,ECK0728,excC,lky,tol-2",b0739,,,,,,,,,,
NC_000913.3,RefSeq,gene,777740,779032,,+,,1293,gene-b0740,"ECOCYC:EG11008,GeneID:945429",,tolB,Gene,,,,,tolB,protein_coding,"ECK0729,lky,lkyA,tol-3",b0740,,,,,,,,,,
NC_000913.3,RefSeq,gene,779067,779588,,+,,522,gene-b0741,"ECOCYC:EG10684,GeneID:945004",,pal,Gene,,,,,pal,protein_coding,"ECK0730,excC",b0741,,,,,,,,,,
NC_000913.3,RefSeq,gene,779598,780389,,+,,792,gene-b0742,"ECOCYC:EG12854,GeneID:947227",,cpoB,Gene,,,,,cpoB,protein_coding,"ECK0731,ybgF",b0742,,,,,,,,,,
NC_000913.3,RefSeq,gene,780554,780629,,+,,76,gene-b0743,"ECOCYC:EG30055,GeneID:945336",,lysT,Gene,,,,,lysT,tRNA,"ECK0732,lysTalpha,sua,supG,supL,Su[beta]",b0743,,,,,,,,,,
NC_000913.3,RefSeq,gene,780765,780840,,+,,76,gene-b0744,"ECOCYC:EG30109,GeneID:945331",,valT,Gene,,,,,valT,tRNA,"ECK0733,valTa,valTalpha",b0744,,,,,,,,,,
NC_000913.3,RefSeq,gene,780843,780918,,+,,76,gene-b0745,"ECOCYC:EG30057,GeneID:945338",,lysW,Gene,,,,,lysW,tRNA,"ECK0734,lysT-beta,lysTbeta,su",b0745,,,,,,,,,,
NC_000913.3,RefSeq,gene,781068,781143,,+,,76,gene-b0746,"ECOCYC:G6389,GeneID:945345",,valZ,Gene,,,,,valZ,tRNA,"ECK0735,valTb,valTbeta",b0746,,,,,,,,,,
NC_000913.3,RefSeq,gene,781147,781222,,+,,76,gene-b0747,"ECOCYC:G6390,GeneID:945342",,lysY,Gene,,,,,lysY,tRNA,"ECK0736,lysTg,lysTgamma",b0747,,,,,,,,,,
NC_000913.3,RefSeq,gene,781369,781444,,+,,76,gene-b0748,"ECOCYC:G6391,GeneID:945352",,lysZ,Gene,,,,,lysZ,tRNA,ECK0737,b0748,,,,,,,,,,
NC_000913.3,RefSeq,gene,781577,781652,,+,,76,gene-b0749,"ECOCYC:G6392,GeneID:945353",,lysQ,Gene,,,,,lysQ,tRNA,ECK0738,b0749,,,,,,,,,,
NC_000913.3,RefSeq,gene,782085,783128,,+,,1044,gene-b0750,"ECOCYC:EG10630,GeneID:945351",,nadA,Gene,,,,,nadA,protein_coding,"ECK0739,nicA",b0750,,,,,,,,,,
NC_000913.3,RefSeq,gene,783166,783885,,+,,720,gene-b0751,"ECOCYC:EG11700,GeneID:945350",,pnuC,Gene,,,,,pnuC,protein_coding,ECK0740,b0751,,,,,,,,,,
NC_000913.3,RefSeq,gene,783882,784823,,-,,942,gene-b0752,"ECOCYC:G6393,GeneID:945348",,zitB,Gene,,,,,zitB,protein_coding,"ECK0741,ybgR",b0752,,,,,,,,,,
NC_000913.3,RefSeq,gene,784937,785317,,-,,381,gene-b0753,"ECOCYC:G6394,GeneID:945356",,ybgS,Gene,,,,,ybgS,protein_coding,ECK0742,b0753,,,,,,,,,,
NC_000913.3,RefSeq,gene,785633,786685,,+,,1053,gene-b0754,"ECOCYC:EG10079,GeneID:945605",,aroG,Gene,,,,,aroG,protein_coding,ECK0743,b0754,,,,,,,,,,
NC_000913.3,RefSeq,gene,786843,787595,,-,,753,gene-b0755,"ECOCYC:EG11699,GeneID:945068",,gpmA,Gene,,,,,gpmA,protein_coding,"ECK0744,gpm",b0755,,,,,,,,,,
NC_000913.3,RefSeq,gene,787797,788837,,-,,1041,gene-b0756,"ECOCYC:EG11698,GeneID:944943",,galM,Gene,,,,,galM,protein_coding,ECK0745,b0756,,,,,,,,,,
NC_000913.3,RefSeq,gene,788831,789979,,-,,1149,gene-b0757,"ECOCYC:EG10363,GeneID:945358",,galK,Gene,,,,,galK,protein_coding,"ECK0746,galA",b0757,,,,,,,,,,
NC_000913.3,RefSeq,gene,789983,791029,,-,,1047,gene-b0758,"ECOCYC:EG10366,GeneID:945357",,galT,Gene,,,,,galT,protein_coding,"ECK0747,galB",b0758,,,,,,,,,,
NC_000913.3,RefSeq,gene,791039,792055,,-,,1017,gene-b0759,"ECOCYC:EG10362,GeneID:945354",,galE,Gene,,,,,galE,protein_coding,"ECK0748,galD",b0759,,,,,,,,,,
NC_000913.3,RefSeq,gene,792316,793788,,-,,1473,gene-b0760,"ECOCYC:EG11677,GeneID:945368",,modF,Gene,,,,,modF,protein_coding,"chlD,ECK0749,phrA",b0760,,,,,,,,,,
NC_000913.3,RefSeq,gene,793856,794644,,-,,789,gene-b0761,"ECOCYC:G6395,GeneID:945366",,modE,Gene,,,,,modE,protein_coding,"chlD,ECK0750,modR",b0761,,,,,,,,,,
NC_000913.3,RefSeq,gene,794773,794922,,+,,150,gene-b0762,"ECOCYC:G6396,GeneID:945365",,acrZ,Gene,,,,,acrZ,protein_coding,"ECK0751,ybhT",b0762,,,,,,,,,,
NC_000913.3,RefSeq,gene,795089,795862,,+,,774,gene-b0763,"ECOCYC:EG12427,GeneID:945364",,modA,Gene,,,,,modA,protein_coding,ECK0752,b0763,,,,,,,,,,
NC_000913.3,RefSeq,gene,795862,796551,,+,,690,gene-b0764,"ECOCYC:EG10002,GeneID:945361",,modB,Gene,,,,,modB,protein_coding,"chlJ,ECK0753,tslJ",b0764,,,,,,,,,,
NC_000913.3,RefSeq,gene,796554,797612,,+,,1059,gene-b0765,"ECOCYC:EG10152,GeneID:945362",,modC,Gene,,,,,modC,protein_coding,"chlD,ECK0754,narD",b0765,,,,,,,,,,
NC_000913.3,RefSeq,gene,797613,798431,,-,,819,gene-b0766,"ECOCYC:EG11239,GeneID:945372",,ybhA,Gene,,,,,ybhA,protein_coding,ECK0755,b0766,,,,,,,,,,
NC_000913.3,RefSeq,gene,798586,799581,,+,,996,gene-b0767,"ECOCYC:G6397,GeneID:946398",,pgl,Gene,,,,,pgl,protein_coding,"ECK0756,ybhE",b0767,,,,,,,,,,
NC_000913.3,RefSeq,gene,799622,800575,,-,,954,gene-b0768,"ECOCYC:G6398,GeneID:944869",,ybhD,Gene,,,,,ybhD,protein_coding,ECK0757,b0768,,,,,,,,,,
NC_000913.3,RefSeq,gene,800759,801811,,+,,1053,gene-b0769,"ECOCYC:G6399,GeneID:945375",,ybhH,Gene,,,,,ybhH,protein_coding,ECK0758,b0769,,,,,,,,,,
NC_000913.3,RefSeq,gene,801887,803320,,+,,1434,gene-b0770,"ECOCYC:G6400,GeneID:945377",,ybhI,Gene,,,,,ybhI,protein_coding,ECK0759,b0770,,,,,,,,,,
NC_000913.3,RefSeq,gene,803503,805764,,+,,2262,gene-b0771,"ECOCYC:G6401,GeneID:945380",,ybhJ,Gene,,,,,ybhJ,protein_coding,ECK0760,b0771,,,,,,,,,,
NC_000913.3,RefSeq,gene,805998,807281,,-,,1284,gene-b0772,"ECOCYC:EG12875,GeneID:945381",,ybhC,Gene,,,,,ybhC,protein_coding,ECK0761,b0772,,,,,,,,,,
NC_000913.3,RefSeq,gene,807433,807909,,-,,477,gene-b0773,"ECOCYC:EG11238,GeneID:945383",,ybhB,Gene,,,,,ybhB,protein_coding,ECK0762,b0773,,,,,,,,,,
NC_000913.3,RefSeq,gene,807968,809257,,-,,1290,gene-b0774,"ECOCYC:EG10117,GeneID:945376",,bioA,Gene,,,,,bioA,protein_coding,ECK0763,b0774,,,,,,,,,,
NC_000913.3,RefSeq,gene,809344,810384,,+,,1041,gene-b0775,"ECOCYC:EG10118,GeneID:945370",,bioB,Gene,,,,,bioB,protein_coding,ECK0764,b0775,,,,,,,,,,
NC_000913.3,RefSeq,gene,810381,811535,,+,,1155,gene-b0776,"ECOCYC:EG10121,GeneID:945384",,bioF,Gene,,,,,bioF,protein_coding,ECK0765,b0776,,,,,,,,,,
NC_000913.3,RefSeq,gene,811522,812277,,+,,756,gene-b0777,"ECOCYC:EG10119,GeneID:945388",,bioC,Gene,,,,,bioC,protein_coding,ECK0766,b0777,,,,,,,,,,
NC_000913.3,RefSeq,gene,812270,812947,,+,,678,gene-b0778,"ECOCYC:EG10120,GeneID:945387",,bioD,Gene,,,,,bioD,protein_coding,ECK0767,b0778,,,,,,,,,,
NC_000913.3,RefSeq,gene,813526,815547,,+,,2022,gene-b0779,"ECOCYC:EG11062,GeneID:945385",,uvrB,Gene,,,,,uvrB,protein_coding,"dar-1,dar-6,ECK0768",b0779,,,,,,,,,,
NC_000913.3,RefSeq,gene,815739,816647,,-,,909,gene-b0780,"ECOCYC:G6402,GeneID:945390",,ybhK,Gene,,,,,ybhK,protein_coding,ECK0769,b0780,,,,,,,,,,
NC_000913.3,RefSeq,gene,817044,818033,,+,,990,gene-b0781,"ECOCYC:EG11595,GeneID:945392",,moaA,Gene,,,,,moaA,protein_coding,"bisA,chlA,chlA1,ECK0770,narA",b0781,,,,,,,,,,
NC_000913.3,RefSeq,gene,818055,818567,,+,,513,gene-b0782,"ECOCYC:EG11596,GeneID:945396",,moaB,Gene,,,,,moaB,protein_coding,"chlA2,ECK0771",b0782,,,,,,,,,,
NC_000913.3,RefSeq,gene,818570,819055,,+,,486,gene-b0783,"ECOCYC:EG11666,GeneID:945397",,moaC,Gene,,,,,moaC,protein_coding,"chlA3,ECK0772",b0783,,,,,,,,,,
NC_000913.3,RefSeq,gene,819048,819293,,+,,246,gene-b0784,"ECOCYC:EG11597,GeneID:945398",,moaD,Gene,,,,,moaD,protein_coding,"chlA4,chlM,ECK0773",b0784,,,,,,,,,,
NC_000913.3,RefSeq,gene,819295,819747,,+,,453,gene-b0785,"ECOCYC:EG11598,GeneID:945399",,moaE,Gene,,,,,moaE,protein_coding,"chlA5,ECK0774",b0785,,,,,,,,,,
NC_000913.3,RefSeq,gene,819884,820588,,+,,705,gene-b0786,"ECOCYC:G6403,GeneID:945401",,ybhL,Gene,,,,,ybhL,protein_coding,ECK0775,b0786,,,,,,,,,,
NC_000913.3,RefSeq,gene,820793,821506,,+,,714,gene-b0787,"ECOCYC:G6404,GeneID:949001",,ybhM,Gene,,,,,ybhM,protein_coding,ECK0776,b0787,,,,,,,,,,
NC_000913.3,RefSeq,gene,821542,822498,,-,,957,gene-b0788,"ECOCYC:G6405,GeneID:945410",,ybhN,Gene,,,,,ybhN,protein_coding,ECK0777,b0788,,,,,,,,,,
NC_000913.3,RefSeq,gene,822498,823739,,-,,1242,gene-b0789,"ECOCYC:G6406,GeneID:945409",,clsB,Gene,,,,,clsB,protein_coding,"ECK0778,ybhO",b0789,,,,,,,,,,
NC_000913.3,RefSeq,gene,823736,824497,,-,,762,gene-b0790,"ECOCYC:G6407,GeneID:945408",,ybhP,Gene,,,,,ybhP,protein_coding,ECK0779,b0790,,,,,,,,,,
NC_000913.3,RefSeq,gene,824630,825040,,+,,411,gene-b0791,"ECOCYC:G6408,GeneID:945405",,ybhQ,Gene,,,,,ybhQ,protein_coding,ECK0780,b0791,,,,,,,,,,
NC_000913.3,RefSeq,gene,825002,826108,,-,,1107,gene-b0792,"ECOCYC:G6409,GeneID:945403",,ybhR,Gene,,,,,ybhR,protein_coding,ECK0781,b0792,,,,,,,,,,
NC_000913.3,RefSeq,gene,826119,827252,,-,,1134,gene-b0793,"ECOCYC:G6410,GeneID:945411",,ybhS,Gene,,,,,ybhS,protein_coding,ECK0782,b0793,,,,,,,,,,
NC_000913.3,RefSeq,gene,827245,828981,,-,,1737,gene-b0794,"ECOCYC:G6411,GeneID:945413",,ybhF,Gene,,,,,ybhF,protein_coding,ECK0783,b0794,,,,,,,,,,
NC_000913.3,RefSeq,gene,828974,829972,,-,,999,gene-b0795,"ECOCYC:G6412,GeneID:945414",,ybhG,Gene,,,,,ybhG,protein_coding,ECK0784,b0795,,,,,,,,,,
NC_000913.3,RefSeq,gene,829972,830643,,-,,672,gene-b0796,"ECOCYC:EG12406,GeneID:945421",,cecR,Gene,,,,,cecR,protein_coding,"ECK0785,ybiH",b0796,,,,,,,,,,
NC_000913.3,RefSeq,gene,830872,832236,,+,,1365,gene-b0797,"ECOCYC:EG11235,GeneID:945425",,rhlE,Gene,,,,,rhlE,protein_coding,ECK0786,b0797,,,,,,,,,,
NC_000913.3,RefSeq,gene,832468,832950,,-,,483,gene-b0798,"ECOCYC:EG11579,GeneID:945426",,ybiA,Gene,,,,,ybiA,protein_coding,ECK0787,b0798,,,,,,,,,,
NC_000913.3,RefSeq,gene,833070,835220,,+,,2151,gene-b0799,"ECOCYC:EG11357,GeneID:945431",,dinG,Gene,,,,,dinG,protein_coding,"ECK0788,rarB",b0799,,,,,,,,,,
NC_000913.3,RefSeq,gene,835248,836210,,+,,963,gene-b0800,"ECOCYC:EG11580,GeneID:945424",,ybiB,Gene,,,,,ybiB,protein_coding,ECK0789,b0800,,,,,,,,,,
NC_000913.3,RefSeq,gene,836351,837436,,+,,1086,gene-b0801,"ECOCYC:EG11581,GeneID:945412",,hcxB,Gene,,,,,hcxB,protein_coding,"ECK0790,ybiC",b0801,,,,,,,,,,
NC_000913.3,RefSeq,gene,837435,837531,,-,,97,gene-b4814,"ECOCYC:G0-17089,GeneID:71004557",,zbiJ,Gene,,,,,zbiJ,ncRNA,ECK4671,b4814,,,,,,,,,,
NC_000913.3,RefSeq,gene,837503,837562,,+,,60,gene-b4769,"ECOCYC:G0-17015,GeneID:63925630",,ybiE,Gene,,,,,ybiE,protein_coding,ECK4626,b4769,,,,,,,,,,
NC_000913.3,RefSeq,gene,837665,837925,,-,,261,gene-b0802,"ECOCYC:EG12422,GeneID:945433",,ybiJ,Gene,,,,,ybiJ,protein_coding,ECK0791,b0802,,,,,,,,,,
NC_000913.3,RefSeq,gene,838190,838456,,-,,267,gene-b0803,"ECOCYC:EG12421,GeneID:945434",,ybiI,Gene,,,,,ybiI,protein_coding,ECK0792,b0803,,,,,,,,,,
NC_000913.3,RefSeq,gene,838530,839207,,-,,678,gene-b0804,"ECOCYC:G6413,GeneID:947502",,ybiX,Gene,,,,,ybiX,protein_coding,ECK0793,b0804,,,,,,,,,,
NC_000913.3,RefSeq,gene,839249,841531,,-,,2283,gene-b0805,"ECOCYC:G6414,GeneID:946246",,fiu,Gene,,,,,fiu,protein_coding,"ECK0794,ybiL",b0805,,,,,,,,,,
NC_000913.3,RefSeq,gene,841796,842056,,-,,261,gene-b0806,"ECOCYC:G6415,GeneID:947523",,mcbA,Gene,,,,,mcbA,protein_coding,"ECK0795,ybiM",b0806,,,,,,,,,,
NC_000913.3,RefSeq,gene,842332,843258,,+,,927,gene-b0807,"ECOCYC:G6416,GeneID:944938",,rlmF,Gene,,,,,rlmF,protein_coding,"ECK0796,ybiN",b0807,,,,,,,,,,
NC_000913.3,RefSeq,gene,843255,845480,,-,,2226,gene-b0808,"ECOCYC:G6417,GeneID:945935",,ybiO,Gene,,,,,ybiO,protein_coding,ECK0797,b0808,,,,,,,,,,
NC_000913.3,RefSeq,gene,845741,846463,,-,,723,gene-b0809,"ECOCYC:EG10389,GeneID:945435",,glnQ,Gene,,,,,glnQ,protein_coding,ECK0798,b0809,,,,,,,,,,
NC_000913.3,RefSeq,gene,846460,847119,,-,,660,gene-b0810,"ECOCYC:EG10388,GeneID:945621",,glnP,Gene,,,,,glnP,protein_coding,ECK0799,b0810,,,,,,,,,,
NC_000913.3,RefSeq,gene,847258,848004,,-,,747,gene-b0811,"ECOCYC:EG10386,GeneID:944872",,glnH,Gene,,,,,glnH,protein_coding,ECK0800,b0811,,,,,,,,,,
NC_000913.3,RefSeq,gene,848408,848911,,-,,504,gene-b0812,"ECOCYC:EG11415,GeneID:945101",,dps,Gene,,,,,dps,protein_coding,"ECK0801,pexB,vtm",b0812,,,,,,,,,,
NC_000913.3,RefSeq,gene,849210,850097,,-,,888,gene-b0813,"ECOCYC:EG12134,GeneID:947045",,rhtA,Gene,,,,,rhtA,protein_coding,"ECK0802,ybiF",b0813,,,,,,,,,,
NC_000913.3,RefSeq,gene,850332,850397,,+,,66,gene-b4736,"ECOCYC:G0-16731,GeneID:38094946",,yliM,Gene,,,,,yliM,protein_coding,ECK4593,b4736,,,,,,,,,,
NC_000913.3,RefSeq,gene,850450,850965,,+,,516,gene-b0814,"ECOCYC:EG12117,GeneID:944967",,ompX,Gene,,,,,ompX,protein_coding,"ECK0803,ompP,ybiG",b0814,,,,,,,,,,
NC_000913.3,RefSeq,gene,851014,852597,,-,,1584,gene-b0815,"ECOCYC:G6418,GeneID:945360",,opgE,Gene,,,,,opgE,protein_coding,"ECK0804,ybiP",b0815,,,,,,,,,,
NC_000913.3,RefSeq,gene,852725,853064,,-,,340,gene-b4416,"ECOCYC:G0-8881,GeneID:2847681",,rybA,Gene,,,,,rybA,ncRNA,ECK0806,b4416,,,,,,,,,,
NC_000913.3,RefSeq,gene,852869,852997,,-,,129,gene-b4705,"ECOCYC:G0-10715,GeneID:14678509",,mntS,Gene,,,,,mntS,protein_coding,"ECK4517,G0-8881",b4705,,,,,,,,,,
NC_000913.3,RefSeq,gene,853183,853650,,+,,468,gene-b0817,"ECOCYC:G6420,GeneID:945437",,mntR,Gene,,,,,mntR,protein_coding,"ECK0807,ybiQ",b0817,,,,,,,,,,
NC_000913.3,RefSeq,gene,853647,854765,,+,,1119,gene-b0818,"ECOCYC:G6421,GeneID:945438",,ybiR,Gene,,,,,ybiR,protein_coding,ECK0808,b0818,,,,,,,,,,
NC_000913.3,RefSeq,gene,854824,855744,,-,,921,gene-b0819,"ECOCYC:G6422,GeneID:945441",,ldtB,Gene,,,,,ldtB,protein_coding,"ECK0809,ybiS",b0819,,,,,,,,,,
NC_000913.3,RefSeq,gene,855963,857555,,+,,1593,gene-b0820,"ECOCYC:G6423,GeneID:945440",,ybiT,Gene,,,,,ybiT,protein_coding,ECK0810,b0820,,,,,,,,,,
NC_000913.3,RefSeq,gene,857796,859061,,-,,1266,gene-b0821,"ECOCYC:G6424,GeneID:945439",,ybiU,Gene,,,,,ybiU,protein_coding,ECK0811,b0821,,,,,,,,,,
NC_000913.3,RefSeq,gene,859213,860028,,-,,816,gene-b0822,"ECOCYC:G6425,GeneID:945432",,ybiV,Gene,,,,,ybiV,protein_coding,ECK0812,b0822,,,,,,,,,,
NC_000913.3,RefSeq,gene,860174,862606,,-,,2433,gene-b0823,"ECOCYC:G6426,GeneID:945444",,ybiW,Gene,,,,,ybiW,protein_coding,"ECK0813,pflF",b0823,,,,,,,,,,
NC_000913.3,RefSeq,gene,862612,863511,,-,,900,gene-b0824,"ECOCYC:G6427,GeneID:945445",,ybiY,Gene,,,,,ybiY,protein_coding,"ECK0814,pflE",b0824,,,,,,,,,,
NC_000913.3,RefSeq,gene,863642,864304,,+,,663,gene-b0825,"ECOCYC:G6428,GeneID:945449",,fsaA,Gene,,,,,fsaA,protein_coding,"ECK0815,fsa,mipB,ybiZ",b0825,,,,,,,,,,
NC_000913.3,RefSeq,gene,864380,865129,,-,,750,gene-b0826,"ECOCYC:EG10154,GeneID:945452",,moeB,Gene,,,,,moeB,protein_coding,"chlN,ECK0816",b0826,,,,,,,,,,
NC_000913.3,RefSeq,gene,865129,866364,,-,,1236,gene-b0827,"ECOCYC:EG10153,GeneID:945454",,moeA,Gene,,,,,moeA,protein_coding,"bisB,chlE,ECK0817,narE",b0827,,,,,,,,,,
NC_000913.3,RefSeq,gene,866568,867533,,+,,966,gene-b0828,"ECOCYC:EG12407,GeneID:945456",,iaaA,Gene,,,,,iaaA,protein_coding,"ECK0818,spt,ybiK",b0828,,,,,,,,,,
NC_000913.3,RefSeq,gene,867520,869391,,+,,1872,gene-b0829,"ECOCYC:G6429,GeneID:945457",,gsiA,Gene,,,,,gsiA,protein_coding,"ECK0819,yliA",b0829,,,,,,,,,,
NC_000913.3,RefSeq,gene,869411,870949,,+,,1539,gene-b0830,"ECOCYC:G6430,GeneID:945459",,gsiB,Gene,,,,,gsiB,protein_coding,"ECK0820,yliB",b0830,,,,,,,,,,
NC_000913.3,RefSeq,gene,870967,871887,,+,,921,gene-b0831,"ECOCYC:G6431,GeneID:945460",,gsiC,Gene,,,,,gsiC,protein_coding,"ECK0821,yliC",b0831,,,,,,,,,,
NC_000913.3,RefSeq,gene,871890,872801,,+,,912,gene-b0832,"ECOCYC:G6432,GeneID:945461",,gsiD,Gene,,,,,gsiD,protein_coding,"ECK0822,yliD",b0832,,,,,,,,,,
NC_000913.3,RefSeq,gene,872979,875327,,+,,2349,gene-b0833,"ECOCYC:G6433,GeneID:945462",,pdeI,Gene,,,,,pdeI,protein_coding,"ECK0823,yliE",b0833,,,,,,,,,,
NC_000913.3,RefSeq,gene,875335,876663,,+,,1329,gene-b0834,"ECOCYC:G6434,GeneID:945463",,dgcI,Gene,,,,,dgcI,protein_coding,"ECK0824,yliF",b0834,,,,,,,,,,
NC_000913.3,RefSeq,gene,876710,878035,,-,,1326,gene-b0835,"ECOCYC:G6435,GeneID:945465",,rimO,Gene,,,,,rimO,protein_coding,"ECK0825,yliG",b0835,,,,,,,,,,
NC_000913.3,RefSeq,gene,878248,878631,,+,,384,gene-b0836,"ECOCYC:G6436,GeneID:945466",,bssR,Gene,,,,,bssR,protein_coding,"ECK0826,yliH",b0836,,,,,,,,,,
NC_000913.3,RefSeq,gene,878742,879857,,+,,1116,gene-b0837,"ECOCYC:G6437,GeneID:945467",,yliI,Gene,,,,,yliI,protein_coding,ECK0827,b0837,,,,,,,,,,
NC_000913.3,RefSeq,gene,879854,880480,,-,,627,gene-b0838,"ECOCYC:G6438,GeneID:945469",,gstB,Gene,,,,,gstB,protein_coding,"ECK0828,yliJ",b0838,,,,,,,,,,
NC_000913.3,RefSeq,gene,880727,881929,,+,,1203,gene-b0839,"ECOCYC:EG10203,GeneID:945455",,dacC,Gene,,,,,dacC,protein_coding,ECK0829,b0839,,,,,,,,,,
NC_000913.3,RefSeq,gene,881976,882734,,-,,759,gene-b0840,"ECOCYC:EG10223,GeneID:945453",,deoR,Gene,,,,,deoR,protein_coding,"ECK0830,nucR",b0840,,,,,,,,,,
NC_000913.3,RefSeq,gene,882792,883388,,-,,597,gene-b0841,"ECOCYC:G6439,GeneID:945450",,ybjG,Gene,,,,,ybjG,protein_coding,ECK0831,b0841,,,,,,,,,,
NC_000913.3,RefSeq,gene,883673,884905,,+,,1233,gene-b0842,"ECOCYC:G6440,GeneID:945448",,mdfA,Gene,,,,,mdfA,protein_coding,"cmlA,cmr,ECK0832",b0842,,,,,,,,,,
NC_000913.3,RefSeq,gene,884946,885230,,-,,285,gene-b0843,"ECOCYC:G6441,GeneID:945447",,ybjH,Gene,,,,,ybjH,protein_coding,ECK0833,b0843,,,,,,,,,,
NC_000913.3,RefSeq,gene,885316,886131,,-,,816,gene-b0844,"ECOCYC:G6442,GeneID:945470",,ybjI,Gene,,,,,ybjI,protein_coding,ECK0834,b0844,,,,,,,,,,
NC_000913.3,RefSeq,gene,886131,887339,,-,,1209,gene-b0845,"ECOCYC:G6443,GeneID:945471",,ybjJ,Gene,,,,,ybjJ,protein_coding,ECK0835,b0845,,,,,,,,,,
NC_000913.3,RefSeq,gene,887423,887959,,+,,537,gene-b0846,"ECOCYC:G6444,GeneID:945473",,rcdA,Gene,,,,,rcdA,protein_coding,"ECK0836,ybjK",b0846,,,,,,,,,,
NC_000913.3,RefSeq,gene,887979,888057,,-,,79,gene-b4417,"ECOCYC:G0-8880,GeneID:2847774",,rybB,Gene,,,,,rybB,ncRNA,"ECK0837,p25",b4417,,,,,,,,,,
NC_000913.3,RefSeq,gene,888134,889819,,-,,1686,gene-b0847,"ECOCYC:G6445,GeneID:945474",,ybjL,Gene,,,,,ybjL,protein_coding,ECK0838,b0847,,,,,,,,,,
NC_000913.3,RefSeq,gene,890089,890466,,+,,378,gene-b0848,"ECOCYC:G6446,GeneID:945477",,ybjM,Gene,,,,,ybjM,protein_coding,ECK0839,b0848,,,,,,,,,,
NC_000913.3,RefSeq,gene,890496,890753,,-,,258,gene-b0849,"ECOCYC:EG10417,GeneID:945479",,grxA,Gene,,,,,grxA,protein_coding,"ECK0840,grx",b0849,,,,,,,,,,
NC_000913.3,RefSeq,gene,890913,891200,,+,,288,gene-b0850,"ECOCYC:EG12842,GeneID:945481",,ybjC,Gene,,,,,ybjC,protein_coding,ECK0841,b0850,,,,,,,,,,
NC_000913.3,RefSeq,gene,891184,891906,,+,,723,gene-b0851,"ECOCYC:EG11261,GeneID:945483",,nfsA,Gene,,,,,nfsA,protein_coding,"ECK0842,mda18,mdaA,ybjB",b0851,,,,,,,,,,
NC_000913.3,RefSeq,gene,891967,892869,,+,,903,gene-b0852,"ECOCYC:EG10852,GeneID:945484",,rimK,Gene,,,,,rimK,protein_coding,"ECK0843,nek",b0852,,,,,,,,,,
NC_000913.3,RefSeq,gene,892957,893433,,+,,477,gene-b0853,"ECOCYC:G6447,GeneID:945482",,ybjN,Gene,,,,,ybjN,protein_coding,ECK0844,b0853,,,,,,,,,,
NC_000913.3,RefSeq,gene,893784,894896,,+,,1113,gene-b0854,"ECOCYC:EG11629,GeneID:945480",,potF,Gene,,,,,potF,protein_coding,ECK0845,b0854,,,,,,,,,,
NC_000913.3,RefSeq,gene,894991,896124,,+,,1134,gene-b0855,"ECOCYC:EG11630,GeneID:945476",,potG,Gene,,,,,potG,protein_coding,ECK0846,b0855,,,,,,,,,,
NC_000913.3,RefSeq,gene,896134,897087,,+,,954,gene-b0856,"ECOCYC:EG11631,GeneID:945475",,potH,Gene,,,,,potH,protein_coding,ECK0847,b0856,,,,,,,,,,
NC_000913.3,RefSeq,gene,897084,897929,,+,,846,gene-b0857,"ECOCYC:EG11632,GeneID:945485",,potI,Gene,,,,,potI,protein_coding,ECK0848,b0857,,,,,,,,,,
NC_000913.3,RefSeq,gene,897989,898477,,+,,489,gene-b0858,"ECOCYC:G6448,GeneID:945488",,ybjO,Gene,,,,,ybjO,protein_coding,ECK0849,b0858,,,,,,,,,,
NC_000913.3,RefSeq,gene,898518,899645,,+,,1128,gene-b0859,"ECOCYC:G6449,GeneID:947260",,rlmC,Gene,,,,,rlmC,protein_coding,"ECK0850,rumB,ybjF",b0859,,,,,,,,,,
NC_000913.3,RefSeq,gene,899844,900575,,-,,732,gene-b0860,"ECOCYC:EG11628,GeneID:948981",,artJ,Gene,,,,,artJ,protein_coding,ECK0851,b0860,,,,,,,,,,
NC_000913.3,RefSeq,gene,900866,901534,,-,,669,gene-b0861,"ECOCYC:EG11627,GeneID:949066",,artM,Gene,,,,,artM,protein_coding,ECK0852,b0861,,,,,,,,,,
NC_000913.3,RefSeq,gene,901534,902250,,-,,717,gene-b0862,"ECOCYC:EG11626,GeneID:949046",,artQ,Gene,,,,,artQ,protein_coding,ECK0853,b0862,,,,,,,,,,
NC_000913.3,RefSeq,gene,902257,902988,,-,,732,gene-b0863,"ECOCYC:EG11625,GeneID:948988",,artI,Gene,,,,,artI,protein_coding,ECK0854,b0863,,,,,,,,,,
NC_000913.3,RefSeq,gene,903006,903734,,-,,729,gene-b0864,"ECOCYC:EG11624,GeneID:945489",,artP,Gene,,,,,artP,protein_coding,ECK0855,b0864,,,,,,,,,,
NC_000913.3,RefSeq,gene,903952,904467,,-,,516,gene-b0865,"ECOCYC:G6450,GeneID:945491",,ybjP,Gene,,,,,ybjP,protein_coding,ECK0856,b0865,,,,,,,,,,
NC_000913.3,RefSeq,gene,904593,904916,,+,,324,gene-b0866,"ECOCYC:G6451,GeneID:945493",,ybjQ,Gene,,,,,ybjQ,protein_coding,ECK0857,b0866,,,,,,,,,,
NC_000913.3,RefSeq,gene,904913,905743,,+,,831,gene-b0867,"ECOCYC:G6452,GeneID:945494",,amiD,Gene,,,,,amiD,protein_coding,"ECK0858,ybjR",b0867,,,,,,,,,,
NC_000913.3,RefSeq,gene,905740,906753,,-,,1014,gene-b0868,"ECOCYC:G6453,GeneID:945495",,ybjS,Gene,,,,,ybjS,protein_coding,ECK0859,b0868,,,,,,,,,,
NC_000913.3,RefSeq,gene,906852,908282,,-,,1431,gene-b0869,"ECOCYC:G6454,GeneID:945496",,ybjT,Gene,,,,,ybjT,protein_coding,ECK0860,b0869,,,,,,,,,,
NC_000913.3,RefSeq,gene,908293,909294,,-,,1002,gene-b0870,"ECOCYC:G6455,GeneID:944955",,ltaE,Gene,,,,,ltaE,protein_coding,"ECK0861,ltaA,ybjU",b0870,,,,,,,,,,
NC_000913.3,RefSeq,gene,909331,911049,,-,,1719,gene-b0871,"ECOCYC:EG10754,GeneID:946132",,poxB,Gene,,,,,poxB,protein_coding,ECK0862,b0871,,,,,,,,,,
NC_000913.3,RefSeq,gene,911182,912150,,-,,969,gene-b0872,"ECOCYC:G6456,GeneID:947660",,hcr,Gene,,,,,hcr,protein_coding,"ECK0863,ybjV",b0872,,,,,,,,,,
NC_000913.3,RefSeq,gene,912162,913814,,-,,1653,gene-b0873,"ECOCYC:G6457,GeneID:946592",,hcp,Gene,,,,,hcp,protein_coding,"ECK0864,priS,ybjW",b0873,,,,,,,,,,
NC_000913.3,RefSeq,gene,913958,914857,,-,,900,gene-b0874,"ECOCYC:G6458,GeneID:947142",,lysO,Gene,,,,,lysO,protein_coding,"ECK0865,ybjE",b0874,,,,,,,,,,
NC_000913.3,RefSeq,gene,915352,916047,,-,,696,gene-b0875,"ECOCYC:EG13270,GeneID:945497",,aqpZ,Gene,,,,,aqpZ,protein_coding,"bniP,ECK0866",b0875,,,,,,,,,,
NC_000913.3,RefSeq,gene,916473,918131,,+,,1659,gene-b0876,"ECOCYC:G6459,GeneID:945498",,ybjD,Gene,,,,,ybjD,protein_coding,ECK0867,b0876,,,,,,,,,,
NC_000913.3,RefSeq,gene,918128,919120,,-,,993,gene-b0877,"ECOCYC:G6460,GeneID:946025",,ybjX,Gene,,,,,ybjX,protein_coding,ECK0868,b0877,,,,,,,,,,
NC_000913.3,RefSeq,gene,919235,920350,,+,,1116,gene-b0878,"ECOCYC:G6461,GeneID:947322",,macA,Gene,,,,,macA,protein_coding,"ECK0869,ybjY",b0878,,,,,,,,,,
NC_000913.3,RefSeq,gene,920347,922293,,+,,1947,gene-b0879,"ECOCYC:G6462,GeneID:945164",,macB,Gene,,,,,macB,protein_coding,"ECK0870,ybjZ",b0879,,,,,,,,,,
NC_000913.3,RefSeq,gene,922366,922590,,-,,225,gene-b0880,"ECOCYC:EG11111,GeneID:945669",,cspD,Gene,,,,,cspD,protein_coding,"cspH,ECK0871,ybjA",b0880,,,,,,,,,,
NC_000913.3,RefSeq,gene,922740,922814,,+,,75,gene-b4770,"ECOCYC:G0-17016,GeneID:63925631",,yljB,Gene,,,,,yljB,protein_coding,ECK4627,b4770,,,,,,,,,,
NC_000913.3,RefSeq,gene,922913,923233,,+,,321,gene-b0881,"ECOCYC:G6463,GeneID:948443",,clpS,Gene,,,,,clpS,protein_coding,"ECK0872,yljA",b0881,,,,,,,,,,
NC_000913.3,RefSeq,gene,923264,925540,,+,,2277,gene-b0882,"ECOCYC:EG10156,GeneID:945764",,clpA,Gene,,,,,clpA,protein_coding,"ECK0873,lopD",b0882,,,,,,,,,,
NC_000913.3,RefSeq,gene,925884,925971,,-,,88,gene-b0883,"ECOCYC:EG30096,GeneID:945501",,serW,Gene,,,,,serW,tRNA,ECK0874,b0883,,,,,,,,,,
NC_000913.3,RefSeq,gene,926225,926443,,-,,219,gene-b0884,"ECOCYC:EG10504,GeneID:945500",,infA,Gene,,,,,infA,protein_coding,"bypA1,ECK0875",b0884,,,,,,,,,,
NC_000913.3,RefSeq,gene,926728,927432,,-,,705,gene-b0885,"ECOCYC:EG11112,GeneID:945490",,aat,Gene,,,,,aat,protein_coding,"ECK0876,ycaA",b0885,,,,,,,,,,
NC_000913.3,RefSeq,gene,927474,929195,,-,,1722,gene-b0886,"ECOCYC:EG10012,GeneID:945504",,cydC,Gene,,,,,cydC,protein_coding,"ECK0877,mdrA,mdrH,surB,ycaB",b0886,,,,,,,,,,
NC_000913.3,RefSeq,gene,929196,930962,,-,,1767,gene-b0887,"ECOCYC:EG11405,GeneID:949052",,cydD,Gene,,,,,cydD,protein_coding,"ECK0878,htrD",b0887,,,,,,,,,,
NC_000913.3,RefSeq,gene,931085,932050,,-,,966,gene-b0888,"ECOCYC:EG11032,GeneID:949054",,trxB,Gene,,,,,trxB,protein_coding,"ECK0879,trxR",b0888,,,,,,,,,,
NC_000913.3,RefSeq,gene,932595,933089,,+,,495,gene-b0889,"ECOCYC:EG10547,GeneID:949051",,lrp,Gene,,,,,lrp,protein_coding,"alsB,ECK0880,ihb,livR,lrs,lss,lstR,mbf,oppI,rblA",b0889,,,,,,,,,,
NC_000913.3,RefSeq,gene,933224,937213,,+,,3990,gene-b0890,"ECOCYC:G6464,GeneID:945102",,ftsK,Gene,,,,,ftsK,protein_coding,"dinH,ECK0881",b0890,,,,,,,,,,
NC_000913.3,RefSeq,gene,937372,937983,,+,,612,gene-b0891,"ECOCYC:G6465,GeneID:948989",,lolA,Gene,,,,,lolA,protein_coding,"ECK0882,lplA,yzzV",b0891,,,,,,,,,,
NC_000913.3,RefSeq,gene,937994,939337,,+,,1344,gene-b0892,"ECOCYC:EG12690,GeneID:945505",,rarA,Gene,,,,,rarA,protein_coding,"ECK0883,mgsA,ycaJ",b0892,,,,,,,,,,
NC_000913.3,RefSeq,gene,939428,940720,,+,,1293,gene-b0893,"ECOCYC:EG10947,GeneID:945506",,serS,Gene,,,,,serS,protein_coding,ECK0884,b0893,,,,,,,,,,
NC_000913.3,RefSeq,gene,940959,943403,,+,,2445,gene-b0894,"ECOCYC:EG10232,GeneID:945508",,dmsA,Gene,,,,,dmsA,protein_coding,ECK0885,b0894,,,,,,,,,,
NC_000913.3,RefSeq,gene,943414,944031,,+,,618,gene-b0895,"ECOCYC:EG10233,GeneID:945507",,dmsB,Gene,,,,,dmsB,protein_coding,ECK0886,b0895,,,,,,,,,,
NC_000913.3,RefSeq,gene,944033,944896,,+,,864,gene-b0896,"ECOCYC:EG10234,GeneID:945502",,dmsC,Gene,,,,,dmsC,protein_coding,ECK0887,b0896,,,,,,,,,,
NC_000913.3,RefSeq,gene,944931,945557,,-,,627,gene-b0897,"ECOCYC:EG11241,GeneID:945512",,ycaC,Gene,,,,,ycaC,protein_coding,ECK0888,b0897,,,,,,,,,,
NC_000913.3,RefSeq,gene,945871,947019,,+,,1149,gene-b0898,"ECOCYC:EG11242,GeneID:945515",,ycaD,Gene,,,,,ycaD,protein_coding,ECK0889,b0898,,,,,,,,,,
NC_000913.3,RefSeq,gene,947229,948659,,+,,1431,gene-b0899,"ECOCYC:G6466,GeneID:945518",,ycaM,Gene,,,,,ycaM,protein_coding,ECK0890,b0899,,,,,,,,,,
NC_000913.3,RefSeq,gene,948660,949568,,-,,909,gene-b0900,"ECOCYC:G6467,GeneID:945523",,ycaN,Gene,,,,,ycaN,protein_coding,ECK0891,b0900,,,,,,,,,,
NC_000913.3,RefSeq,gene,949668,950258,,+,,591,gene-b0901,"ECOCYC:EG12702,GeneID:945520",,ycaK,Gene,,,,,ycaK,protein_coding,ECK0892,b0901,,,,,,,,,,
NC_000913.3,RefSeq,gene,950340,951080,,-,,741,gene-b0902,"ECOCYC:EG10028,GeneID:945517",,pflA,Gene,,,,,pflA,protein_coding,"act,ECK0893",b0902,,,,,,,,,,
NC_000913.3,RefSeq,gene,951272,953554,,-,,2283,gene-b0903,"ECOCYC:EG10701,GeneID:945514",,pflB,Gene,,,,,pflB,protein_coding,"ECK0894,pfl",b0903,,,,,,,,,,
NC_000913.3,RefSeq,gene,953609,954466,,-,,858,gene-b0904,"ECOCYC:EG11258,GeneID:945513",,focA,Gene,,,,,focA,protein_coding,"ECK0895,ycaE",b0904,,,,,,,,,,
NC_000913.3,RefSeq,gene,954872,956632,,-,,1761,gene-b0905,"ECOCYC:G6468,GeneID:945509",,ycaO,Gene,,,,,ycaO,protein_coding,ECK0896,b0905,,,,,,,,,,
NC_000913.3,RefSeq,gene,956762,957454,,+,,693,gene-b0906,"ECOCYC:G6469,GeneID:945525",,ycaP,Gene,,,,,ycaP,protein_coding,ECK0897,b0906,,,,,,,,,,
NC_000913.3,RefSeq,gene,957653,958741,,+,,1089,gene-b0907,"ECOCYC:EG10946,GeneID:945527",,serC,Gene,,,,,serC,protein_coding,"ECK0898,pdxC,pdxF",b0907,,,,,,,,,,
NC_000913.3,RefSeq,gene,958812,960095,,+,,1284,gene-b0908,"ECOCYC:EG10073,GeneID:945528",,aroA,Gene,,,,,aroA,protein_coding,ECK0899,b0908,,,,,,,,,,
NC_000913.3,RefSeq,gene,960264,961028,,+,,765,gene-b0909,"ECOCYC:G6470,GeneID:945534",,ycaL,Gene,,,,,ycaL,protein_coding,ECK0900,b0909,,,,,,,,,,
NC_000913.3,RefSeq,gene,961201,961884,,+,,684,gene-b0910,"ECOCYC:EG11265,GeneID:945535",,cmk,Gene,,,,,cmk,protein_coding,"ECK0901,mssA,ycaF,ycaG",b0910,,,,,,,,,,
NC_000913.3,RefSeq,gene,961995,963668,,+,,1674,gene-b0911,"ECOCYC:EG10900,GeneID:945536",,rpsA,Gene,,,,,rpsA,protein_coding,"ECK0902,ssyF",b0911,,,,,,,,,,
NC_000913.3,RefSeq,gene,963828,964112,,+,,285,gene-b0912,"ECOCYC:EG10441,GeneID:945533",,ihfB,Gene,,,,,ihfB,protein_coding,"ECK0903,himD,hip",b0912,,,,,,,,,,
NC_000913.3,RefSeq,gene,964320,966584,,+,,2265,gene-b0913,"ECOCYC:EG12375,GeneID:945531",,ycaI,Gene,,,,,ycaI,protein_coding,ECK0904,b0913,,,,,,,,,,
NC_000913.3,RefSeq,gene,966621,968369,,+,,1749,gene-b0914,"ECOCYC:EG10613,GeneID:945530",,msbA,Gene,,,,,msbA,protein_coding,ECK0905,b0914,,,,,,,,,,
NC_000913.3,RefSeq,gene,968366,969352,,+,,987,gene-b0915,"ECOCYC:EG11409,GeneID:945526",,lpxK,Gene,,,,,lpxK,protein_coding,"ECK0906,ycaH",b0915,,,,,,,,,,
NC_000913.3,RefSeq,gene,969389,970621,,+,,1233,gene-b0916,"ECOCYC:G6471,GeneID:945524",,ycaQ,Gene,,,,,ycaQ,protein_coding,"alkZ,ECK0907",b0916,,,,,,,,,,
NC_000913.3,RefSeq,gene,970673,970855,,+,,183,gene-b0917,"ECOCYC:G6472,GeneID:945537",,ycaR,Gene,,,,,ycaR,protein_coding,ECK0908,b0917,,,,,,,,,,
NC_000913.3,RefSeq,gene,970852,971598,,+,,747,gene-b0918,"ECOCYC:EG10519,GeneID:945539",,kdsB,Gene,,,,,kdsB,protein_coding,ECK0909,b0918,,,,,,,,,,
NC_000913.3,RefSeq,gene,971752,972645,,+,,894,gene-b0919,"ECOCYC:G6473,GeneID:945545",,ycbJ,Gene,,,,,ycbJ,protein_coding,ECK0910,b0919,,,,,,,,,,
NC_000913.3,RefSeq,gene,972622,973401,,-,,780,gene-b0920,"ECOCYC:EG12166,GeneID:945546",,elyC,Gene,,,,,elyC,protein_coding,"ECK0911,ycbC",b0920,,,,,,,,,,
NC_000913.3,RefSeq,gene,973537,974322,,+,,786,gene-b0921,"ECOCYC:EG12167,GeneID:945547",,cmoM,Gene,,,,,cmoM,protein_coding,"ECK0912,smtA,ycbD",b0921,,,,,,,,,,
NC_000913.3,RefSeq,gene,974319,975641,,+,,1323,gene-b0922,"ECOCYC:EG12165,GeneID:945548",,mukF,Gene,,,,,mukF,protein_coding,"ECK0913,kicB",b0922,,,,,,,,,,
NC_000913.3,RefSeq,gene,975622,976326,,+,,705,gene-b0923,"ECOCYC:EG11252,GeneID:945550",,mukE,Gene,,,,,mukE,protein_coding,"ECK0914,kicA,ycbA",b0923,,,,,,,,,,
NC_000913.3,RefSeq,gene,976326,980786,,+,,4461,gene-b0924,"ECOCYC:EG10618,GeneID:945549",,mukB,Gene,,,,,mukB,protein_coding,ECK0915,b0924,,,,,,,,,,
NC_000913.3,RefSeq,gene,981047,982894,,+,,1848,gene-b0925,"ECOCYC:EG11253,GeneID:945541",,ldtD,Gene,,,,,ldtD,protein_coding,"ECK0916,ycbB",b0925,,,,,,,,,,
NC_000913.3,RefSeq,gene,983075,983623,,+,,549,gene-b0926,"ECOCYC:G6474,GeneID:945538",,mepK,Gene,,,,,mepK,protein_coding,"ECK0917,ycbK",b0926,,,,,,,,,,
NC_000913.3,RefSeq,gene,983650,984297,,+,,648,gene-b0927,"ECOCYC:G6475,GeneID:945551",,gloC,Gene,,,,,gloC,protein_coding,"ECK0918,ycbL",b0927,,,,,,,,,,
NC_000913.3,RefSeq,gene,984519,985709,,-,,1191,gene-b0928,"ECOCYC:EG10096,GeneID:945553",,aspC,Gene,,,,,aspC,protein_coding,ECK0919,b0928,,,,,,,,,,
NC_000913.3,RefSeq,gene,985894,986982,,-,,1089,gene-b0929,"ECOCYC:EG10671,GeneID:945554",,ompF,Gene,,,,,ompF,protein_coding,"cmlB,cry,ECK0920,nfxB,tolF",b0929,,,,,,,,,,
NC_000913.3,RefSeq,gene,987585,988985,,-,,1401,gene-b0930,"ECOCYC:EG10094,GeneID:945555",,asnS,Gene,,,,,asnS,protein_coding,"ECK0921,lcs,tss",b0930,,,,,,,,,,
NC_000913.3,RefSeq,gene,989154,990356,,-,,1203,gene-b0931,"ECOCYC:EG10742,GeneID:946648",,pncB,Gene,,,,,pncB,protein_coding,ECK0922,b0931,,,,,,,,,,
NC_000913.3,RefSeq,gene,990622,993234,,+,,2613,gene-b0932,"ECOCYC:EG10696,GeneID:947253",,pepN,Gene,,,,,pepN,protein_coding,ECK0923,b0932,,,,,,,,,,
NC_000913.3,RefSeq,gene,993277,994044,,-,,768,gene-b0933,"ECOCYC:EG12358,GeneID:947220",,ssuB,Gene,,,,,ssuB,protein_coding,"ECK0924,ycbE",b0933,,,,,,,,,,
NC_000913.3,RefSeq,gene,994041,994832,,-,,792,gene-b0934,"ECOCYC:G6476,GeneID:947216",,ssuC,Gene,,,,,ssuC,protein_coding,"ECK0925,ycbM",b0934,,,,,,,,,,
NC_000913.3,RefSeq,gene,994843,995988,,-,,1146,gene-b0935,"ECOCYC:G6477,GeneID:945557",,ssuD,Gene,,,,,ssuD,protein_coding,"ECK0926,ssi6,ycbN",b0935,,,,,,,,,,
NC_000913.3,RefSeq,gene,995985,996944,,-,,960,gene-b0936,"ECOCYC:G6478,GeneID:945560",,ssuA,Gene,,,,,ssuA,protein_coding,"ECK0927,ycbO",b0936,,,,,,,,,,
NC_000913.3,RefSeq,gene,996937,997512,,-,,576,gene-b0937,"ECOCYC:G6479,GeneID:945947",,ssuE,Gene,,,,,ssuE,protein_coding,"ECK0928,ssi4,ycbP",b0937,,,,,,,,,,
NC_000913.3,RefSeq,gene,997868,998407,,+,,540,gene-b0938,"ECOCYC:G6480,GeneID:948306",,elfA,Gene,,,,,elfA,protein_coding,"ECK0929,ycbQ",b0938,,,,,,,,,,
NC_000913.3,RefSeq,gene,998490,999191,,+,,702,gene-b0939,"ECOCYC:G6481,GeneID:946773",,elfD,Gene,,,,,elfD,protein_coding,"ECK0930,ycbR",b0939,,,,,,,,,,
NC_000913.3,RefSeq,gene,999216,1001816,,+,,2601,gene-b0940,"ECOCYC:G6482,GeneID:946934",,elfC,Gene,,,,,elfC,protein_coding,"ECK0931,ycbS",b0940,,,,,,,,,,
NC_000913.3,RefSeq,gene,1001807,1002877,,+,,1071,gene-b0941,"ECOCYC:G6483,GeneID:947185",,elfG,Gene,,,,,elfG,protein_coding,"ECK0932,ycbT",b0941,,,,,,,,,,
NC_000913.3,RefSeq,gene,1002889,1003431,,+,,543,gene-b0942,"ECOCYC:G6484,GeneID:945561",,ycbU,Gene,,,,,ycbU,protein_coding,ECK0933,b0942,,,,,,,,,,
NC_000913.3,RefSeq,gene,1003439,1003954,,+,,516,gene-b0943,"ECOCYC:G6485,GeneID:945562",,ycbV,Gene,,,,,ycbV,protein_coding,ECK0934,b0943,,,,,,,,,,
NC_000913.3,RefSeq,gene,1003947,1004657,,+,,711,gene-b0944,"ECOCYC:EG12397,GeneID:945559",,ycbF,Gene,,,,,ycbF,protein_coding,ECK0935,b0944,,,,,,,,,,
NC_000913.3,RefSeq,gene,1004768,1005778,,+,,1011,gene-b0945,"ECOCYC:EG10807,GeneID:945556",,pyrD,Gene,,,,,pyrD,protein_coding,ECK0936,b0945,,,,,,,,,,
NC_000913.3,RefSeq,gene,1005952,1006494,,+,,543,gene-b0946,"ECOCYC:G6486,GeneID:945552",,zapC,Gene,,,,,zapC,protein_coding,"ECK0937,ycbW",b0946,,,,,,,,,,
NC_000913.3,RefSeq,gene,1006491,1007600,,-,,1110,gene-b0947,"ECOCYC:G6487,GeneID:945563",,ycbX,Gene,,,,,ycbX,protein_coding,ECK0938,b0947,,,,,,,,,,
NC_000913.3,RefSeq,gene,1007844,1009952,,+,,2109,gene-b0948,"ECOCYC:G6488,GeneID:945564",,rlmL,Gene,,,,,rlmL,protein_coding,"ECK0939,rlmK,rlmKL,ycbY",b0948,,,,,,,,,,
NC_000913.3,RefSeq,gene,1009964,1011871,,+,,1908,gene-b0949,"ECOCYC:G6489,GeneID:945566",,uup,Gene,,,,,uup,protein_coding,"ECK0940,ycbH,ycbI",b0949,,,,,,,,,,
NC_000913.3,RefSeq,gene,1012001,1013254,,+,,1254,gene-b0950,"ECOCYC:G6490,GeneID:944999",,pqiA,Gene,,,,,pqiA,protein_coding,"ECK0941,pqi5,pqi5A",b0950,,,,,,,,,,
NC_000913.3,RefSeq,gene,1013259,1014899,,+,,1641,gene-b0951,"ECOCYC:G6491,GeneID:945653",,pqiB,Gene,,,,,pqiB,protein_coding,"ECK0942,pqi5,pqi5B",b0951,,,,,,,,,,
NC_000913.3,RefSeq,gene,1014896,1015459,,+,,564,gene-b0952,"ECOCYC:G6492,GeneID:946972",,pqiC,Gene,,,,,pqiC,protein_coding,"ECK0943,ymbA",b0952,,,,,,,,,,
NC_000913.3,RefSeq,gene,1015715,1015882,,+,,168,gene-b0953,"ECOCYC:EG50004,GeneID:945567",,rmf,Gene,,,,,rmf,protein_coding,"ECK0944,res,rimF",b0953,,,,,,,,,,
NC_000913.3,RefSeq,gene,1015952,1016470,,-,,519,gene-b0954,"ECOCYC:EG10273,GeneID:945568",,fabA,Gene,,,,,fabA,protein_coding,ECK0945,b0954,,,,,,,,,,
NC_000913.3,RefSeq,gene,1016539,1018299,,-,,1761,gene-b0955,"ECOCYC:G6493,GeneID:945569",,ycbZ,Gene,,,,,ycbZ,protein_coding,ECK0946,b0955,,,,,,,,,,
NC_000913.3,RefSeq,gene,1018485,1018937,,+,,453,gene-b0956,"ECOCYC:EG12855,GeneID:945570",,matP,Gene,,,,,matP,protein_coding,"ECK0947,ycbG",b0956,,,,,,,,,,
NC_000913.3,RefSeq,gene,1019013,1020053,,-,,1041,gene-b0957,"ECOCYC:EG10669,GeneID:945571",,ompA,Gene,,,,,ompA,protein_coding,"con,ECK0948,tolG,tut",b0957,,,,,,,,,,
NC_000913.3,RefSeq,gene,1020410,1020919,,-,,510,gene-b0958,"ECOCYC:EG10984,GeneID:947335",,sulA,Gene,,,,,sulA,protein_coding,"ECK0949,sfiA,suf",b0958,,,,,,,,,,
NC_000913.3,RefSeq,gene,1021138,1021767,,+,,630,gene-b0959,"ECOCYC:G6494,GeneID:946504",,sxy,Gene,,,,,sxy,protein_coding,"ECK0950,yccR",b0959,,,,,,,,,,
NC_000913.3,RefSeq,gene,1021730,1023883,,-,,2154,gene-b0960,"ECOCYC:G6495,GeneID:947001",,yccS,Gene,,,,,yccS,protein_coding,ECK0951,b0960,,,,,,,,,,
NC_000913.3,RefSeq,gene,1023902,1024348,,-,,447,gene-b0961,"ECOCYC:G6496,GeneID:945594",,yccF,Gene,,,,,yccF,protein_coding,ECK0952,b0961,,,,,,,,,,
NC_000913.3,RefSeq,gene,1024471,1026525,,+,,2055,gene-b0962,"ECOCYC:EG10426,GeneID:946227",,helD,Gene,,,,,helD,protein_coding,"ECK0953,srjB",b0962,,,,,,,,,,
NC_000913.3,RefSeq,gene,1026557,1027015,,-,,459,gene-b0963,"ECOCYC:G6497,GeneID:945574",,mgsA,Gene,,,,,mgsA,protein_coding,"ECK0954,mgs,yccG",b0963,,,,,,,,,,
NC_000913.3,RefSeq,gene,1027111,1027773,,-,,663,gene-b0964,"ECOCYC:G6498,GeneID:945577",,csgI,Gene,,,,,csgI,protein_coding,"ECK0955,yccT",b0964,,,,,,,,,,
NC_000913.3,RefSeq,gene,1027946,1028359,,+,,414,gene-b0965,"ECOCYC:G6499,GeneID:949008",,yccU,Gene,,,,,yccU,protein_coding,ECK0956,b0965,,,,,,,,,,
NC_000913.3,RefSeq,gene,1028404,1028721,,-,,318,gene-b0966,"ECOCYC:G6500,GeneID:945578",,hspQ,Gene,,,,,hspQ,protein_coding,"ECK0957,yccV",b0966,,,,,,,,,,
NC_000913.3,RefSeq,gene,1028779,1029969,,-,,1191,gene-b0967,"ECOCYC:G6501,GeneID:946691",,rlmI,Gene,,,,,rlmI,protein_coding,"ECK0958,yccW",b0967,,,,,,,,,,
NC_000913.3,RefSeq,gene,1030064,1030342,,+,,279,gene-b0968,"ECOCYC:G6502,GeneID:945304",,yccX,Gene,,,,,yccX,protein_coding,ECK0959,b0968,,,,,,,,,,
NC_000913.3,RefSeq,gene,1030339,1030668,,-,,330,gene-b0969,"ECOCYC:EG12876,GeneID:945023",,tusE,Gene,,,,,tusE,protein_coding,"ECK0960,yccK",b0969,,,,,,,,,,
NC_000913.3,RefSeq,gene,1030759,1031418,,-,,660,gene-b0970,"ECOCYC:EG11113,GeneID:946016",,yccA,Gene,,,,,yccA,protein_coding,ECK0961,b0970,,,,,,,,,,
NC_000913.3,RefSeq,gene,1031625,1031712,,-,,88,gene-b0971,"ECOCYC:EG30093,GeneID:944826",,serT,Gene,,,,,serT,tRNA,"divE,ECK0962",b0971,,,,,,,,,,
NC_000913.3,RefSeq,gene,1032139,1033257,,+,,1119,gene-b0972,"ECOCYC:EG10468,GeneID:945579",,hyaA,Gene,,,,,hyaA,protein_coding,ECK0963,b0972,,,,,,,,,,
NC_000913.3,RefSeq,gene,1033254,1035047,,+,,1794,gene-b0973,"ECOCYC:EG10469,GeneID:945580",,hyaB,Gene,,,,,hyaB,protein_coding,ECK0964,b0973,,,,,,,,,,
NC_000913.3,RefSeq,gene,1035066,1035773,,+,,708,gene-b0974,"ECOCYC:EG10470,GeneID:945581",,hyaC,Gene,,,,,hyaC,protein_coding,"cybH,ECK0965",b0974,,,,,,,,,,
NC_000913.3,RefSeq,gene,1035770,1036357,,+,,588,gene-b0975,"ECOCYC:EG10471,GeneID:945575",,hyaD,Gene,,,,,hyaD,protein_coding,ECK0966,b0975,,,,,,,,,,
NC_000913.3,RefSeq,gene,1036354,1036752,,+,,399,gene-b0976,"ECOCYC:EG10472,GeneID:945573",,hyaE,Gene,,,,,hyaE,protein_coding,ECK0967,b0976,,,,,,,,,,
NC_000913.3,RefSeq,gene,1036749,1037606,,+,,858,gene-b0977,"ECOCYC:EG10473,GeneID:945572",,hyaF,Gene,,,,,hyaF,protein_coding,ECK0968,b0977,,,,,,,,,,
NC_000913.3,RefSeq,gene,1037740,1039284,,+,,1545,gene-b0978,"ECOCYC:EG11380,GeneID:945585",,appC,Gene,,,,,appC,protein_coding,"cbdA,cyxA,ECK0969",b0978,,,,,,,,,,
NC_000913.3,RefSeq,gene,1039296,1040432,,+,,1137,gene-b0979,"ECOCYC:EG11379,GeneID:947547",,appB,Gene,,,,,appB,protein_coding,"cbdB,cyxB,ECK0970",b0979,,,,,,,,,,
NC_000913.3,RefSeq,gene,1040445,1040537,,+,,93,gene-b4592,"ECOCYC:G0-10588,GeneID:948955",,appX,Gene,,,,,appX,protein_coding,"cbdX,ECK4402,yccB",b4592,,,,,,,,,,
NC_000913.3,RefSeq,gene,1040617,1041915,,+,,1299,gene-b0980,"ECOCYC:EG10049,GeneID:946206",,appA,Gene,,,,,appA,protein_coding,ECK0971,b0980,,,,,,,,,,
NC_000913.3,RefSeq,gene,1042030,1044210,,-,,2181,gene-b0981,"ECOCYC:EG11826,GeneID:947409",,etk,Gene,,,,,etk,protein_coding,"ECK0972,yccC",b0981,,,,,,,,,,
NC_000913.3,RefSeq,gene,1044230,1044676,,-,,447,gene-b0982,"ECOCYC:G6503,GeneID:945236",,etp,Gene,,,,,etp,protein_coding,"ECK0973,yccY",b0982,,,,,,,,,,
NC_000913.3,RefSeq,gene,1044664,1045803,,-,,1140,gene-b0983,"ECOCYC:G6504,GeneID:945586",,gfcE,Gene,,,,,gfcE,protein_coding,"ECK0974,yccZ",b0983,,,,,,,,,,
NC_000913.3,RefSeq,gene,1045849,1047945,,-,,2097,gene-b0984,"ECOCYC:G6505,GeneID:945588",,gfcD,Gene,,,,,gfcD,protein_coding,"ECK0975,ymcA",b0984,,,,,,,,,,
NC_000913.3,RefSeq,gene,1047945,1048691,,-,,747,gene-b0985,"ECOCYC:G6506,GeneID:944978",,gfcC,Gene,,,,,gfcC,protein_coding,"ECK0976,ymcB",b0985,,,,,,,,,,
NC_000913.3,RefSeq,gene,1048688,1049332,,-,,645,gene-b0986,"ECOCYC:G6507,GeneID:949118",,gfcB,Gene,,,,,gfcB,protein_coding,"ECK0977,ymcC",b0986,,,,,,,,,,
NC_000913.3,RefSeq,gene,1049439,1049744,,-,,306,gene-b0987,"ECOCYC:G6508,GeneID:945029",,gfcA,Gene,,,,,gfcA,protein_coding,"ECK0978,ymcD",b0987,,,,,,,,,,
NC_000913.3,RefSeq,gene,1049833,1050108,,+,,276,gene-b4516,"ECOCYC:G0-10430,GeneID:1450250",,insA4,Gene,,,,,insA4,protein_coding,ECK0023,b4516,,,,,,,,,,
NC_000913.3,RefSeq,gene,1050027,1050530,,+,,504,gene-b0988,"ECOCYC:G6509,GeneID:945009",,insB4,Gene,,,,,insB4,protein_coding,ECK0022,b0988,,,,,,,,,,
NC_000913.3,RefSeq,gene,1050963,1051175,,-,,213,gene-b0989,"ECOCYC:G6510,GeneID:945590",,cspH,Gene,,,,,cspH,protein_coding,"cspK,ECK0979",b0989,,,,,,,,,,
NC_000913.3,RefSeq,gene,1051461,1051673,,+,,213,gene-b0990,"ECOCYC:G6511,GeneID:945591",,cspG,Gene,,,,,cspG,protein_coding,ECK0980,b0990,,,,,,,,,,
NC_000913.3,RefSeq,gene,1051684,1051872,,+,,189,gene-b4723,"ECOCYC:G0-16688,GeneID:38094947",,ymcF,Gene,,,,,ymcF,protein_coding,ECK4580,b4723,,,,,,,,,,
NC_000913.3,RefSeq,gene,1051847,1052077,,+,,231,gene-b0991,"ECOCYC:G6512,GeneID:946951",,ymcE,Gene,,,,,ymcE,protein_coding,ECK0981,b0991,,,,,,,,,,
NC_000913.3,RefSeq,gene,1052067,1052240,,+,,174,gene-b4517,"ECOCYC:G0-9662,GeneID:1450249",,gnsA,Gene,,,,,gnsA,protein_coding,"ECK0982,sfa,yccL",b4517,,,,,,,,,,
NC_000913.3,RefSeq,gene,1052289,1053362,,-,,1074,gene-b0992,"ECOCYC:G6513,GeneID:946295",,yccM,Gene,,,,,yccM,protein_coding,ECK0983,b0992,,,,,,,,,,
NC_000913.3,RefSeq,gene,1053434,1056178,,-,,2745,gene-b0993,"ECOCYC:G6514,GeneID:945595",,torS,Gene,,,,,torS,protein_coding,"ECK0984,yccI",b0993,,,,,,,,,,
NC_000913.3,RefSeq,gene,1056261,1057289,,+,,1029,gene-b0994,"ECOCYC:G6515,GeneID:946289",,torT,Gene,,,,,torT,protein_coding,"ECK0985,yccH",b0994,,,,,,,,,,
NC_000913.3,RefSeq,gene,1057262,1057954,,-,,693,gene-b0995,"ECOCYC:EG12615,GeneID:946182",,torR,Gene,,,,,torR,protein_coding,ECK0986,b0995,,,,,,,,,,
NC_000913.3,RefSeq,gene,1058084,1059256,,+,,1173,gene-b0996,"ECOCYC:EG11815,GeneID:946252",,torC,Gene,,,,,torC,protein_coding,ECK0987,b0996,,,,,,,,,,
NC_000913.3,RefSeq,gene,1059256,1061802,,+,,2547,gene-b0997,"ECOCYC:EG11814,GeneID:946267",,torA,Gene,,,,,torA,protein_coding,ECK0988,b0997,,,,,,,,,,
NC_000913.3,RefSeq,gene,1061799,1062398,,+,,600,gene-b0998,"ECOCYC:EG12195,GeneID:945625",,torD,Gene,,,,,torD,protein_coding,ECK0989,b0998,,,,,,,,,,
NC_000913.3,RefSeq,gene,1062550,1062855,,-,,306,gene-b0999,"ECOCYC:EG12194,GeneID:945597",,cbpM,Gene,,,,,cbpM,protein_coding,"ECK0990,yccD",b0999,,,,,,,,,,
NC_000913.3,RefSeq,gene,1062855,1063775,,-,,921,gene-b1000,"ECOCYC:EG12193,GeneID:947572",,cbpA,Gene,,,,,cbpA,protein_coding,ECK0991,b1000,,,,,,,,,,
NC_000913.3,RefSeq,gene,1064036,1065292,,+,,1257,gene-b1001,"ECOCYC:EG12196,GeneID:947468",,yccE,Gene,,,,,yccE,protein_coding,ECK0992,b1001,,,,,,,,,,
NC_000913.3,RefSeq,gene,1065585,1066826,,+,,1242,gene-b1002,"ECOCYC:EG10033,GeneID:945773",,agp,Gene,,,,,agp,protein_coding,ECK0993,b1002,,,,,,,,,,
NC_000913.3,RefSeq,gene,1066864,1067091,,-,,228,gene-b1003,"ECOCYC:EG12703,GeneID:948930",,yccJ,Gene,,,,,yccJ,protein_coding,ECK0994,b1003,,,,,,,,,,
NC_000913.3,RefSeq,gene,1067112,1067708,,-,,597,gene-b1004,"ECOCYC:EG11540,GeneID:947263",,wrbA,Gene,,,,,wrbA,protein_coding,ECK0995,b1004,,,,,,,,,,
NC_000913.3,RefSeq,gene,1068081,1068254,,+,,174,gene-b4518,"ECOCYC:G0-10443,GeneID:945598",,ymdF,Gene,,,,,ymdF,protein_coding,ECK0996,b4518,,,,,,,,,,
NC_000913.3,RefSeq,gene,1068511,1069839,,-,,1329,gene-b1006,"ECOCYC:G6517,GeneID:946589",,rutG,Gene,,,,,rutG,protein_coding,"ECK0997,ycdG",b1006,,,,,,,,,,
NC_000913.3,RefSeq,gene,1069860,1070354,,-,,495,gene-b1007,"ECOCYC:G6518,GeneID:946594",,rutF,Gene,,,,,rutF,protein_coding,"ECK0998,ycdH",b1007,,,,,,,,,,
NC_000913.3,RefSeq,gene,1070365,1070955,,-,,591,gene-b1008,"ECOCYC:G6519,GeneID:946591",,rutE,Gene,,,,,rutE,protein_coding,"ECK0999,ycdI",b1008,,,,,,,,,,
NC_000913.3,RefSeq,gene,1070965,1071765,,-,,801,gene-b1009,"ECOCYC:G6520,GeneID:946586",,rutD,Gene,,,,,rutD,protein_coding,"ECK1000,ycdJ",b1009,,,,,,,,,,
NC_000913.3,RefSeq,gene,1071773,1072159,,-,,387,gene-b1010,"ECOCYC:G6521,GeneID:945599",,rutC,Gene,,,,,rutC,protein_coding,"ECK1001,ycdK",b1010,,,,,,,,,,
NC_000913.3,RefSeq,gene,1072171,1072863,,-,,693,gene-b1011,"ECOCYC:G6522,GeneID:945699",,rutB,Gene,,,,,rutB,protein_coding,"ECK1002,ycdL",b1011,,,,,,,,,,
NC_000913.3,RefSeq,gene,1072863,1074011,,-,,1149,gene-b1012,"ECOCYC:G6523,GeneID:945643",,rutA,Gene,,,,,rutA,protein_coding,"ECK1003,ycdM",b1012,,,,,,,,,,
NC_000913.3,RefSeq,gene,1074242,1074880,,+,,639,gene-b1013,"ECOCYC:EG12301,GeneID:945075",,rutR,Gene,,,,,rutR,protein_coding,"ECK1004,ycdC",b1013,,,,,,,,,,
NC_000913.3,RefSeq,gene,1074920,1078882,,-,,3963,gene-b1014,"ECOCYC:EG10801,GeneID:945600",,putA,Gene,,,,,putA,protein_coding,"ECK1005,poaA,putC",b1014,,,,,,,,,,
NC_000913.3,RefSeq,gene,1079120,1079146,,+,,27,gene-b4737,"ECOCYC:G0-16732,GeneID:38094948",,ymdG,Gene,,,,,ymdG,protein_coding,ECK4594,b4737,,,,,,,,,,
NC_000913.3,RefSeq,gene,1079305,1080813,,+,,1509,gene-b1015,"ECOCYC:EG10802,GeneID:945602",,putP,Gene,,,,,putP,protein_coding,"ECK1006,putC",b1015,,,,,,,,,,
NC_000913.3,RefSeq,gene,1082243,1083370,,+,,1128,gene-b1018,"ECOCYC:G6527,GeneID:945603",,efeO,Gene,,,,,efeO,protein_coding,"ECK1008,ycdO",b1018,,,,,,,,,,
NC_000913.3,RefSeq,gene,1083376,1084647,,+,,1272,gene-b1019,"ECOCYC:EG11735,GeneID:946500",,efeB,Gene,,,,,efeB,protein_coding,"ECK1009,ycdB",b1019,,,,,,,,,,
NC_000913.3,RefSeq,gene,1084992,1086056,,+,,1065,gene-b1020,"ECOCYC:EG11734,GeneID:948010",,phoH,Gene,,,,,phoH,protein_coding,"ECK1010,psiH",b1020,,,,,,,,,,
NC_000913.3,RefSeq,gene,1086106,1086519,,-,,414,gene-b1021,"ECOCYC:G6528,GeneID:947503",,pgaD,Gene,,,,,pgaD,protein_coding,"ECK1011,hmsS,ycdP",b1021,,,,,,,,,,
NC_000913.3,RefSeq,gene,1086521,1087846,,-,,1326,gene-b1022,"ECOCYC:G6529,GeneID:945606",,pgaC,Gene,,,,,pgaC,protein_coding,"ECK1012,hmsR,ycdQ",b1022,,,,,,,,,,
NC_000913.3,RefSeq,gene,1087839,1089857,,-,,2019,gene-b1023,"ECOCYC:G6530,GeneID:945604",,pgaB,Gene,,,,,pgaB,protein_coding,"ECK1013,hmsF,ycdR",b1023,,,,,,,,,,
NC_000913.3,RefSeq,gene,1089866,1092289,,-,,2424,gene-b1024,"ECOCYC:G6531,GeneID:945596",,pgaA,Gene,,,,,pgaA,protein_coding,"ECK1014,hmsH,ycdS",b1024,,,,,,,,,,
NC_000913.3,RefSeq,gene,1092876,1094234,,+,,1359,gene-b1025,"ECOCYC:G6532,GeneID:945593",,dgcT,Gene,,,,,dgcT,protein_coding,"ECK1015,ycdT",b1025,,,,,,,,,,
NC_000913.3,RefSeq,gene,1094275,1095141,,-,,867,gene-b1026,"ECOCYC:G6533,GeneID:945587",,insF4,Gene,,,,,insF4,protein_coding,"ECK0299,tra5-3",b1026,,,,,,,,,,
NC_000913.3,RefSeq,gene,1095138,1095437,,-,,300,gene-b1027,"ECOCYC:G6534,GeneID:945584",,insE4,Gene,,,,,insE4,protein_coding,ECK0298,b1027,,,,,,,,,,
NC_000913.3,RefSeq,gene,1095843,1096829,,+,,987,gene-b1029,"ECOCYC:G6536,GeneID:945592",,ycdU,Gene,,,,,ycdU,protein_coding,ECK1017,b1029,,,,,,,,,,
NC_000913.3,RefSeq,gene,1097565,1097652,,-,,88,gene-b1032,"ECOCYC:EG30097,GeneID:945714",,serX,Gene,,,,,serX,tRNA,ECK1018,b1032,,,,,,,,,,
NC_000913.3,RefSeq,gene,1097886,1098824,,+,,939,gene-b1033,"ECOCYC:G6539,GeneID:946431",,ghrA,Gene,,,,,ghrA,protein_coding,"ECK1019,ycdW",b1033,,,,,,,,,,
NC_000913.3,RefSeq,gene,1098879,1099616,,+,,738,gene-b1034,"ECOCYC:G6540,GeneID:948477",,ycdX,Gene,,,,,ycdX,protein_coding,ECK1020,b1034,,,,,,,,,,
NC_000913.3,RefSeq,gene,1099640,1100194,,+,,555,gene-b1035,"ECOCYC:G6541,GeneID:945609",,ycdY,Gene,,,,,ycdY,protein_coding,ECK1021,b1035,,,,,,,,,,
NC_000913.3,RefSeq,gene,1100296,1100787,,+,,492,gene-b1036,"ECOCYC:G6542,GeneID:945617",,ycdZ,Gene,,,,,ycdZ,protein_coding,"ECK1022,nupT",b1036,,,,,,,,,,
NC_000913.3,RefSeq,gene,1100851,1101684,,-,,834,gene-b1037,"ECOCYC:G6543,GeneID:945619",,csgG,Gene,,,,,csgG,protein_coding,ECK1023,b1037,,,,,,,,,,
NC_000913.3,RefSeq,gene,1101711,1102127,,-,,417,gene-b1038,"ECOCYC:G6544,GeneID:945622",,csgF,Gene,,,,,csgF,protein_coding,ECK1024,b1038,,,,,,,,,,
NC_000913.3,RefSeq,gene,1102152,1102541,,-,,390,gene-b1039,"ECOCYC:G6545,GeneID:945711",,csgE,Gene,,,,,csgE,protein_coding,ECK1025,b1039,,,,,,,,,,
NC_000913.3,RefSeq,gene,1102546,1103196,,-,,651,gene-b1040,"ECOCYC:G6546,GeneID:949119",,csgD,Gene,,,,,csgD,protein_coding,ECK1026,b1040,,,,,,,,,,
NC_000913.3,RefSeq,gene,1103951,1104406,,+,,456,gene-b1041,"ECOCYC:G6547,GeneID:947391",,csgB,Gene,,,,,csgB,protein_coding,ECK1027,b1041,,,,,,,,,,
NC_000913.3,RefSeq,gene,1104447,1104902,,+,,456,gene-b1042,"ECOCYC:EG11489,GeneID:949055",,csgA,Gene,,,,,csgA,protein_coding,ECK1028,b1042,,,,,,,,,,
NC_000913.3,RefSeq,gene,1104961,1105293,,+,,333,gene-b1043,"ECOCYC:G6548,GeneID:945623",,csgC,Gene,,,,,csgC,protein_coding,"ECK1029,ycdE",b1043,,,,,,,,,,
NC_000913.3,RefSeq,gene,1105414,1105725,,+,,312,gene-b1044,"ECOCYC:G6549,GeneID:949012",,ymdA,Gene,,,,,ymdA,protein_coding,ECK1030,b1044,,,,,,,,,,
NC_000913.3,RefSeq,gene,1105820,1106353,,+,,534,gene-b1045,"ECOCYC:G6550,GeneID:946987",,ymdB,Gene,,,,,ymdB,protein_coding,ECK1031,b1045,,,,,,,,,,
NC_000913.3,RefSeq,gene,1106355,1107776,,+,,1422,gene-b1046,"ECOCYC:G6551,GeneID:947321",,clsC,Gene,,,,,clsC,protein_coding,"ECK1032,ymdC",b1046,,,,,,,,,,
NC_000913.3,RefSeq,gene,1107784,1108941,,-,,1158,gene-b1047,"ECOCYC:G6552,GeneID:946944",,opgC,Gene,,,,,opgC,protein_coding,"ECK1033,mdoC,ymdD",b1047,,,,,,,,,,
NC_000913.3,RefSeq,gene,1109335,1110870,,+,,1536,gene-b1048,"ECOCYC:EG11885,GeneID:945005",,opgG,Gene,,,,,opgG,protein_coding,"ECK1034,mdoA,mdoG",b1048,,,,,,,,,,
NC_000913.3,RefSeq,gene,1110863,1113406,,+,,2544,gene-b1049,"ECOCYC:EG11886,GeneID:945624",,opgH,Gene,,,,,opgH,protein_coding,"ECK1035,mdoA,mdoH",b1049,,,,,,,,,,
NC_000913.3,RefSeq,gene,1113579,1113806,,+,,228,gene-b1050,"ECOCYC:EG12689,GeneID:945613",,yceK,Gene,,,,,yceK,protein_coding,ECK1036,b1050,,,,,,,,,,
NC_000913.3,RefSeq,gene,1113807,1114181,,-,,375,gene-b1051,"ECOCYC:EG11338,GeneID:945612",,msyB,Gene,,,,,msyB,protein_coding,ECK1037,b1051,,,,,,,,,,
NC_000913.3,RefSeq,gene,1114264,1115490,,-,,1227,gene-b1053,"ECOCYC:EG11343,GeneID:945627",,mdtG,Gene,,,,,mdtG,protein_coding,"ECK1038,yceE",b1053,,,,,,,,,,
NC_000913.3,RefSeq,gene,1115662,1116582,,-,,921,gene-b1054,"ECOCYC:EG10464,GeneID:946216",,lpxL,Gene,,,,,lpxL,protein_coding,"ECK1039,htrB,waaM",b1054,,,,,,,,,,
NC_000913.3,RefSeq,gene,1116807,1117859,,+,,1053,gene-b1055,"ECOCYC:EG11116,GeneID:945601",,trhO,Gene,,,,,trhO,protein_coding,"ECK1040,yceA",b1055,,,,,,,,,,
NC_000913.3,RefSeq,gene,1117901,1118476,,-,,576,gene-b1056,"ECOCYC:EG11820,GeneID:946145",,yceI,Gene,,,,,yceI,protein_coding,ECK1041,b1056,,,,,,,,,,
NC_000913.3,RefSeq,gene,1118480,1119046,,-,,567,gene-b1057,"ECOCYC:G6554,GeneID:945628",,yceJ,Gene,,,,,yceJ,protein_coding,ECK1042,b1057,,,,,,,,,,
NC_000913.3,RefSeq,gene,1119307,1119447,,-,,141,gene-b1058,"ECOCYC:G6555,GeneID:945629",,yceO,Gene,,,,,yceO,protein_coding,ECK1043,b1058,,,,,,,,,,
NC_000913.3,RefSeq,gene,1119468,1120586,,-,,1119,gene-b1059,"ECOCYC:G6556,GeneID:944983",,solA,Gene,,,,,solA,protein_coding,ECK1044,b1059,,,,,,,,,,
NC_000913.3,RefSeq,gene,1120701,1120955,,-,,255,gene-b1060,"ECOCYC:G6557,GeneID:946104",,bssS,Gene,,,,,bssS,protein_coding,"ECK1045,yceP",b1060,,,,,,,,,,
NC_000913.3,RefSeq,gene,1121242,1121487,,-,,246,gene-b1061,"ECOCYC:G6558,GeneID:945022",,dinI,Gene,,,,,dinI,protein_coding,ECK1046,b1061,,,,,,,,,,
NC_000913.3,RefSeq,gene,1121561,1122607,,-,,1047,gene-b1062,"ECOCYC:EG10806,GeneID:945787",,pyrC,Gene,,,,,pyrC,protein_coding,ECK1047,b1062,,,,,,,,,,
NC_000913.3,RefSeq,gene,1122713,1123273,,-,,561,gene-b1063,"ECOCYC:EG11117,GeneID:947377",,yceB,Gene,,,,,yceB,protein_coding,ECK1048,b1063,,,,,,,,,,
NC_000913.3,RefSeq,gene,1123407,1124054,,-,,648,gene-b1064,"ECOCYC:EG12688,GeneID:946926",,grxB,Gene,,,,,grxB,protein_coding,ECK1049,b1064,,,,,,,,,,
NC_000913.3,RefSeq,gene,1124118,1125326,,-,,1209,gene-b1065,"ECOCYC:G6559,GeneID:946920",,mdtH,Gene,,,,,mdtH,protein_coding,"ECK1050,yceL",b1065,,,,,,,,,,
NC_000913.3,RefSeq,gene,1125562,1126146,,+,,585,gene-b1066,"ECOCYC:EG10851,GeneID:946910",,rimJ,Gene,,,,,rimJ,protein_coding,"ECK1051,tcp",b1066,,,,,,,,,,
NC_000913.3,RefSeq,gene,1126157,1126804,,+,,648,gene-b1067,"ECOCYC:EG11537,GeneID:945633",,yceH,Gene,,,,,yceH,protein_coding,ECK1052,b1067,,,,,,,,,,
NC_000913.3,RefSeq,gene,1126806,1127729,,+,,924,gene-b1068,"ECOCYC:G6560,GeneID:945204",,yceM,Gene,,,,,yceM,protein_coding,"ECK1053,mviM",b1068,,,,,,,,,,
NC_000913.3,RefSeq,gene,1127839,1129374,,+,,1536,gene-b1069,"ECOCYC:G6561,GeneID:945487",,murJ,Gene,,,,,murJ,protein_coding,"ECK1054,mviN,yceN",b1069,,,,,,,,,,
NC_000913.3,RefSeq,gene,1129414,1129830,,-,,417,gene-b1070,"ECOCYC:G6562,GeneID:945634",,flgN,Gene,,,,,flgN,protein_coding,ECK1055,b1070,,,,,,,,,,
NC_000913.3,RefSeq,gene,1129835,1130128,,-,,294,gene-b1071,"ECOCYC:G369,GeneID:946684",,flgM,Gene,,,,,flgM,protein_coding,ECK1056,b1071,,,,,,,,,,
NC_000913.3,RefSeq,gene,1130204,1130863,,-,,660,gene-b1072,"ECOCYC:G357,GeneID:946300",,flgA,Gene,,,,,flgA,protein_coding,"ECK1057,flaU",b1072,,,,,,,,,,
NC_000913.3,RefSeq,gene,1131018,1131434,,+,,417,gene-b1073,"ECOCYC:G358,GeneID:945678",,flgB,Gene,,,,,flgB,protein_coding,"ECK1058,flbA",b1073,,,,,,,,,,
NC_000913.3,RefSeq,gene,1131438,1131842,,+,,405,gene-b1074,"ECOCYC:G359,GeneID:946687",,flgC,Gene,,,,,flgC,protein_coding,"ECK1059,flaW",b1074,,,,,,,,,,
NC_000913.3,RefSeq,gene,1131854,1132549,,+,,696,gene-b1075,"ECOCYC:G360,GeneID:945813",,flgD,Gene,,,,,flgD,protein_coding,"ECK1060,flaV",b1075,,,,,,,,,,
NC_000913.3,RefSeq,gene,1132574,1133782,,+,,1209,gene-b1076,"ECOCYC:G361,GeneID:945636",,flgE,Gene,,,,,flgE,protein_coding,"ECK1061,flaK",b1076,,,,,,,,,,
NC_000913.3,RefSeq,gene,1133802,1134557,,+,,756,gene-b1077,"ECOCYC:G362,GeneID:945639",,flgF,Gene,,,,,flgF,protein_coding,"ECK1062,flaX",b1077,,,,,,,,,,
NC_000913.3,RefSeq,gene,1134729,1135511,,+,,783,gene-b1078,"ECOCYC:G363,GeneID:945647",,flgG,Gene,,,,,flgG,protein_coding,"ECK1063,flaL",b1078,,,,,,,,,,
NC_000913.3,RefSeq,gene,1135564,1136262,,+,,699,gene-b1079,"ECOCYC:G364,GeneID:946996",,flgH,Gene,,,,,flgH,protein_coding,"ECK1064,flaY",b1079,,,,,,,,,,
NC_000913.3,RefSeq,gene,1136274,1137371,,+,,1098,gene-b1080,"ECOCYC:G365,GeneID:947534",,flgI,Gene,,,,,flgI,protein_coding,"ECK1065,flaM",b1080,,,,,,,,,,
NC_000913.3,RefSeq,gene,1137371,1138312,,+,,942,gene-b1081,"ECOCYC:G366,GeneID:947456",,flgJ,Gene,,,,,flgJ,protein_coding,"ECK1066,flaZ",b1081,,,,,,,,,,
NC_000913.3,RefSeq,gene,1138378,1140021,,+,,1644,gene-b1082,"ECOCYC:EG11967,GeneID:945648",,flgK,Gene,,,,,flgK,protein_coding,"ECK1067,flaS",b1082,,,,,,,,,,
NC_000913.3,RefSeq,gene,1140033,1140986,,+,,954,gene-b1083,"ECOCYC:EG11545,GeneID:945646",,flgL,Gene,,,,,flgL,protein_coding,"ECK1068,flaT",b1083,,,,,,,,,,
NC_000913.3,RefSeq,gene,1140986,1141063,,+,,78,gene-b4826,"ECOCYC:G0-17101,GeneID:71004558",,flgO,Gene,,,,,flgO,ncRNA,ECK4683,b4826,,,,,,,,,,
NC_000913.3,RefSeq,gene,1141182,1144367,,-,,3186,gene-b1084,"ECOCYC:EG10859,GeneID:945641",,rne,Gene,,,,,rne,protein_coding,"ams,ECK1069,hmp1,smbB",b1084,,,,,,,,,,
NC_000913.3,RefSeq,gene,1144502,1144822,,+,,321,gene-b1085,"ECOCYC:G6563,GeneID:945640",,yceQ,Gene,,,,,yceQ,protein_coding,ECK1070,b1085,,,,,,,,,,
NC_000913.3,RefSeq,gene,1144940,1145899,,+,,960,gene-b1086,"ECOCYC:EG11118,GeneID:945637",,rluC,Gene,,,,,rluC,protein_coding,"ECK1071,yceC",b1086,,,,,,,,,,
NC_000913.3,RefSeq,gene,1146011,1146595,,-,,585,gene-b1087,"ECOCYC:EG11438,GeneID:945631",,yceF,Gene,,,,,yceF,protein_coding,ECK1072,b1087,,,,,,,,,,
NC_000913.3,RefSeq,gene,1146589,1146757,,+,,169,gene-b4418,"ECOCYC:G0-8862,GeneID:2847755",,sraB,Gene,,,,,sraB,ncRNA,"ECK1073,pke20,psrA4,psrD",b4418,,,,,,,,,,
NC_000913.3,RefSeq,gene,1146794,1147315,,+,,522,gene-b1088,"ECOCYC:EG11119,GeneID:945650",,yceD,Gene,,,,,yceD,protein_coding,ECK1074,b1088,,,,,,,,,,
NC_000913.3,RefSeq,gene,1147367,1147540,,+,,174,gene-b1089,"ECOCYC:EG10890,GeneID:945657",,rpmF,Gene,,,,,rpmF,protein_coding,ECK1075,b1089,,,,,,,,,,
NC_000913.3,RefSeq,gene,1147621,1148691,,+,,1071,gene-b1090,"ECOCYC:EG11437,GeneID:946165",,plsX,Gene,,,,,plsX,protein_coding,ECK1076,b1090,,,,,,,,,,
NC_000913.3,RefSeq,gene,1148759,1149712,,+,,954,gene-b1091,"ECOCYC:EG10277,GeneID:946003",,fabH,Gene,,,,,fabH,protein_coding,ECK1077,b1091,,,,,,,,,,
NC_000913.3,RefSeq,gene,1149728,1150657,,+,,930,gene-b1092,"ECOCYC:EG11317,GeneID:945766",,fabD,Gene,,,,,fabD,protein_coding,"ECK1078,tfpA",b1092,,,,,,,,,,
NC_000913.3,RefSeq,gene,1150670,1151404,,+,,735,gene-b1093,"ECOCYC:EG11318,GeneID:945645",,fabG,Gene,,,,,fabG,protein_coding,ECK1079,b1093,,,,,,,,,,
NC_000913.3,RefSeq,gene,1151615,1151851,,+,,237,gene-b1094,"ECOCYC:EG50003,GeneID:944805",,acpP,Gene,,,,,acpP,protein_coding,ECK1080,b1094,,,,,,,,,,
NC_000913.3,RefSeq,gene,1151939,1153180,,+,,1242,gene-b1095,"ECOCYC:EG12606,GeneID:946665",,fabF,Gene,,,,,fabF,protein_coding,"cvc,ECK1081,fabJ,vtr,vtrB",b1095,,,,,,,,,,
NC_000913.3,RefSeq,gene,1153300,1154109,,+,,810,gene-b1096,"ECOCYC:EG11493,GeneID:946647",,pabC,Gene,,,,,pabC,protein_coding,ECK1082,b1096,,,,,,,,,,
NC_000913.3,RefSeq,gene,1154112,1155134,,+,,1023,gene-b1097,"ECOCYC:EG11494,GeneID:945660",,mltG,Gene,,,,,mltG,protein_coding,"ECK1083,yceG",b1097,,,,,,,,,,
NC_000913.3,RefSeq,gene,1155124,1155765,,+,,642,gene-b1098,"ECOCYC:EG12302,GeneID:945663",,tmk,Gene,,,,,tmk,protein_coding,"ECK1084,ycfG",b1098,,,,,,,,,,
NC_000913.3,RefSeq,gene,1155762,1156766,,+,,1005,gene-b1099,"ECOCYC:EG11500,GeneID:945661",,holB,Gene,,,,,holB,protein_coding,ECK1085,b1099,,,,,,,,,,
NC_000913.3,RefSeq,gene,1156777,1157574,,+,,798,gene-b1100,"ECOCYC:EG12303,GeneID:945656",,ycfH,Gene,,,,,ycfH,protein_coding,ECK1086,b1100,,,,,,,,,,
NC_000913.3,RefSeq,gene,1157869,1159302,,+,,1434,gene-b1101,"ECOCYC:EG10787,GeneID:945651",,ptsG,Gene,,,,,ptsG,protein_coding,"car,cat,catB2,CR,ECK1087,glcA,gptA,tgl,umg,umgC",b1101,,,,,,,,,,
NC_000913.3,RefSeq,gene,1159362,1161551,,-,,2190,gene-b1102,"ECOCYC:EG10306,GeneID:945649",,fhuE,Gene,,,,,fhuE,protein_coding,ECK1088,b1102,,,,,,,,,,
NC_000913.3,RefSeq,gene,1161885,1162244,,+,,360,gene-b1103,"ECOCYC:EG12172,GeneID:948549",,hinT,Gene,,,,,hinT,protein_coding,"ECK1089,ycfF",b1103,,,,,,,,,,
NC_000913.3,RefSeq,gene,1162247,1162624,,+,,378,gene-b1104,"ECOCYC:G6564,GeneID:948539",,ycfL,Gene,,,,,ycfL,protein_coding,ECK1090,b1104,,,,,,,,,,
NC_000913.3,RefSeq,gene,1162638,1163279,,+,,642,gene-b1105,"ECOCYC:G6565,GeneID:948536",,lpoB,Gene,,,,,lpoB,protein_coding,"ECK1091,ycfM",b1105,,,,,,,,,,
NC_000913.3,RefSeq,gene,1163260,1164084,,+,,825,gene-b1106,"ECOCYC:G6566,GeneID:948525",,thiK,Gene,,,,,thiK,protein_coding,"ECK1092,ycfN",b1106,,,,,,,,,,
NC_000913.3,RefSeq,gene,1164095,1165120,,+,,1026,gene-b1107,"ECOCYC:G6567,GeneID:945671",,nagZ,Gene,,,,,nagZ,protein_coding,"ECK1093,ycfO",b1107,,,,,,,,,,
NC_000913.3,RefSeq,gene,1165143,1165685,,+,,543,gene-b1108,"ECOCYC:G6568,GeneID:945676",,ycfP,Gene,,,,,ycfP,protein_coding,ECK1094,b1108,,,,,,,,,,
NC_000913.3,RefSeq,gene,1166085,1167389,,+,,1305,gene-b1109,"ECOCYC:EG10649,GeneID:946792",,ndh,Gene,,,,,ndh,protein_coding,ECK1095,b1109,,,,,,,,,,
NC_000913.3,RefSeq,gene,1167599,1168138,,+,,540,gene-b1110,"ECOCYC:EG12444,GeneID:945977",,ycfJ,Gene,,,,,ycfJ,protein_coding,ECK1096,b1110,,,,,,,,,,
NC_000913.3,RefSeq,gene,1168200,1168832,,-,,633,gene-b1111,"ECOCYC:G6569,GeneID:947425",,comR,Gene,,,,,comR,protein_coding,"ECK1097,ycfQ",b1111,,,,,,,,,,
NC_000913.3,RefSeq,gene,1169073,1169330,,+,,258,gene-b1112,"ECOCYC:G6570,GeneID:945492",,bhsA,Gene,,,,,bhsA,protein_coding,"comC,ECK1098,ycfR",b1112,,,,,,,,,,
NC_000913.3,RefSeq,gene,1169303,1169402,,+,,100,gene-b4832,"ECOCYC:G0-17107,GeneID:71004559",,bhsB,Gene,,,,,bhsB,ncRNA,ECK4689,b4832,,,,,,,,,,
NC_000913.3,RefSeq,gene,1169412,1170374,,-,,963,gene-b1113,"ECOCYC:G6571,GeneID:945666",,ldtC,Gene,,,,,ldtC,protein_coding,"ECK1099,ycfS",b1113,,,,,,,,,,
NC_000913.3,RefSeq,gene,1170518,1173964,,-,,3447,gene-b1114,"ECOCYC:EG11619,GeneID:945681",,mfd,Gene,,,,,mfd,protein_coding,ECK1100,b1114,,,,,,,,,,
NC_000913.3,RefSeq,gene,1174092,1175165,,-,,1074,gene-b1115,"ECOCYC:G6572,GeneID:945679",,ycfT,Gene,,,,,ycfT,protein_coding,ECK1101,b1115,,,,,,,,,,
NC_000913.3,RefSeq,gene,1175427,1176626,,+,,1200,gene-b1116,"ECOCYC:G6573,GeneID:945673",,lolC,Gene,,,,,lolC,protein_coding,"ECK1102,ycfU",b1116,,,,,,,,,,
NC_000913.3,RefSeq,gene,1176619,1177320,,+,,702,gene-b1117,"ECOCYC:G6574,GeneID:945670",,lolD,Gene,,,,,lolD,protein_coding,"ECK1103,ycfV",b1117,,,,,,,,,,
NC_000913.3,RefSeq,gene,1177320,1178564,,+,,1245,gene-b1118,"ECOCYC:G6575,GeneID:945665",,lolE,Gene,,,,,lolE,protein_coding,"ECK1104,ycfW",b1118,,,,,,,,,,
NC_000913.3,RefSeq,gene,1178593,1179504,,+,,912,gene-b1119,"ECOCYC:G6576,GeneID:945664",,nagK,Gene,,,,,nagK,protein_coding,"ECK1105,ycfX",b1119,,,,,,,,,,
NC_000913.3,RefSeq,gene,1179520,1180359,,+,,840,gene-b1120,"ECOCYC:G6577,GeneID:945687",,cobB,Gene,,,,,cobB,protein_coding,"ECK1106,ycfY",b1120,,,,,,,,,,
NC_000913.3,RefSeq,gene,1180479,1181267,,-,,789,gene-b1121,"ECOCYC:G6578,GeneID:945685",,ycfZ,Gene,,,,,ycfZ,protein_coding,ECK1107,b1121,,,,,,,,,,
NC_000913.3,RefSeq,gene,1181264,1181725,,-,,462,gene-b1122,"ECOCYC:G6579,GeneID:945684",,ymfA,Gene,,,,,ymfA,protein_coding,ECK1108,b1122,,,,,,,,,,
NC_000913.3,RefSeq,gene,1181783,1182829,,-,,1047,gene-b1123,"ECOCYC:EG10752,GeneID:945682",,potD,Gene,,,,,potD,protein_coding,ECK1109,b1123,,,,,,,,,,
NC_000913.3,RefSeq,gene,1182826,1183620,,-,,795,gene-b1124,"ECOCYC:EG10751,GeneID:945691",,potC,Gene,,,,,potC,protein_coding,ECK1110,b1124,,,,,,,,,,
NC_000913.3,RefSeq,gene,1183617,1184444,,-,,828,gene-b1125,"ECOCYC:EG10750,GeneID:945692",,potB,Gene,,,,,potB,protein_coding,ECK1111,b1125,,,,,,,,,,
NC_000913.3,RefSeq,gene,1184458,1185594,,-,,1137,gene-b1126,"ECOCYC:EG10749,GeneID:946323",,potA,Gene,,,,,potA,protein_coding,ECK1112,b1126,,,,,,,,,,
NC_000913.3,RefSeq,gene,1185844,1187070,,+,,1227,gene-b1127,"ECOCYC:EG11549,GeneID:946333",,pepT,Gene,,,,,pepT,protein_coding,ECK1113,b1127,,,,,,,,,,
NC_000913.3,RefSeq,gene,1187119,1188240,,-,,1122,gene-b1128,"ECOCYC:EG11430,GeneID:945391",,roxA,Gene,,,,,roxA,protein_coding,"ECK1114,ycfD",b1128,,,,,,,,,,
NC_000913.3,RefSeq,gene,1188316,1189776,,-,,1461,gene-b1129,"ECOCYC:EG10732,GeneID:946326",,phoQ,Gene,,,,,phoQ,protein_coding,ECK1115,b1129,,,,,,,,,,
NC_000913.3,RefSeq,gene,1189776,1190447,,-,,672,gene-b1130,"ECOCYC:EG10731,GeneID:945697",,phoP,Gene,,,,,phoP,protein_coding,ECK1116,b1130,,,,,,,,,,
NC_000913.3,RefSeq,gene,1190165,1190508,,+,,344,gene-b4843,"ECOCYC:G0-17124,GeneID:302211666",,asphoP,Gene,,,,,asphoP,ncRNA,ECK4700,b4843,,,,,,,,,,
NC_000913.3,RefSeq,gene,1190616,1191986,,-,,1371,gene-b1131,"ECOCYC:EG11314,GeneID:945695",,purB,Gene,,,,,purB,protein_coding,"ade,ade(h),ECK1117",b1131,,,,,,,,,,
NC_000913.3,RefSeq,gene,1191990,1192631,,-,,642,gene-b1132,"ECOCYC:EG11345,GeneID:945693",,hflD,Gene,,,,,hflD,protein_coding,"ECK1118,hslZ,ycfC",b1132,,,,,,,,,,
NC_000913.3,RefSeq,gene,1192667,1193773,,-,,1107,gene-b1133,"ECOCYC:EG11344,GeneID:945690",,mnmA,Gene,,,,,mnmA,protein_coding,"asuE,ECK1119,trmU,ycfB",b1133,,,,,,,,,,
NC_000913.3,RefSeq,gene,1193827,1194288,,-,,462,gene-b1134,"ECOCYC:G6580,GeneID:945689",,nudJ,Gene,,,,,nudJ,protein_coding,"ECK1120,ymfB",b1134,,,,,,,,,,
NC_000913.3,RefSeq,gene,1194298,1194951,,-,,654,gene-b1135,"ECOCYC:G6581,GeneID:945701",,rluE,Gene,,,,,rluE,protein_coding,"ECK1121,ymfC",b1135,,,,,,,,,,
NC_000913.3,RefSeq,gene,1195123,1196373,,+,,1251,gene-b1136,"ECOCYC:EG10489,GeneID:945702",,icd,Gene,,,,,icd,protein_coding,"ECK1122,icdA,icdE",b1136,,,,,,,,,,
NC_000913.3,RefSeq,gene,1196711,1196782,,+,,72,gene-b4806,"ECOCYC:G0-8897,GeneID:71004560",,C0293,Gene,,,,,C0293,ncRNA,ECK4663,b4806,,,,,,,,,,
NC_000913.3,RefSeq,gene,1196867,1197532,,-,,666,gene-b1137,"ECOCYC:G6582,GeneID:945329",,ymfD,Gene,,,,,ymfD,protein_coding,ECK1123,b1137,,,,,,,,,,
NC_000913.3,RefSeq,gene,1197533,1198237,,-,,705,gene-b1138,"ECOCYC:G6583,GeneID:946722",,ymfE,Gene,,,,,ymfE,protein_coding,ECK1124,b1138,,,,,,,,,,
NC_000913.3,RefSeq,gene,1198695,1199588,,+,,894,gene-b1139,"ECOCYC:EG10535,GeneID:948421",,lit,Gene,,,,,lit,protein_coding,ECK1125,b1139,,,,,,,,,,
NC_000913.3,RefSeq,gene,1199679,1200806,,-,,1128,gene-b1140,"ECOCYC:EG12370,GeneID:948034",,intE,Gene,,,,,intE,protein_coding,"ECK1126,int(Lambda),ycfI",b1140,,,,,,,,,,
NC_000913.3,RefSeq,gene,1200787,1201032,,-,,246,gene-b1141,"ECOCYC:G6585,GeneID:945705",,xisE,Gene,,,,,xisE,protein_coding,"ECK1127,ymfG",b1141,,,,,,,,,,
NC_000913.3,RefSeq,gene,1201069,1201380,,-,,312,gene-b1142,"ECOCYC:G6586,GeneID:945706",,ymfH,Gene,,,,,ymfH,protein_coding,ECK1128,b1142,,,,,,,,,,
NC_000913.3,RefSeq,gene,1201497,1201838,,+,,342,gene-b1143,"ECOCYC:G6587,GeneID:945712",,ymfI,Gene,,,,,ymfI,protein_coding,ECK1129,b1143,,,,,,,,,,
NC_000913.3,RefSeq,gene,1201776,1202084,,-,,309,gene-b1144,"ECOCYC:G6588,GeneID:945718",,ymfJ,Gene,,,,,ymfJ,protein_coding,ECK1130,b1144,,,,,,,,,,
NC_000913.3,RefSeq,gene,1202259,1202933,,-,,675,gene-b1145,"ECOCYC:G6589,GeneID:945719",,ymfK,Gene,,,,,ymfK,protein_coding,"cohE,ECK1131",b1145,,,,,,,,,,
NC_000913.3,RefSeq,gene,1203024,1203224,,+,,201,gene-b1146,"ECOCYC:G6590,GeneID:945720",,ymfT,Gene,,,,,ymfT,protein_coding,"croE,ECK1132",b1146,,,,,,,,,,
NC_000913.3,RefSeq,gene,1203268,1203825,,+,,558,gene-b1147,"ECOCYC:G6591,GeneID:945717",,ymfL,Gene,,,,,ymfL,protein_coding,ECK1133,b1147,,,,,,,,,,
NC_000913.3,RefSeq,gene,1203822,1204160,,+,,339,gene-b1148,"ECOCYC:G6592,GeneID:945715",,ymfM,Gene,,,,,ymfM,protein_coding,"ECK1134,sfiC",b1148,,,,,,,,,,
NC_000913.3,RefSeq,gene,1204170,1205537,,+,,1368,gene-b1149,"ECOCYC:G6593,GeneID:945708",,ymfN,Gene,,,,,ymfN,protein_coding,ECK1135,b1149,,,,,,,,,,
NC_000913.3,RefSeq,gene,1205549,1205731,,+,,183,gene-b1150,"ECOCYC:G6594,GeneID:945700",,ymfR,Gene,,,,,ymfR,protein_coding,ECK1136,b1150,,,,,,,,,,
NC_000913.3,RefSeq,gene,1205731,1206204,,+,,474,gene-b1151,"ECOCYC:G6595,GeneID:945698",,beeE,Gene,,,,,beeE,protein_coding,"ECK1137,ymfO",b1151,,,,,,,,,,
NC_000913.3,RefSeq,gene,1206913,1207497,,+,,585,gene-b1153,"ECOCYC:G6597,GeneID:945707",,ymfQ,Gene,,,,,ymfQ,protein_coding,ECK1139,b1153,,,,,,,,,,
NC_000913.3,RefSeq,gene,1207501,1208130,,+,,630,gene-b1154,"ECOCYC:EG12877,GeneID:945726",,ycfK,Gene,,,,,ycfK,protein_coding,"ECK1140,stfP",b1154,,,,,,,,,,
NC_000913.3,RefSeq,gene,1208132,1208545,,+,,414,gene-b1155,"ECOCYC:G6598,GeneID:945724",,tfaP,Gene,,,,,tfaP,protein_coding,"ECK1141,ymfS",b1155,,,,,,,,,,
NC_000913.3,RefSeq,gene,1208517,1209119,,-,,603,gene-b1156,"ECOCYC:EG11120,GeneID:945723",,tfaE,Gene,,,,,tfaE,protein_coding,"ECK1142,ycfA",b1156,,,,,,,,,,
NC_000913.3,RefSeq,gene,1209685,1210239,,+,,555,gene-b1158,"ECOCYC:EG10737,GeneID:945721",,pinE,Gene,,,,,pinE,protein_coding,"ECK1144,pin",b1158,,,,,,,,,,
NC_000913.3,RefSeq,gene,1210346,1211179,,+,,834,gene-b1159,"ECOCYC:EG10573,GeneID:945727",,mcrA,Gene,,,,,mcrA,protein_coding,"ECK1145,rglA",b1159,,,,,,,,,,
NC_000913.3,RefSeq,gene,1211680,1212003,,-,,324,gene-b1160,"ECOCYC:G6600,GeneID:945729",,iraM,Gene,,,,,iraM,protein_coding,"ECK1147,elb1,elbA,ycgW",b1160,,,,,,,,,,
NC_000913.3,RefSeq,gene,1212260,1212304,,-,,45,gene-b4738,"ECOCYC:G0-16733,GeneID:38094949",,ymgK,Gene,,,,,ymgK,protein_coding,ECK4595,b4738,,,,,,,,,,
NC_000913.3,RefSeq,gene,1212540,1212650,,-,,111,gene-b4739,"ECOCYC:G0-16734,GeneID:38094950",,ymgL,Gene,,,,,ymgL,protein_coding,ECK4596,b4739,,,,,,,,,,
NC_000913.3,RefSeq,gene,1212703,1213107,,-,,405,gene-b1161,"ECOCYC:G6601,GeneID:945733",,ycgX,Gene,,,,,ycgX,protein_coding,ECK1148,b1161,,,,,,,,,,
NC_000913.3,RefSeq,gene,1213328,1214059,,-,,732,gene-b1162,"ECOCYC:G6602,GeneID:945735",,bluR,Gene,,,,,bluR,protein_coding,"ECK1149,ycgE",b1162,,,,,,,,,,
NC_000913.3,RefSeq,gene,1214264,1215475,,-,,1212,gene-b1163,"ECOCYC:G6603,GeneID:947592",,bluF,Gene,,,,,bluF,protein_coding,"ECK1150,ycgF",b1163,,,,,,,,,,
NC_000913.3,RefSeq,gene,1215789,1216025,,+,,237,gene-b1164,"ECOCYC:G6604,GeneID:945885",,ycgZ,Gene,,,,,ycgZ,protein_coding,ECK1151,b1164,,,,,,,,,,
NC_000913.3,RefSeq,gene,1216068,1216340,,+,,273,gene-b1165,"ECOCYC:G6605,GeneID:948991",,ymgA,Gene,,,,,ymgA,protein_coding,ECK1152,b1165,,,,,,,,,,
NC_000913.3,RefSeq,gene,1216369,1216635,,+,,267,gene-b1166,"ECOCYC:G6606,GeneID:945340",,ariR,Gene,,,,,ariR,protein_coding,"ECK1153,ymgB",b1166,,,,,,,,,,
NC_000913.3,RefSeq,gene,1216748,1216996,,+,,249,gene-b1167,"ECOCYC:G6607,GeneID:945090",,ymgC,Gene,,,,,ymgC,protein_coding,ECK1154,b1167,,,,,,,,,,
NC_000913.3,RefSeq,gene,1217328,1218851,,+,,1524,gene-b1168,"ECOCYC:G6608,GeneID:945738",,pdeG,Gene,,,,,pdeG,protein_coding,"ECK1155,ycgG",b1168,,,,,,,,,,
NC_000913.3,RefSeq,gene,1218983,1219201,,+,,219,gene-b4520,"ECOCYC:G0-10261,GeneID:1450253",,ymgF,Gene,,,,,ymgF,protein_coding,ECK1156,b4520,,,,,,,,,,
NC_000913.3,RefSeq,gene,1222305,1222634,,-,,330,gene-b1171,"ECOCYC:G6611,GeneID:945732",,ymgD,Gene,,,,,ymgD,protein_coding,ECK1158,b1171,,,,,,,,,,
NC_000913.3,RefSeq,gene,1222644,1222988,,-,,345,gene-b1172,"ECOCYC:G6612,GeneID:945728",,ymgG,Gene,,,,,ymgG,protein_coding,ECK1159,b1172,,,,,,,,,,
NC_000913.3,RefSeq,gene,1222990,1223163,,-,,174,gene-b4593,"ECOCYC:G0-10589,GeneID:5061515",,ymgI,Gene,,,,,ymgI,protein_coding,ECK4403,b4593,,,,,,,,,,
NC_000913.3,RefSeq,gene,1223264,1223449,,+,,186,gene-b4594,"ECOCYC:G0-10590,GeneID:5061516",,ymgJ,Gene,,,,,ymgJ,protein_coding,ECK4404,b4594,,,,,,,,,,
NC_000913.3,RefSeq,gene,1224279,1224545,,-,,267,gene-b1174,"ECOCYC:EG10598,GeneID:945740",,minE,Gene,,,,,minE,protein_coding,"ECK1162,minB",b1174,,,,,,,,,,
NC_000913.3,RefSeq,gene,1224549,1225361,,-,,813,gene-b1175,"ECOCYC:EG10597,GeneID:945741",,minD,Gene,,,,,minD,protein_coding,"ECK1163,minB",b1175,,,,,,,,,,
NC_000913.3,RefSeq,gene,1225385,1226080,,-,,696,gene-b1176,"ECOCYC:EG10596,GeneID:945744",,minC,Gene,,,,,minC,protein_coding,"ECK1164,minB",b1176,,,,,,,,,,
NC_000913.3,RefSeq,gene,1226600,1226968,,+,,369,gene-b1177,"ECOCYC:G6614,GeneID:946155",,ycgJ,Gene,,,,,ycgJ,protein_coding,ECK1165,b1177,,,,,,,,,,
NC_000913.3,RefSeq,gene,1227071,1227472,,-,,402,gene-b1178,"ECOCYC:G6615,GeneID:946963",,pliG,Gene,,,,,pliG,protein_coding,"ECK1166,ycgK",b1178,,,,,,,,,,
NC_000913.3,RefSeq,gene,1227368,1227427,,+,,60,gene-b4816,"ECOCYC:G0-17091,GeneID:71004561",,ymgN,Gene,,,,,ymgN,protein_coding,ECK4673,b4816,,,,,,,,,,
NC_000913.3,RefSeq,gene,1227681,1228007,,+,,327,gene-b1179,"ECOCYC:G6616,GeneID:946226",,ycgL,Gene,,,,,ycgL,protein_coding,ECK1167,b1179,,,,,,,,,,
NC_000913.3,RefSeq,gene,1228079,1228738,,+,,660,gene-b1180,"ECOCYC:G6617,GeneID:946115",,ycgM,Gene,,,,,ycgM,protein_coding,ECK1168,b1180,,,,,,,,,,
NC_000913.3,RefSeq,gene,1228815,1229276,,+,,462,gene-b1181,"ECOCYC:G6618,GeneID:945804",,ycgN,Gene,,,,,ycgN,protein_coding,ECK1169,b1181,,,,,,,,,,
NC_000913.3,RefSeq,gene,1229483,1230394,,-,,912,gene-b1182,"ECOCYC:G6619,GeneID:945745",,hlyE,Gene,,,,,hlyE,protein_coding,"clyA,ECK1170,hpr,sheA,ycgD",b1182,,,,,,,,,,
NC_000913.3,RefSeq,gene,1230767,1231186,,+,,420,gene-b1183,"ECOCYC:EG11057,GeneID:945746",,umuD,Gene,,,,,umuD,protein_coding,ECK1171,b1183,,,,,,,,,,
NC_000913.3,RefSeq,gene,1231186,1232454,,+,,1269,gene-b1184,"ECOCYC:EG11056,GeneID:946359",,umuC,Gene,,,,,umuC,protein_coding,"ECK1172,uvm",b1184,,,,,,,,,,
NC_000913.3,RefSeq,gene,1232500,1233030,,-,,531,gene-b1185,"ECOCYC:EG11393,GeneID:946344",,dsbB,Gene,,,,,dsbB,protein_coding,"dsbX,ECK1173,iarB,rosB,roxB,ycgA",b1185,,,,,,,,,,
NC_000913.3,RefSeq,gene,1233176,1234717,,-,,1542,gene-b1186,"ECOCYC:EG11392,GeneID:944822",,nhaB,Gene,,,,,nhaB,protein_coding,ECK1174,b1186,,,,,,,,,,
NC_000913.3,RefSeq,gene,1234938,1235657,,+,,720,gene-b1187,"ECOCYC:EG10281,GeneID:948652",,fadR,Gene,,,,,fadR,protein_coding,"dec,ECK1175,ole,oleR,thdB",b1187,,,,,,,,,,
NC_000913.3,RefSeq,gene,1235709,1237241,,-,,1533,gene-b1188,"ECOCYC:EG11516,GeneID:946365",,ycgB,Gene,,,,,ycgB,protein_coding,ECK1176,b1188,,,,,,,,,,
NC_000913.3,RefSeq,gene,1237571,1238869,,+,,1299,gene-b1189,"ECOCYC:EG11407,GeneID:945752",,dadA,Gene,,,,,dadA,protein_coding,"dadR,ECK1177",b1189,,,,,,,,,,
NC_000913.3,RefSeq,gene,1238879,1239949,,+,,1071,gene-b1190,"ECOCYC:EG11408,GeneID:945754",,dadX,Gene,,,,,dadX,protein_coding,"alnA,alnB,dadB,ECK1178",b1190,,,,,,,,,,
NC_000913.3,RefSeq,gene,1240260,1240463,,+,,204,gene-b4740,"ECOCYC:G0-16735,GeneID:38094951",,ymgM,Gene,,,,,ymgM,protein_coding,ECK4597,b4740,,,,,,,,,,
NC_000913.3,RefSeq,gene,1240335,1242071,,-,,1737,gene-b1191,"ECOCYC:G6620,GeneID:945755",,cvrA,Gene,,,,,cvrA,protein_coding,"ECK1179,ycgO",b1191,,,,,,,,,,
NC_000913.3,RefSeq,gene,1242166,1243080,,-,,915,gene-b1192,"ECOCYC:G6621,GeneID:945756",,ldcA,Gene,,,,,ldcA,protein_coding,"ECK1180,ycgQ",b1192,,,,,,,,,,
NC_000913.3,RefSeq,gene,1243180,1243791,,+,,612,gene-b1193,"ECOCYC:G6622,GeneID:945655",,emtA,Gene,,,,,emtA,protein_coding,"ECK1181,mltE,sltZ,ycgP",b1193,,,,,,,,,,
NC_000913.3,RefSeq,gene,1243793,1244527,,-,,735,gene-b1194,"ECOCYC:G6623,GeneID:947609",,ycgR,Gene,,,,,ycgR,protein_coding,ECK1182,b1194,,,,,,,,,,
NC_000913.3,RefSeq,gene,1244728,1244982,,+,,255,gene-b1195,"ECOCYC:G6624,GeneID:945760",,ymgE,Gene,,,,,ymgE,protein_coding,"ECK1183,tag",b1195,,,,,,,,,,
NC_000913.3,RefSeq,gene,1245160,1245600,,+,,441,gene-b1196,"ECOCYC:G6625,GeneID:945761",,ycgY,Gene,,,,,ycgY,protein_coding,ECK1184,b1196,,,,,,,,,,
NC_000913.3,RefSeq,gene,1245679,1247376,,-,,1698,gene-b1197,"ECOCYC:EG11017,GeneID:945757",,treA,Gene,,,,,treA,protein_coding,"ECK1185,osmA,tre",b1197,,,,,,,,,,
NC_000913.3,RefSeq,gene,1247696,1249114,,-,,1419,gene-b1198,"ECOCYC:EG12399,GeneID:945749",,dhaM,Gene,,,,,dhaM,protein_coding,"dhaH,ECK1186,ptsD,ycgC",b1198,,,,,,,,,,
NC_000913.3,RefSeq,gene,1249125,1249757,,-,,633,gene-b1199,"ECOCYC:G6626,GeneID:945748",,dhaL,Gene,,,,,dhaL,protein_coding,"dhaK2,ECK1187,ycgS,ysgS",b1199,,,,,,,,,,
NC_000913.3,RefSeq,gene,1249768,1250838,,-,,1071,gene-b1200,"ECOCYC:G6627,GeneID:945747",,dhaK,Gene,,,,,dhaK,protein_coding,"dhaK1,ECK1188,ycgT",b1200,,,,,,,,,,
NC_000913.3,RefSeq,gene,1251066,1252985,,+,,1920,gene-b1201,"ECOCYC:G6628,GeneID:945743",,dhaR,Gene,,,,,dhaR,protein_coding,"ECK1189,ycgU",b1201,,,,,,,,,,
NC_000913.3,RefSeq,gene,1253085,1255952,,-,,2868,gene-b1202,"ECOCYC:G6629,GeneID:945767",,ycgV,Gene,,,,,ycgV,protein_coding,ECK1190,b1202,,,,,,,,,,
NC_000913.3,RefSeq,gene,1256721,1257812,,-,,1092,gene-b1203,"ECOCYC:EG11404,GeneID:945769",,ychF,Gene,,,,,ychF,protein_coding,"ECK1191,gtp1",b1203,,,,,,,,,,
NC_000913.3,RefSeq,gene,1257929,1258513,,-,,585,gene-b1204,"ECOCYC:EG10785,GeneID:945765",,pth,Gene,,,,,pth,protein_coding,"ECK1192,rap",b1204,,,,,,,,,,
NC_000913.3,RefSeq,gene,1258791,1259069,,+,,279,gene-b1205,"ECOCYC:EG11533,GeneID:945762",,ychH,Gene,,,,,ychH,protein_coding,ECK1193,b1205,,,,,,,,,,
NC_000913.3,RefSeq,gene,1259124,1260803,,-,,1680,gene-b1206,"ECOCYC:EG12392,GeneID:945770",,dauA,Gene,,,,,dauA,protein_coding,"ECK1194,ychM",b1206,,,,,,,,,,
NC_000913.3,RefSeq,gene,1260928,1261875,,-,,948,gene-b1207,"ECOCYC:EG10774,GeneID:945772",,prs,Gene,,,,,prs,protein_coding,"dnaR,ECK1195,prsA",b1207,,,,,,,,,,
NC_000913.3,RefSeq,gene,1262026,1262877,,-,,852,gene-b1208,"ECOCYC:EG11294,GeneID:945774",,ispE,Gene,,,,,ispE,protein_coding,"ECK1196,ipk,ychB",b1208,,,,,,,,,,
NC_000913.3,RefSeq,gene,1262877,1263500,,-,,624,gene-b1209,"ECOCYC:EG11293,GeneID:945775",,lolB,Gene,,,,,lolB,protein_coding,"ECK1197,hemM,ychC",b1209,,,,,,,,,,
NC_000913.3,RefSeq,gene,1263714,1264970,,+,,1257,gene-b1210,"ECOCYC:EG10427,GeneID:945777",,hemA,Gene,,,,,hemA,protein_coding,"ECK1198,gtrA",b1210,,,,,,,,,,
NC_000913.3,RefSeq,gene,1265012,1266094,,+,,1083,gene-b1211,"ECOCYC:EG10761,GeneID:949002",,prfA,Gene,,,,,prfA,protein_coding,"ECK1199,sueB,uar,ups?",b1211,,,,,,,,,,
NC_000913.3,RefSeq,gene,1266094,1266927,,+,,834,gene-b1212,"ECOCYC:EG12424,GeneID:945779",,prmC,Gene,,,,,prmC,protein_coding,"ECK1200,hemK",b1212,,,,,,,,,,
NC_000913.3,RefSeq,gene,1266924,1267316,,+,,393,gene-b1213,"ECOCYC:G6630,GeneID:945781",,ychQ,Gene,,,,,ychQ,protein_coding,"ECK1201,sirB2",b1213,,,,,,,,,,
NC_000913.3,RefSeq,gene,1267320,1268129,,+,,810,gene-b1214,"ECOCYC:EG11251,GeneID:945784",,ychA,Gene,,,,,ychA,protein_coding,"ECK1202,sirB1",b1214,,,,,,,,,,
NC_000913.3,RefSeq,gene,1268165,1269019,,+,,855,gene-b1215,"ECOCYC:EG10518,GeneID:945785",,kdsA,Gene,,,,,kdsA,protein_coding,ECK1203,b1215,,,,,,,,,,
NC_000913.3,RefSeq,gene,1269168,1269275,,-,,108,gene-b4419,"ECOCYC:G0-9602,GeneID:2847733",,ldrA,Gene,,,,,ldrA,protein_coding,ECK1204,b4419,,,,,,,,,,
NC_000913.3,RefSeq,gene,1269323,1269389,,+,,67,gene-b4420,"ECOCYC:G0-9603,GeneID:2847734",,rdlA,Gene,,,,,rdlA,ncRNA,ECK1205,b4420,,,,,,,,,,
NC_000913.3,RefSeq,gene,1269703,1269810,,-,,108,gene-b4421,"ECOCYC:G0-9605,GeneID:2847735",,ldrB,Gene,,,,,ldrB,protein_coding,ECK1206,b4421,,,,,,,,,,
NC_000913.3,RefSeq,gene,1269858,1269923,,+,,66,gene-b4422,"ECOCYC:G0-9606,GeneID:2847770",,rdlB,Gene,,,,,rdlB,ncRNA,ECK1207,b4422,,,,,,,,,,
NC_000913.3,RefSeq,gene,1270238,1270345,,-,,108,gene-b4423,"ECOCYC:G0-9607,GeneID:2847775",,ldrC,Gene,,,,,ldrC,protein_coding,ECK1208,b4423,,,,,,,,,,
NC_000913.3,RefSeq,gene,1270393,1270460,,+,,68,gene-b4424,"ECOCYC:G0-9608,GeneID:2847680",,rdlC,Gene,,,,,rdlC,ncRNA,ECK1209,b4424,,,,,,,,,,
NC_000913.3,RefSeq,gene,1270749,1271849,,-,,1101,gene-b1216,"ECOCYC:EG11753,GeneID:945790",,chaA,Gene,,,,,chaA,protein_coding,ECK1210,b1216,,,,,,,,,,
NC_000913.3,RefSeq,gene,1272119,1272349,,+,,231,gene-b1217,"ECOCYC:EG12402,GeneID:945792",,chaB,Gene,,,,,chaB,protein_coding,ECK1211,b1217,,,,,,,,,,
NC_000913.3,RefSeq,gene,1272507,1273202,,+,,696,gene-b1218,"ECOCYC:EG12403,GeneID:945793",,chaC,Gene,,,,,chaC,protein_coding,ECK1212,b1218,,,,,,,,,,
NC_000913.3,RefSeq,gene,1273246,1273599,,-,,354,gene-b1219,"ECOCYC:EG12404,GeneID:945794",,ychN,Gene,,,,,ychN,protein_coding,ECK1213,b1219,,,,,,,,,,
NC_000913.3,RefSeq,gene,1273784,1275178,,+,,1395,gene-b1220,"ECOCYC:EG12405,GeneID:945801",,ychO,Gene,,,,,ychO,protein_coding,"ECK1214,ychP",b1220,,,,,,,,,,
NC_000913.3,RefSeq,gene,1275179,1275829,,-,,651,gene-b1221,"ECOCYC:EG10643,GeneID:945795",,narL,Gene,,,,,narL,protein_coding,"ECK1215,frdR,narR",b1221,,,,,,,,,,
NC_000913.3,RefSeq,gene,1275822,1277618,,-,,1797,gene-b1222,"ECOCYC:EG10646,GeneID:945788",,narX,Gene,,,,,narX,protein_coding,"ECK1216,frd1,frdR,narR",b1222,,,,,,,,,,
NC_000913.3,RefSeq,gene,1277957,1279348,,+,,1392,gene-b1223,"ECOCYC:EG10642,GeneID:945783",,narK,Gene,,,,,narK,protein_coding,ECK1217,b1223,,,,,,,,,,
NC_000913.3,RefSeq,gene,1279337,1279520,,+,,184,gene-b4813,"ECOCYC:G0-17088,GeneID:71004562",,narS,Gene,,,,,narS,ncRNA,ECK4670,b4813,,,,,,,,,,
NC_000913.3,RefSeq,gene,1279864,1283607,,+,,3744,gene-b1224,"ECOCYC:EG10638,GeneID:945782",,narG,Gene,,,,,narG,protein_coding,"chlC,ECK1218,narC",b1224,,,,,,,,,,
NC_000913.3,RefSeq,gene,1283604,1285142,,+,,1539,gene-b1225,"ECOCYC:EG10639,GeneID:945780",,narH,Gene,,,,,narH,protein_coding,"chlC,ECK1219",b1225,,,,,,,,,,
NC_000913.3,RefSeq,gene,1285139,1285849,,+,,711,gene-b1226,"ECOCYC:EG10641,GeneID:945807",,narJ,Gene,,,,,narJ,protein_coding,ECK1220,b1226,,,,,,,,,,
NC_000913.3,RefSeq,gene,1285849,1286526,,+,,678,gene-b1227,"ECOCYC:EG10640,GeneID:945808",,narI,Gene,,,,,narI,protein_coding,"chlI,ECK1221",b1227,,,,,,,,,,
NC_000913.3,RefSeq,gene,1286709,1286984,,+,,276,gene-b1228,"ECOCYC:G6631,GeneID:945809",,ychS,Gene,,,,,ychS,protein_coding,ECK1222,b1228,,,,,,,,,,
NC_000913.3,RefSeq,gene,1287066,1287236,,-,,171,gene-b4425,"ECOCYC:G0-9609,GeneID:2847683",,rttR,Gene,,,,,rttR,ncRNA,"ECK1223,rtT",b4425,,,,,,,,,,
NC_000913.3,RefSeq,gene,1287087,1287176,,-,,90,gene-b1229,"ECOCYC:EG11016,GeneID:946224",,tpr,Gene,,,,,tpr,protein_coding,ECK1224,b1229,,,,,,,,,,
NC_000913.3,RefSeq,gene,1287244,1287328,,-,,85,gene-b1230,"ECOCYC:EG30108,GeneID:945811",,tyrV,Gene,,,,,tyrV,tRNA,"ECK1225,tyrTbeta",b1230,,,,,,,,,,
NC_000913.3,RefSeq,gene,1287538,1287622,,-,,85,gene-b1231,"ECOCYC:EG30106,GeneID:945820",,tyrT,Gene,,,,,tyrT,tRNA,"ECK1226,su(c),Su-3,Su-4,suIII,supC,supFsupO,tyrTalpha",b1231,,,,,,,,,,
NC_000913.3,RefSeq,gene,1287782,1288624,,-,,843,gene-b1232,"ECOCYC:EG11819,GeneID:945827",,purU,Gene,,,,,purU,protein_coding,"ECK1227,tgs,ychI",b1232,,,,,,,,,,
NC_000913.3,RefSeq,gene,1288674,1289132,,-,,459,gene-b1233,"ECOCYC:EG12119,GeneID:945828",,ychJ,Gene,,,,,ychJ,protein_coding,ECK1228,b1233,,,,,,,,,,
NC_000913.3,RefSeq,gene,1289245,1290150,,+,,906,gene-b1234,"ECOCYC:EG12120,GeneID:945725",,rssA,Gene,,,,,rssA,protein_coding,"ECK1229,ychK",b1234,,,,,,,,,,
NC_000913.3,RefSeq,gene,1290242,1291255,,+,,1014,gene-b1235,"ECOCYC:EG12121,GeneID:945855",,rssB,Gene,,,,,rssB,protein_coding,"ECK1230,hnr,sprE,ychL",b1235,,,,,,,,,,
NC_000913.3,RefSeq,gene,1291457,1292365,,+,,909,gene-b1236,"ECOCYC:EG11319,GeneID:945730",,galU,Gene,,,,,galU,protein_coding,"ECK1231,ychD",b1236,,,,,,,,,,
NC_000913.3,RefSeq,gene,1292509,1292922,,-,,414,gene-b1237,"ECOCYC:EG10457,GeneID:945829",,hns,Gene,,,,,hns,protein_coding,"B1,bglY,cur,drc,drdX,drs,ECK1232,fimG,H1,hnsA,irk,msyA,osmZ,pilG,topS,topX,virR",b1237,,,,,,,,,,
NC_000913.3,RefSeq,gene,1293527,1294144,,+,,618,gene-b1238,"ECOCYC:EG10994,GeneID:945834",,tdk,Gene,,,,,tdk,protein_coding,ECK1233,b1238,,,,,,,,,,
NC_000913.3,RefSeq,gene,1295446,1298121,,-,,2676,gene-b1241,"ECOCYC:EG10031,GeneID:945837",,adhE,Gene,,,,,adhE,protein_coding,"adhC,ana,ECK1235",b1241,,,,,,,,,,
NC_000913.3,RefSeq,gene,1298514,1298567,,+,,54,gene-b4771,"ECOCYC:G0-17017,GeneID:63925632",,ychT,Gene,,,,,ychT,protein_coding,ECK4627,b4771,,,,,,,,,,
NC_000913.3,RefSeq,gene,1298598,1299245,,+,,648,gene-b1242,"ECOCYC:EG11342,GeneID:945836",,ychE,Gene,,,,,ychE,protein_coding,ECK1236,b1242,,,,,,,,,,
NC_000913.3,RefSeq,gene,1299567,1300547,,+,,981,gene-b4711,"ECOCYC:G0-16639,GeneID:38094952",,insH21,Gene,,,,,insH21,protein_coding,ECK4568,b4711,,,,,,,,,,
NC_000913.3,RefSeq,gene,1301182,1302813,,+,,1632,gene-b1243,"ECOCYC:EG10674,GeneID:945830",,oppA,Gene,,,,,oppA,protein_coding,ECK1237,b1243,,,,,,,,,,
NC_000913.3,RefSeq,gene,1302899,1303819,,+,,921,gene-b1244,"ECOCYC:EG10675,GeneID:945823",,oppB,Gene,,,,,oppB,protein_coding,ECK1238,b1244,,,,,,,,,,
NC_000913.3,RefSeq,gene,1303834,1304742,,+,,909,gene-b1245,"ECOCYC:EG10676,GeneID:945810",,oppC,Gene,,,,,oppC,protein_coding,ECK1239,b1245,,,,,,,,,,
NC_000913.3,RefSeq,gene,1304754,1305767,,+,,1014,gene-b1246,"ECOCYC:EG10677,GeneID:945802",,oppD,Gene,,,,,oppD,protein_coding,ECK1240,b1246,,,,,,,,,,
NC_000913.3,RefSeq,gene,1305764,1306768,,+,,1005,gene-b1247,"ECOCYC:EG10678,GeneID:945818",,oppF,Gene,,,,,oppF,protein_coding,ECK1241,b1247,,,,,,,,,,
NC_000913.3,RefSeq,gene,1306821,1307150,,-,,330,gene-b1248,"ECOCYC:G6633,GeneID:945819",,yciU,Gene,,,,,yciU,protein_coding,ECK1242,b1248,,,,,,,,,,
NC_000913.3,RefSeq,gene,1307185,1308645,,-,,1461,gene-b1249,"ECOCYC:EG11608,GeneID:945821",,clsA,Gene,,,,,clsA,protein_coding,"cls,ECK1243,nov,yciJ",b1249,,,,,,,,,,
NC_000913.3,RefSeq,gene,1308788,1308961,,+,,174,gene-b4595,"ECOCYC:G0-8891,GeneID:5061502",,yciY,Gene,,,,,yciY,protein_coding,ECK4405,b4595,,,,,,,,,,
NC_000913.3,RefSeq,gene,1309016,1310269,,-,,1254,gene-b1250,"ECOCYC:EG11606,GeneID:945841",,kch,Gene,,,,,kch,protein_coding,ECK1244,b1250,,,,,,,,,,
NC_000913.3,RefSeq,gene,1310569,1310865,,-,,297,gene-b1251,"ECOCYC:EG11607,GeneID:949085",,yciI,Gene,,,,,yciI,protein_coding,ECK1245,b1251,,,,,,,,,,
NC_000913.3,RefSeq,gene,1311089,1311808,,+,,720,gene-b1252,"ECOCYC:EG11012,GeneID:945843",,tonB,Gene,,,,,tonB,protein_coding,"ECK1246,exbA,T1rec",b1252,,,,,,,,,,
NC_000913.3,RefSeq,gene,1311848,1312246,,-,,399,gene-b1253,"ECOCYC:EG11121,GeneID:946634",,yciA,Gene,,,,,yciA,protein_coding,ECK1247,b1253,,,,,,,,,,
NC_000913.3,RefSeq,gene,1312351,1312890,,-,,540,gene-b1254,"ECOCYC:EG11122,GeneID:946228",,yciB,Gene,,,,,yciB,protein_coding,ECK1248,b1254,,,,,,,,,,
NC_000913.3,RefSeq,gene,1312920,1313663,,-,,744,gene-b1255,"ECOCYC:EG11123,GeneID:945844",,yciC,Gene,,,,,yciC,protein_coding,ECK1249,b1255,,,,,,,,,,
NC_000913.3,RefSeq,gene,1314020,1314658,,+,,639,gene-b1256,"ECOCYC:EG11124,GeneID:945128",,ompW,Gene,,,,,ompW,protein_coding,"ECK1250,yciD",b1256,,,,,,,,,,
NC_000913.3,RefSeq,gene,1314718,1315224,,-,,507,gene-b1257,"ECOCYC:EG11125,GeneID:946871",,yciE,Gene,,,,,yciE,protein_coding,ECK1251,b1257,,,,,,,,,,
NC_000913.3,RefSeq,gene,1315270,1315770,,-,,501,gene-b1258,"ECOCYC:EG11126,GeneID:947133",,yciF,Gene,,,,,yciF,protein_coding,ECK1252,b1258,,,,,,,,,,
NC_000913.3,RefSeq,gene,1315856,1316035,,-,,180,gene-b1259,"ECOCYC:EG11127,GeneID:947489",,yciG,Gene,,,,,yciG,protein_coding,ECK1253,b1259,,,,,,,,,,
NC_000913.3,RefSeq,gene,1316416,1317222,,-,,807,gene-b1260,"ECOCYC:EG11024,GeneID:946204",,trpA,Gene,,,,,trpA,protein_coding,"ECK1254,try,tryp",b1260,,,,,,,,,,
NC_000913.3,RefSeq,gene,1317222,1318415,,-,,1194,gene-b1261,"ECOCYC:EG11025,GeneID:945768",,trpB,Gene,,,,,trpB,protein_coding,ECK1255,b1261,,,,,,,,,,
NC_000913.3,RefSeq,gene,1318427,1319788,,-,,1362,gene-b1262,"ECOCYC:EG11026,GeneID:945519",,trpC,Gene,,,,,trpC,protein_coding,"ECK1256,trpCF,trpF",b1262,,,,,,,,,,
NC_000913.3,RefSeq,gene,1319789,1321384,,-,,1596,gene-b1263,"ECOCYC:EG11027,GeneID:945109",,trpD,Gene,,,,,trpD,protein_coding,"ECK1257,trpGD",b1263,,,,,,,,,,
NC_000913.3,RefSeq,gene,1321384,1322946,,-,,1563,gene-b1264,"ECOCYC:EG11028,GeneID:945846",,trpE,Gene,,,,,trpE,protein_coding,"anth,ECK1258,tryD,tryp-4",b1264,,,,,,,,,,
NC_000913.3,RefSeq,gene,1323038,1323082,,-,,45,gene-b1265,"ECOCYC:EG11274,GeneID:945856",,trpL,Gene,,,,,trpL,protein_coding,"ECK1259,trpEE",b1265,,,,,,,,,,
NC_000913.3,RefSeq,gene,1323220,1324101,,+,,882,gene-b1266,"ECOCYC:G6634,GeneID:945857",,rnm,Gene,,,,,rnm,protein_coding,"ECK1260,trpH,yciV",b1266,,,,,,,,,,
NC_000913.3,RefSeq,gene,1324098,1324718,,+,,621,gene-b1267,"ECOCYC:G6635,GeneID:945854",,yciO,Gene,,,,,yciO,protein_coding,ECK1261,b1267,,,,,,,,,,
NC_000913.3,RefSeq,gene,1324746,1326641,,+,,1896,gene-b1268,"ECOCYC:G6636,GeneID:945850",,yciQ,Gene,,,,,yciQ,protein_coding,"ECK1262,yciP",b1268,,,,,,,,,,
NC_000913.3,RefSeq,gene,1326852,1327727,,+,,876,gene-b1269,"ECOCYC:EG12433,GeneID:945840",,rluB,Gene,,,,,rluB,protein_coding,"ECK1263,yciL",b1269,,,,,,,,,,
NC_000913.3,RefSeq,gene,1327767,1328357,,-,,591,gene-b1270,"ECOCYC:EG10130,GeneID:945839",,btuR,Gene,,,,,btuR,protein_coding,"cobA,ECK1264",b1270,,,,,,,,,,
NC_000913.3,RefSeq,gene,1328354,1329112,,-,,759,gene-b1271,"ECOCYC:EG11759,GeneID:945838",,yciK,Gene,,,,,yciK,protein_coding,ECK1265,b1271,,,,,,,,,,
NC_000913.3,RefSeq,gene,1329332,1330381,,+,,1050,gene-b1272,"ECOCYC:EG10956,GeneID:945858",,sohB,Gene,,,,,sohB,protein_coding,ECK1266,b1272,,,,,,,,,,
NC_000913.3,RefSeq,gene,1330417,1330668,,-,,252,gene-b1273,"ECOCYC:EG12868,GeneID:945860",,yciN,Gene,,,,,yciN,protein_coding,ECK1267,b1273,,,,,,,,,,
NC_000913.3,RefSeq,gene,1331048,1333645,,+,,2598,gene-b1274,"ECOCYC:EG11013,GeneID:945862",,topA,Gene,,,,,topA,protein_coding,"ECK1268,supX",b1274,,,,,,,,,,
NC_000913.3,RefSeq,gene,1333855,1334829,,+,,975,gene-b1275,"ECOCYC:EG10184,GeneID:945771",,cysB,Gene,,,,,cysB,protein_coding,ECK1269,b1275,,,,,,,,,,
NC_000913.3,RefSeq,gene,1335148,1335288,,+,,141,gene-b4522,"ECOCYC:G0-10512,GeneID:1450256",,ymiA,Gene,,,,,ymiA,protein_coding,"ECK4433,yciX_1",b4522,,,,,,,,,,
NC_000913.3,RefSeq,gene,1335291,1335458,,+,,168,gene-b4523,"ECOCYC:G0-10513,GeneID:1450257",,yciX,Gene,,,,,yciX,protein_coding,"ECK1270,yciX_2",b4523,,,,,,,,,,
NC_000913.3,RefSeq,gene,1335572,1335667,,+,,96,gene-b4741,"ECOCYC:G0-16736,GeneID:38094953",,ymiC,Gene,,,,,ymiC,protein_coding,ECK4598,b4741,,,,,,,,,,
NC_000913.3,RefSeq,gene,1335831,1338506,,+,,2676,gene-b1276,"ECOCYC:EG11325,GeneID:946724",,acnA,Gene,,,,,acnA,protein_coding,"acn,ECK1271",b1276,,,,,,,,,,
NC_000913.3,RefSeq,gene,1338570,1339160,,-,,591,gene-b1277,"ECOCYC:EG11331,GeneID:945763",,ribA,Gene,,,,,ribA,protein_coding,ECK1272,b1277,,,,,,,,,,
NC_000913.3,RefSeq,gene,1339330,1340094,,+,,765,gene-b1278,"ECOCYC:EG10705,GeneID:945863",,pgpB,Gene,,,,,pgpB,protein_coding,ECK1273,b1278,,,,,,,,,,
NC_000913.3,RefSeq,gene,1340243,1340551,,+,,309,gene-b1279,"ECOCYC:G6637,GeneID:944936",,lapA,Gene,,,,,lapA,protein_coding,"ECK1274,yciS",b1279,,,,,,,,,,
NC_000913.3,RefSeq,gene,1340558,1341727,,+,,1170,gene-b1280,"ECOCYC:EG12691,GeneID:944858",,lapB,Gene,,,,,lapB,protein_coding,"ECK1275,yciM",b1280,,,,,,,,,,
NC_000913.3,RefSeq,gene,1341921,1342658,,+,,738,gene-b1281,"ECOCYC:EG10809,GeneID:947121",,pyrF,Gene,,,,,pyrF,protein_coding,ECK1276,b1281,,,,,,,,,,
NC_000913.3,RefSeq,gene,1342658,1342984,,+,,327,gene-b1282,"ECOCYC:EG11128,GeneID:947058",,yciH,Gene,,,,,yciH,protein_coding,ECK1277,b1282,,,,,,,,,,
NC_000913.3,RefSeq,gene,1343110,1343328,,-,,219,gene-b1283,"ECOCYC:EG10679,GeneID:945866",,osmB,Gene,,,,,osmB,protein_coding,ECK1278,b1283,,,,,,,,,,
NC_000913.3,RefSeq,gene,1343597,1344346,,-,,750,gene-b1284,"ECOCYC:G6638,GeneID:945869",,yciT,Gene,,,,,yciT,protein_coding,"deoT,ECK1279",b1284,,,,,,,,,,
NC_000913.3,RefSeq,gene,1344436,1344609,,-,,174,gene-b4596,"ECOCYC:G0-10591,GeneID:5061509",,yciZ,Gene,,,,,yciZ,protein_coding,"deoL,ECK4406",b4596,,,,,,,,,,
NC_000913.3,RefSeq,gene,1344647,1344775,,+,,129,gene-b4772,"ECOCYC:G0-17018,GeneID:63925633",,ymiD,Gene,,,,,ymiD,protein_coding,ECK4629,b4772,,,,,,,,,,
NC_000913.3,RefSeq,gene,1344757,1346742,,-,,1986,gene-b1285,"ECOCYC:G6639,GeneID:945868",,pdeR,Gene,,,,,pdeR,protein_coding,"ECK1280,gmr,yciR",b1285,,,,,,,,,,
NC_000913.3,RefSeq,gene,1346796,1346900,,+,,105,gene-b4672,"ECOCYC:G0-16673,GeneID:7751616",,ymiB,Gene,,,,,ymiB,protein_coding,ECK4487,b4672,,,,,,,,,,
NC_000913.3,RefSeq,gene,1346978,1348912,,-,,1935,gene-b1286,"ECOCYC:EG11620,GeneID:945864",,rnb,Gene,,,,,rnb,protein_coding,ECK1281,b1286,,,,,,,,,,
NC_000913.3,RefSeq,gene,1348980,1350107,,-,,1128,gene-b1287,"ECOCYC:G6640,GeneID:945859",,yciW,Gene,,,,,yciW,protein_coding,ECK1282,b1287,,,,,,,,,,
NC_000913.3,RefSeq,gene,1350251,1351039,,-,,789,gene-b1288,"ECOCYC:EG11528,GeneID:945870",,fabI,Gene,,,,,fabI,protein_coding,"ECK1283,envM,gts,qmeA",b1288,,,,,,,,,,
NC_000913.3,RefSeq,gene,1351407,1351760,,-,,354,gene-b1289,"ECOCYC:G6641,GeneID:945871",,ycjD,Gene,,,,,ycjD,protein_coding,ECK1284,b1289,,,,,,,,,,
NC_000913.3,RefSeq,gene,1351828,1352634,,-,,807,gene-b1290,"ECOCYC:EG12305,GeneID:945335",,sapF,Gene,,,,,sapF,protein_coding,ECK1285,b1290,,,,,,,,,,
NC_000913.3,RefSeq,gene,1352636,1353628,,-,,993,gene-b1291,"ECOCYC:EG12304,GeneID:946203",,sapD,Gene,,,,,sapD,protein_coding,"ECK1286,trkE",b1291,,,,,,,,,,
NC_000913.3,RefSeq,gene,1353628,1354518,,-,,891,gene-b1292,"ECOCYC:G2000,GeneID:945266",,sapC,Gene,,,,,sapC,protein_coding,ECK1287,b1292,,,,,,,,,,
NC_000913.3,RefSeq,gene,1354505,1355470,,-,,966,gene-b1293,"ECOCYC:G2001,GeneID:946191",,sapB,Gene,,,,,sapB,protein_coding,ECK1288,b1293,,,,,,,,,,
NC_000913.3,RefSeq,gene,1355467,1357110,,-,,1644,gene-b1294,"ECOCYC:G2002,GeneID:945873",,sapA,Gene,,,,,sapA,protein_coding,ECK1289,b1294,,,,,,,,,,
NC_000913.3,RefSeq,gene,1357423,1357668,,-,,246,gene-b1295,"ECOCYC:G6642,GeneID:945874",,ymjA,Gene,,,,,ymjA,protein_coding,ECK1290,b1295,,,,,,,,,,
NC_000913.3,RefSeq,gene,1357802,1359187,,-,,1386,gene-b1296,"ECOCYC:G6643,GeneID:946287",,puuP,Gene,,,,,puuP,protein_coding,"ECK1291,ycjJ",b1296,,,,,,,,,,
NC_000913.3,RefSeq,gene,1359177,1359341,,-,,165,gene-b4742,"ECOCYC:G0-16737,GeneID:38094954",,ymjE,Gene,,,,,ymjE,protein_coding,ECK4599,b4742,,,,,,,,,,
NC_000913.3,RefSeq,gene,1359490,1360908,,-,,1419,gene-b1297,"ECOCYC:G6644,GeneID:946202",,puuA,Gene,,,,,puuA,protein_coding,"ECK1292,ycjK",b1297,,,,,,,,,,
NC_000913.3,RefSeq,gene,1361120,1361884,,+,,765,gene-b1298,"ECOCYC:G6645,GeneID:945882",,puuD,Gene,,,,,puuD,protein_coding,"ECK1293,ycjL",b1298,,,,,,,,,,
NC_000913.3,RefSeq,gene,1361911,1362468,,+,,558,gene-b1299,"ECOCYC:EG12431,GeneID:945886",,puuR,Gene,,,,,puuR,protein_coding,"ECK1294,ycjC",b1299,,,,,,,,,,
NC_000913.3,RefSeq,gene,1362743,1364230,,+,,1488,gene-b1300,"ECOCYC:EG10036,GeneID:947003",,puuC,Gene,,,,,puuC,protein_coding,"aldH,ECK1295",b1300,,,,,,,,,,
NC_000913.3,RefSeq,gene,1364232,1365512,,+,,1281,gene-b1301,"ECOCYC:EG11822,GeneID:945072",,puuB,Gene,,,,,puuB,protein_coding,"ECK1296,ordL,ycjA",b1301,,,,,,,,,,
NC_000913.3,RefSeq,gene,1365550,1366815,,+,,1266,gene-b1302,"ECOCYC:G6646,GeneID:945446",,puuE,Gene,,,,,puuE,protein_coding,"ECK1297,goaG",b1302,,,,,,,,,,
NC_000913.3,RefSeq,gene,1366935,1367912,,-,,978,gene-b1303,"ECOCYC:EG12344,GeneID:945683",,pspF,Gene,,,,,pspF,protein_coding,"ECK1298,ycjB",b1303,,,,,,,,,,
NC_000913.3,RefSeq,gene,1368079,1368747,,+,,669,gene-b1304,"ECOCYC:EG10776,GeneID:945887",,pspA,Gene,,,,,pspA,protein_coding,"cog,ECK1299",b1304,,,,,,,,,,
NC_000913.3,RefSeq,gene,1368801,1369025,,+,,225,gene-b1305,"ECOCYC:EG10777,GeneID:945893",,pspB,Gene,,,,,pspB,protein_coding,ECK1300,b1305,,,,,,,,,,
NC_000913.3,RefSeq,gene,1369025,1369384,,+,,360,gene-b1306,"ECOCYC:EG10778,GeneID:945499",,pspC,Gene,,,,,pspC,protein_coding,ECK1301,b1306,,,,,,,,,,
NC_000913.3,RefSeq,gene,1369393,1369614,,+,,222,gene-b1307,"ECOCYC:EG10779,GeneID:945635",,pspD,Gene,,,,,pspD,protein_coding,ECK1302,b1307,,,,,,,,,,
NC_000913.3,RefSeq,gene,1369689,1370003,,+,,315,gene-b1308,"ECOCYC:EG10780,GeneID:945652",,pspE,Gene,,,,,pspE,protein_coding,ECK1303,b1308,,,,,,,,,,
NC_000913.3,RefSeq,gene,1370216,1371895,,+,,1680,gene-b1309,"ECOCYC:G6647,GeneID:945659",,ycjM,Gene,,,,,ycjM,protein_coding,"ECK1304,ggaP",b1309,,,,,,,,,,
NC_000913.3,RefSeq,gene,1371909,1373201,,+,,1293,gene-b1310,"ECOCYC:G6648,GeneID:945696",,ycjN,Gene,,,,,ycjN,protein_coding,ECK1305,b1310,,,,,,,,,,
NC_000913.3,RefSeq,gene,1373222,1374103,,+,,882,gene-b1311,"ECOCYC:G6649,GeneID:945888",,ycjO,Gene,,,,,ycjO,protein_coding,ECK1306,b1311,,,,,,,,,,
NC_000913.3,RefSeq,gene,1374090,1374932,,+,,843,gene-b1312,"ECOCYC:G6650,GeneID:945892",,ycjP,Gene,,,,,ycjP,protein_coding,ECK1307,b1312,,,,,,,,,,
NC_000913.3,RefSeq,gene,1374963,1376015,,+,,1053,gene-b1313,"ECOCYC:G6651,GeneID:945971",,ycjQ,Gene,,,,,ycjQ,protein_coding,ECK1308,b1313,,,,,,,,,,
NC_000913.3,RefSeq,gene,1376034,1376822,,+,,789,gene-b1314,"ECOCYC:G6652,GeneID:947427",,ycjR,Gene,,,,,ycjR,protein_coding,"dte,ECK1309",b1314,,,,,,,,,,
NC_000913.3,RefSeq,gene,1376832,1377887,,+,,1056,gene-b1315,"ECOCYC:G6653,GeneID:948589",,ycjS,Gene,,,,,ycjS,protein_coding,ECK1310,b1315,,,,,,,,,,
NC_000913.3,RefSeq,gene,1377884,1380151,,+,,2268,gene-b1316,"ECOCYC:G6654,GeneID:945895",,ycjT,Gene,,,,,ycjT,protein_coding,ECK1311,b1316,,,,,,,,,,
NC_000913.3,RefSeq,gene,1380148,1380807,,+,,660,gene-b1317,"ECOCYC:G6655,GeneID:945891",,ycjU,Gene,,,,,ycjU,protein_coding,"ECK1312,pgmB",b1317,,,,,,,,,,
NC_000913.3,RefSeq,gene,1381947,1382852,,+,,906,gene-b1319,"ECOCYC:G6657,GeneID:945889",,ompG,Gene,,,,,ompG,protein_coding,ECK1315,b1319,,,,,,,,,,
NC_000913.3,RefSeq,gene,1382963,1383961,,-,,999,gene-b1320,"ECOCYC:G6658,GeneID:945875",,ycjW,Gene,,,,,ycjW,protein_coding,ECK1316,b1320,,,,,,,,,,
NC_000913.3,RefSeq,gene,1384117,1385514,,+,,1398,gene-b1321,"ECOCYC:G6659,GeneID:945872",,ycjX,Gene,,,,,ycjX,protein_coding,ECK1317,b1321,,,,,,,,,,
NC_000913.3,RefSeq,gene,1385511,1386572,,+,,1062,gene-b1322,"ECOCYC:EG12870,GeneID:945878",,ycjF,Gene,,,,,ycjF,protein_coding,ECK1318,b1322,,,,,,,,,,
NC_000913.3,RefSeq,gene,1386720,1388261,,+,,1542,gene-b1323,"ECOCYC:EG11042,GeneID:945879",,tyrR,Gene,,,,,tyrR,protein_coding,ECK1319,b1323,,,,,,,,,,
NC_000913.3,RefSeq,gene,1388305,1388811,,-,,507,gene-b1324,"ECOCYC:G6660,GeneID:945880",,tpx,Gene,,,,,tpx,protein_coding,"ECK1320,yzzJ",b1324,,,,,,,,,,
NC_000913.3,RefSeq,gene,1388930,1389895,,+,,966,gene-b1325,"ECOCYC:G6661,GeneID:946013",,ycjG,Gene,,,,,ycjG,protein_coding,"ECK1321,ycjH",b1325,,,,,,,,,,
NC_000913.3,RefSeq,gene,1389870,1390598,,-,,729,gene-b1326,"ECOCYC:G6662,GeneID:945969",,mpaA,Gene,,,,,mpaA,protein_coding,"ECK1322,ycjI",b1326,,,,,,,,,,
NC_000913.3,RefSeq,gene,1390680,1390862,,-,,183,gene-b4525,"ECOCYC:G0-10446,GeneID:1450258",,ymjC,Gene,,,,,ymjC,protein_coding,ECK1323,b4525,,,,,,,,,,
NC_000913.3,RefSeq,gene,1390868,1390933,,-,,66,gene-b4673,"ECOCYC:G0-10645,GeneID:7751617",,ymjD,Gene,,,,,ymjD,protein_coding,ECK4488,b4673,,,,,,,,,,
NC_000913.3,RefSeq,gene,1390933,1391853,,-,,921,gene-b1327,"ECOCYC:G6663,GeneID:945988",,ycjY,Gene,,,,,ycjY,protein_coding,ECK1324,b1327,,,,,,,,,,
NC_000913.3,RefSeq,gene,1391991,1392890,,+,,900,gene-b1328,"ECOCYC:G6664,GeneID:945930",,pgrR,Gene,,,,,pgrR,protein_coding,"ECK1325,ycjZ",b1328,,,,,,,,,,
NC_000913.3,RefSeq,gene,1393227,1394840,,+,,1614,gene-b1329,"ECOCYC:G6665,GeneID:945951",,mppA,Gene,,,,,mppA,protein_coding,"ECK1326,ynaH",b1329,,,,,,,,,,
NC_000913.3,RefSeq,gene,1394891,1395922,,-,,1032,gene-b1330,"ECOCYC:G6666,GeneID:945898",,ynaI,Gene,,,,,ynaI,protein_coding,ECK1327,b1330,,,,,,,,,,
NC_000913.3,RefSeq,gene,1396112,1397092,,+,,981,gene-b1331,"ECOCYC:G6667,GeneID:945896",,insH4,Gene,,,,,insH4,protein_coding,"ECK0261,trs5-4,yi52_4",b1331,,,,,,,,,,
NC_000913.3,RefSeq,gene,1397365,1397622,,+,,258,gene-b1332,"ECOCYC:G6668,GeneID:945901",,ynaJ,Gene,,,,,ynaJ,protein_coding,ECK1328,b1332,,,,,,,,,,
NC_000913.3,RefSeq,gene,1397672,1398622,,-,,951,gene-b1333,"ECOCYC:EG11246,GeneID:945904",,uspE,Gene,,,,,uspE,protein_coding,"ECK1329,ydaA",b1333,,,,,,,,,,
NC_000913.3,RefSeq,gene,1398774,1399526,,-,,753,gene-b1334,"ECOCYC:EG10325,GeneID:945908",,fnr,Gene,,,,,fnr,protein_coding,"ECK1330,nirA,nirR,ossA,oxrA",b1334,,,,,,,,,,
NC_000913.3,RefSeq,gene,1399721,1400236,,-,,516,gene-b1335,"ECOCYC:EG10668,GeneID:945853",,ogt,Gene,,,,,ogt,protein_coding,ECK1331,b1335,,,,,,,,,,
NC_000913.3,RefSeq,gene,1400247,1401773,,-,,1527,gene-b1336,"ECOCYC:EG12853,GeneID:945912",,abgT,Gene,,,,,abgT,protein_coding,"ECK1332,ydaH",b1336,,,,,,,,,,
NC_000913.3,RefSeq,gene,1401810,1403255,,-,,1446,gene-b1337,"ECOCYC:G6669,GeneID:945950",,abgB,Gene,,,,,abgB,protein_coding,"ECK1333,ydaI",b1337,,,,,,,,,,
NC_000913.3,RefSeq,gene,1403255,1404565,,-,,1311,gene-b1338,"ECOCYC:G6670,GeneID:945742",,abgA,Gene,,,,,abgA,protein_coding,"ECK1334,ydaJ",b1338,,,,,,,,,,
NC_000913.3,RefSeq,gene,1404741,1405649,,+,,909,gene-b1339,"ECOCYC:G6671,GeneID:945831",,abgR,Gene,,,,,abgR,protein_coding,ECK1335,b1339,,,,,,,,,,
NC_000913.3,RefSeq,gene,1405658,1405751,,-,,94,gene-b4426,"ECOCYC:G0-8899,GeneID:2847751",,mcaS,Gene,,,,,mcaS,ncRNA,"ECK1336,IS061,isrA",b4426,,,,,,,,,,
NC_000913.3,RefSeq,gene,1405979,1406542,,+,,564,gene-b1340,"ECOCYC:G6672,GeneID:945953",,smrA,Gene,,,,,smrA,protein_coding,"ECK1337,ydaL",b1340,,,,,,,,,,
NC_000913.3,RefSeq,gene,1406563,1407795,,-,,1233,gene-b1341,"ECOCYC:G6673,GeneID:945909",,dgcM,Gene,,,,,dgcM,protein_coding,"ECK1338,ydaM",b1341,,,,,,,,,,
NC_000913.3,RefSeq,gene,1407989,1408036,,+,,48,gene-b4773,"ECOCYC:G0-17019,GeneID:63925634",,ynaN,Gene,,,,,ynaN,protein_coding,ECK4630,b4773,,,,,,,,,,
NC_000913.3,RefSeq,gene,1408050,1409033,,+,,984,gene-b1342,"ECOCYC:G6674,GeneID:945910",,zntB,Gene,,,,,zntB,protein_coding,"ECK1339,ydaN",b1342,,,,,,,,,,
NC_000913.3,RefSeq,gene,1409129,1409250,,+,,122,gene-b4699,"ECOCYC:G0-10677,GeneID:8764968",,fnrS,Gene,,,,,fnrS,ncRNA,"ECK4511,rydA",b4699,,,,,,,,,,
NC_000913.3,RefSeq,gene,1409308,1409481,,+,,174,gene-b4743,"ECOCYC:G0-8900,GeneID:38094955",,ynaL,Gene,,,,,ynaL,protein_coding,"C0343,ECK4600",b4743,,,,,,,,,,
NC_000913.3,RefSeq,gene,1409511,1410884,,+,,1374,gene-b1343,"ECOCYC:EG10210,GeneID:947153",,dbpA,Gene,,,,,dbpA,protein_coding,"ECK1340,rhlC",b1343,,,,,,,,,,
NC_000913.3,RefSeq,gene,1411013,1411948,,-,,936,gene-b1344,"ECOCYC:G6675,GeneID:948967",,ttcA,Gene,,,,,ttcA,protein_coding,"ECK1341,ydaO",b1344,,,,,,,,,,
NC_000913.3,RefSeq,gene,1412000,1413235,,-,,1236,gene-b1345,"ECOCYC:G6676,GeneID:946976",,intR,Gene,,,,,intR,protein_coding,"ECK1342,ydaP",b1345,,,,,,,,,,
NC_000913.3,RefSeq,gene,1413237,1413452,,-,,216,gene-b1346,"ECOCYC:G6677,GeneID:947399",,xisR,Gene,,,,,xisR,protein_coding,"ECK1343,ydaQ",b1346,,,,,,,,,,
NC_000913.3,RefSeq,gene,1413531,1413740,,-,,210,gene-b1347,"ECOCYC:EG11901,GeneID:947504",,rcbA,Gene,,,,,rcbA,protein_coding,"ECK1344,ydaC",b1347,,,,,,,,,,
NC_000913.3,RefSeq,gene,1413556,1413734,,+,,179,gene-b4714,"ECOCYC:G0-16600,GeneID:20160642",,ralA,Gene,,,,,ralA,ncRNA,ECK4571,b4714,,,,,,,,,,
NC_000913.3,RefSeq,gene,1413733,1413927,,-,,195,gene-b1348,"ECOCYC:EG11900,GeneID:945914",,ralR,Gene,,,,,ralR,protein_coding,"ECK1345,lar,ydaB",b1348,,,,,,,,,,
NC_000913.3,RefSeq,gene,1413984,1414793,,-,,810,gene-b1349,"ECOCYC:EG11899,GeneID:945917",,recT,Gene,,,,,recT,protein_coding,ECK1346,b1349,,,,,,,,,,
NC_000913.3,RefSeq,gene,1414786,1417386,,-,,2601,gene-b1350,"ECOCYC:EG10827,GeneID:945918",,recE,Gene,,,,,recE,protein_coding,"ECK1347,rac,rmuB,sbcA",b1350,,,,,,,,,,
NC_000913.3,RefSeq,gene,1417488,1417763,,-,,276,gene-b1351,"ECOCYC:EG10813,GeneID:945920",,racC,Gene,,,,,racC,protein_coding,"ECK1348,sbcA",b1351,,,,,,,,,,
NC_000913.3,RefSeq,gene,1417838,1418008,,-,,171,gene-b4526,"ECOCYC:G0-9081,GeneID:948959",,ydaE,Gene,,,,,ydaE,protein_coding,ECK1349,b4526,,,,,,,,,,
NC_000913.3,RefSeq,gene,1418008,1418229,,-,,222,gene-b1352,"ECOCYC:EG12155,GeneID:945921",,kilR,Gene,,,,,kilR,protein_coding,"ECK1350,kil,ydaD",b1352,,,,,,,,,,
NC_000913.3,RefSeq,gene,1418405,1418502,,-,,98,gene-b4833,"ECOCYC:G0-17108,GeneID:71004563",,kilS,Gene,,,,,kilS,ncRNA,ECK4690,b4833,,,,,,,,,,
NC_000913.3,RefSeq,gene,1418671,1419159,,+,,489,gene-b1353,"ECOCYC:EG12154,GeneID:945913",,sieB,Gene,,,,,sieB,protein_coding,ECK1351,b1353,,,,,,,,,,
NC_000913.3,RefSeq,gene,1419156,1419311,,-,,156,gene-b4527,"ECOCYC:G0-10448,GeneID:945911",,ydaF,Gene,,,,,ydaF,protein_coding,ECK1352,b4527,,,,,,,,,,
NC_000913.3,RefSeq,gene,1419322,1419456,,-,,135,gene-b1355,"ECOCYC:G6679,GeneID:945907",,ydaG,Gene,,,,,ydaG,protein_coding,"ECK1353,gatA",b1355,,,,,,,,,,
NC_000913.3,RefSeq,gene,1419765,1420241,,-,,477,gene-b1356,"ECOCYC:G6680,GeneID:945899",,racR,Gene,,,,,racR,protein_coding,"ECK1354,rarC,ydaR",b1356,,,,,,,,,,
NC_000913.3,RefSeq,gene,1420365,1420661,,+,,297,gene-b1357,"ECOCYC:G6681,GeneID:945923",,ydaS,Gene,,,,,ydaS,protein_coding,ECK1355,b1357,,,,,,,,,,
NC_000913.3,RefSeq,gene,1420684,1421106,,+,,423,gene-b1358,"ECOCYC:G6682,GeneID:945924",,ydaT,Gene,,,,,ydaT,protein_coding,ECK1356,b1358,,,,,,,,,,
NC_000913.3,RefSeq,gene,1421119,1421976,,+,,858,gene-b1359,"ECOCYC:G6683,GeneID:945925",,ydaU,Gene,,,,,ydaU,protein_coding,ECK1357,b1359,,,,,,,,,,
NC_000913.3,RefSeq,gene,1421983,1422729,,+,,747,gene-b1360,"ECOCYC:G6684,GeneID:945926",,ydaV,Gene,,,,,ydaV,protein_coding,ECK1358,b1360,,,,,,,,,,
NC_000913.3,RefSeq,gene,1422752,1423312,,+,,561,gene-b1361,"ECOCYC:G6685,GeneID:945927",,ydaW,Gene,,,,,ydaW,protein_coding,ECK1359,b1361,,,,,,,,,,
NC_000913.3,RefSeq,gene,1423400,1423585,,+,,186,gene-b4528,"ECOCYC:G0-10449,GeneID:1450262",,rzoR,Gene,,,,,rzoR,protein_coding,ECK1361,b4528,,,,,,,,,,
NC_000913.3,RefSeq,gene,1423782,1425239,,+,,1458,gene-b1363,"ECOCYC:EG11020,GeneID:945932",,trkG,Gene,,,,,trkG,protein_coding,ECK1362,b1363,,,,,,,,,,
NC_000913.3,RefSeq,gene,1425377,1425640,,+,,264,gene-b1365,"ECOCYC:G6688,GeneID:947417",,ynaK,Gene,,,,,ynaK,protein_coding,ECK1363,b1365,,,,,,,,,,
NC_000913.3,RefSeq,gene,1425621,1425980,,+,,360,gene-b1366,"ECOCYC:G6689,GeneID:946208",,ydaY,Gene,,,,,ydaY,protein_coding,ECK1364,b1366,,,,,,,,,,
NC_000913.3,RefSeq,gene,1426454,1427482,,+,,1029,gene-b1368,"ECOCYC:G6691,GeneID:947543",,ynaA,Gene,,,,,ynaA,protein_coding,"ECK1365,tmpR",b1368,,,,,,,,,,
NC_000913.3,RefSeq,gene,1427746,1428726,,-,,981,gene-b1370,"ECOCYC:G6693,GeneID:945944",,insH5,Gene,,,,,insH5,protein_coding,"ECK0261,trs5-5,yi52_5",b1370,,,,,,,,,,
NC_000913.3,RefSeq,gene,1429049,1432411,,+,,3363,gene-b1372,"ECOCYC:G6695,GeneID:945207",,stfR,Gene,,,,,stfR,protein_coding,"ECK1367,ynaB",b1372,,,,,,,,,,
NC_000913.3,RefSeq,gene,1432411,1432986,,+,,576,gene-b1373,"ECOCYC:G6696,GeneID:946062",,tfaR,Gene,,,,,tfaR,protein_coding,"ECK1368,ynaC",b1373,,,,,,,,,,
NC_000913.3,RefSeq,gene,1433084,1433674,,-,,591,gene-b1374,"ECOCYC:G6697,GeneID:948973",,pinR,Gene,,,,,pinR,protein_coding,"ECK1369,ynaD",b1374,,,,,,,,,,
NC_000913.3,RefSeq,gene,1433991,1434224,,-,,234,gene-b1375,"ECOCYC:G6698,GeneID:946078",,ynaE,Gene,,,,,ynaE,protein_coding,ECK1370,b1375,,,,,,,,,,
NC_000913.3,RefSeq,gene,1434293,1434406,,-,,114,gene-b4744,"ECOCYC:G0-16738,GeneID:38094956",,ynaM,Gene,,,,,ynaM,protein_coding,ECK4601,b4744,,,,,,,,,,
NC_000913.3,RefSeq,gene,1435185,1435619,,-,,435,gene-b1376,"ECOCYC:G6699,GeneID:945948",,uspF,Gene,,,,,uspF,protein_coding,"ECK1371,UP03,ynaF,yzzL",b1376,,,,,,,,,,
NC_000913.3,RefSeq,gene,1435760,1436893,,-,,1134,gene-b1377,"ECOCYC:G6700,GeneID:946313",,ompN,Gene,,,,,ompN,protein_coding,"ECK1372,ynaG",b1377,,,,,,,,,,
NC_000913.3,RefSeq,gene,1437121,1437231,,+,,111,gene-b4427,"ECOCYC:G0-8901,GeneID:2847713",,micC,Gene,,,,,micC,ncRNA,"ECK1373,IS063,tke8",b4427,,,,,,,,,,
NC_000913.3,RefSeq,gene,1437260,1440784,,-,,3525,gene-b1378,"ECOCYC:G6701,GeneID:946587",,ydbK,Gene,,,,,ydbK,protein_coding,"ECK1374,pfo",b1378,,,,,,,,,,
NC_000913.3,RefSeq,gene,1441058,1441324,,+,,267,gene-b4529,"ECOCYC:G0-10450,GeneID:4056027",,ydbJ,Gene,,,,,ydbJ,protein_coding,ECK1375,b4529,,,,,,,,,,
NC_000913.3,RefSeq,gene,1441321,1441743,,-,,423,gene-b1379,"ECOCYC:G6702,GeneID:946525",,hslJ,Gene,,,,,hslJ,protein_coding,"ECK1376,ydbI",b1379,,,,,,,,,,
NC_000913.3,RefSeq,gene,1441854,1442843,,-,,990,gene-b1380,"ECOCYC:G592,GeneID:946315",,ldhA,Gene,,,,,ldhA,protein_coding,"ECK1377,hslF,hslI,htpH",b1380,,,,,,,,,,
NC_000913.3,RefSeq,gene,1443051,1445690,,+,,2640,gene-b1381,"ECOCYC:G6703,GeneID:945949",,ydbH,Gene,,,,,ydbH,protein_coding,ECK1378,b1381,,,,,,,,,,
NC_000913.3,RefSeq,gene,1445687,1445872,,+,,186,gene-b1382,"ECOCYC:G6704,GeneID:945946",,ynbE,Gene,,,,,ynbE,protein_coding,ECK1379,b1382,,,,,,,,,,
NC_000913.3,RefSeq,gene,1445880,1446206,,+,,327,gene-b1383,"ECOCYC:G6705,GeneID:945943",,ydbL,Gene,,,,,ydbL,protein_coding,ECK1380,b1383,,,,,,,,,,
NC_000913.3,RefSeq,gene,1446378,1447283,,-,,906,gene-b1384,"ECOCYC:G6706,GeneID:945941",,feaR,Gene,,,,,feaR,protein_coding,"ECK1381,maoB,maoX,ydbM",b1384,,,,,,,,,,
NC_000913.3,RefSeq,gene,1447519,1449018,,+,,1500,gene-b1385,"ECOCYC:G7961,GeneID:945933",,feaB,Gene,,,,,feaB,protein_coding,"ECK1382,padA,ydbG",b1385,,,,,,,,,,
NC_000913.3,RefSeq,gene,1449076,1451349,,-,,2274,gene-b1386,"ECOCYC:EG13139,GeneID:945939",,tynA,Gene,,,,,tynA,protein_coding,"ECK1383,feaA,maoA",b1386,,,,,,,,,,
NC_000913.3,RefSeq,gene,1451597,1453642,,-,,2046,gene-b1387,"ECOCYC:G6708,GeneID:945954",,paaZ,Gene,,,,,paaZ,protein_coding,"ECK1384,maoC,ydbN",b1387,,,,,,,,,,
NC_000913.3,RefSeq,gene,1453927,1454856,,+,,930,gene-b1388,"ECOCYC:G6709,GeneID:945833",,paaA,Gene,,,,,paaA,protein_coding,"ECK1385,ydbO",b1388,,,,,,,,,,
NC_000913.3,RefSeq,gene,1454868,1455155,,+,,288,gene-b1389,"ECOCYC:G6710,GeneID:947595",,paaB,Gene,,,,,paaB,protein_coding,"ECK1386,ynbF",b1389,,,,,,,,,,
NC_000913.3,RefSeq,gene,1455164,1455910,,+,,747,gene-b1390,"ECOCYC:G6711,GeneID:945956",,paaC,Gene,,,,,paaC,protein_coding,"ECK1387,ydbP",b1390,,,,,,,,,,
NC_000913.3,RefSeq,gene,1455925,1456422,,+,,498,gene-b1391,"ECOCYC:G6712,GeneID:945959",,paaD,Gene,,,,,paaD,protein_coding,"ECK1388,ydbQ",b1391,,,,,,,,,,
NC_000913.3,RefSeq,gene,1456430,1457500,,+,,1071,gene-b1392,"ECOCYC:G6713,GeneID:945962",,paaE,Gene,,,,,paaE,protein_coding,"ECK1389,ydbR",b1392,,,,,,,,,,
NC_000913.3,RefSeq,gene,1457497,1458264,,+,,768,gene-b1393,"ECOCYC:G6714,GeneID:946011",,paaF,Gene,,,,,paaF,protein_coding,"ECK1390,ydbR,ydbS",b1393,,,,,,,,,,
NC_000913.3,RefSeq,gene,1458264,1459052,,+,,789,gene-b1394,"ECOCYC:G6715,GeneID:946263",,paaG,Gene,,,,,paaG,protein_coding,"ECK1391,ydbT",b1394,,,,,,,,,,
NC_000913.3,RefSeq,gene,1459054,1460481,,+,,1428,gene-b1395,"ECOCYC:G6716,GeneID:945940",,paaH,Gene,,,,,paaH,protein_coding,"ECK1392,hbdH,ydbU",b1395,,,,,,,,,,
NC_000913.3,RefSeq,gene,1460471,1460893,,+,,423,gene-b1396,"ECOCYC:G6717,GeneID:945265",,paaI,Gene,,,,,paaI,protein_coding,"ECK1393,ydbV",b1396,,,,,,,,,,
NC_000913.3,RefSeq,gene,1460893,1462098,,+,,1206,gene-b1397,"ECOCYC:G6718,GeneID:946121",,paaJ,Gene,,,,,paaJ,protein_coding,"ECK1394,ydbW",b1397,,,,,,,,,,
NC_000913.3,RefSeq,gene,1462125,1463438,,+,,1314,gene-b1398,"ECOCYC:G6719,GeneID:945963",,paaK,Gene,,,,,paaK,protein_coding,ECK1395,b1398,,,,,,,,,,
NC_000913.3,RefSeq,gene,1463539,1464489,,+,,951,gene-b1399,"ECOCYC:G6720,GeneID:945966",,paaX,Gene,,,,,paaX,protein_coding,"ECK1396,ydbY",b1399,,,,,,,,,,
NC_000913.3,RefSeq,gene,1464471,1465061,,+,,591,gene-b1400,"ECOCYC:G6721,GeneID:945965",,paaY,Gene,,,,,paaY,protein_coding,"ECK1397,ydbZ",b1400,,,,,,,,,,
NC_000913.3,RefSeq,gene,1465165,1465230,,-,,66,gene-b4674,"ECOCYC:G0-10646,GeneID:7751614",,ynbG,Gene,,,,,ynbG,protein_coding,ECK4489,b4674,,,,,,,,,,
NC_000913.3,RefSeq,gene,1467921,1468826,,-,,906,gene-b1402,"ECOCYC:G6723,GeneID:945952",,insD2,Gene,,,,,insD2,protein_coding,"ECK0358,yi22-2",b1402,,,,,,,,,,
NC_000913.3,RefSeq,gene,1468784,1469149,,-,,366,gene-b1403,"ECOCYC:G6724,GeneID:945967",,insC2,Gene,,,,,insC2,protein_coding,"ECK0357,yi21-2",b1403,,,,,,,,,,
NC_000913.3,RefSeq,gene,1469358,1470509,,+,,1152,gene-b1404,"ECOCYC:G6725,GeneID:945968",,insI2,Gene,,,,,insI2,protein_coding,"ECK0258,tra8-2",b1404,,,,,,,,,,
NC_000913.3,RefSeq,gene,1474221,1475081,,+,,861,gene-b1406,"ECOCYC:EG11309,GeneID:945980",,pdxI,Gene,,,,,pdxI,protein_coding,"ECK1399,ydbC",b1406,,,,,,,,,,
NC_000913.3,RefSeq,gene,1475144,1477450,,+,,2307,gene-b1407,"ECOCYC:EG11310,GeneID:945983",,ydbD,Gene,,,,,ydbD,protein_coding,ECK1400,b1407,,,,,,,,,,
NC_000913.3,RefSeq,gene,1477621,1478226,,+,,606,gene-b1408,"ECOCYC:G6727,GeneID:945973",,ynbA,Gene,,,,,ynbA,protein_coding,ECK1401,b1408,,,,,,,,,,
NC_000913.3,RefSeq,gene,1478226,1479122,,+,,897,gene-b1409,"ECOCYC:G6728,GeneID:945972",,ynbB,Gene,,,,,ynbB,protein_coding,ECK1402,b1409,,,,,,,,,,
NC_000913.3,RefSeq,gene,1479138,1480895,,+,,1758,gene-b1410,"ECOCYC:G6729,GeneID:945970",,ynbC,Gene,,,,,ynbC,protein_coding,ECK1403,b1410,,,,,,,,,,
NC_000913.3,RefSeq,gene,1480909,1482201,,+,,1293,gene-b1411,"ECOCYC:G6730,GeneID:945985",,ynbD,Gene,,,,,ynbD,protein_coding,ECK1404,b1411,,,,,,,,,,
NC_000913.3,RefSeq,gene,1482255,1482860,,-,,606,gene-b1412,"ECOCYC:G6731,GeneID:947569",,azoR,Gene,,,,,azoR,protein_coding,"acpD,ECK1405",b1412,,,,,,,,,,
NC_000913.3,RefSeq,gene,1483061,1486963,,+,,3903,gene-b1413,"ECOCYC:G6732,GeneID:948444",,hrpA,Gene,,,,,hrpA,protein_coding,ECK1406,b1413,,,,,,,,,,
NC_000913.3,RefSeq,gene,1487235,1488035,,+,,801,gene-b1414,"ECOCYC:EG12110,GeneID:946215",,ydcF,Gene,,,,,ydcF,protein_coding,ECK1407,b1414,,,,,,,,,,
NC_000913.3,RefSeq,gene,1488232,1489671,,+,,1440,gene-b1415,"ECOCYC:EG10035,GeneID:945672",,aldA,Gene,,,,,aldA,protein_coding,"ald,ECK1408",b1415,,,,,,,,,,
NC_000913.3,RefSeq,gene,1490902,1491432,,+,,531,gene-b1418,"ECOCYC:EG10172,GeneID:947241",,cybB,Gene,,,,,cybB,protein_coding,ECK1410,b1418,,,,,,,,,,
NC_000913.3,RefSeq,gene,1491442,1491506,,-,,65,gene-b4597,"ECOCYC:G0-10592,GeneID:5061508",,rydC,Gene,,,,,rydC,ncRNA,ECK4407,b4597,,,,,,,,,,
NC_000913.3,RefSeq,gene,1491677,1491850,,+,,174,gene-b1419,"ECOCYC:EG11219,GeneID:945986",,ydcA,Gene,,,,,ydcA,protein_coding,ECK1411,b1419,,,,,,,,,,
NC_000913.3,RefSeq,gene,1491876,1491944,,+,,69,gene-b4774,"ECOCYC:G0-17020,GeneID:63925635",,yncP,Gene,,,,,yncP,protein_coding,ECK4631,b4774,,,,,,,,,,
NC_000913.3,RefSeq,gene,1491922,1492071,,-,,150,gene-b4428,"ECOCYC:G0-9610,GeneID:2847727",,hokB,Gene,,,,,hokB,protein_coding,"ECK1412,ydcB",b4428,,,,,,,,,,
NC_000913.3,RefSeq,gene,1491962,1492129,,-,,168,gene-b1420,"ECOCYC:G6736,GeneID:948820",,mokB,Gene,,,,,mokB,protein_coding,ECK1413,b1420,,,,,,,,,,
NC_000913.3,RefSeq,gene,1492119,1492175,,+,,57,gene-b4429,"ECOCYC:G0-9611,GeneID:2847728",,sokB,Gene,,,,,sokB,ncRNA,ECK1414,b4429,,,,,,,,,,
NC_000913.3,RefSeq,gene,1492470,1494110,,+,,1641,gene-b1421,"ECOCYC:EG11018,GeneID:945995",,trg,Gene,,,,,trg,protein_coding,ECK1415,b1421,,,,,,,,,,
NC_000913.3,RefSeq,gene,1494148,1495071,,-,,924,gene-b1422,"ECOCYC:G6737,GeneID:948865",,ydcI,Gene,,,,,ydcI,protein_coding,ECK1416,b1422,,,,,,,,,,
NC_000913.3,RefSeq,gene,1495288,1496631,,+,,1344,gene-b1423,"ECOCYC:G6738,GeneID:945991",,ydcJ,Gene,,,,,ydcJ,protein_coding,ECK1417,b1423,,,,,,,,,,
NC_000913.3,RefSeq,gene,1496856,1498511,,+,,1656,gene-b1424,"ECOCYC:EG12859,GeneID:945994",,opgD,Gene,,,,,opgD,protein_coding,"ECK1418,mdoD,ydcG,yzzZ",b1424,,,,,,,,,,
NC_000913.3,RefSeq,gene,1498651,1498875,,+,,225,gene-b1426,"ECOCYC:EG12865,GeneID:945997",,ydcH,Gene,,,,,ydcH,protein_coding,ECK1419,b1426,,,,,,,,,,
NC_000913.3,RefSeq,gene,1498938,1499477,,+,,540,gene-b1427,"ECOCYC:EG10853,GeneID:945998",,rimL,Gene,,,,,rimL,protein_coding,ECK1420,b1427,,,,,,,,,,
NC_000913.3,RefSeq,gene,1499469,1500449,,-,,981,gene-b1428,"ECOCYC:G6741,GeneID:944932",,ydcK,Gene,,,,,ydcK,protein_coding,ECK1421,b1428,,,,,,,,,,
NC_000913.3,RefSeq,gene,1500573,1501565,,+,,993,gene-b1429,"ECOCYC:EG11883,GeneID:945852",,tehA,Gene,,,,,tehA,protein_coding,ECK1422,b1429,,,,,,,,,,
NC_000913.3,RefSeq,gene,1501562,1502155,,+,,594,gene-b1430,"ECOCYC:EG11884,GeneID:945979",,tehB,Gene,,,,,tehB,protein_coding,ECK1423,b1430,,,,,,,,,,
NC_000913.3,RefSeq,gene,1502457,1503125,,+,,669,gene-b1431,"ECOCYC:G6742,GeneID:948203",,ydcL,Gene,,,,,ydcL,protein_coding,ECK1424,b1431,,,,,,,,,,
NC_000913.3,RefSeq,gene,1503657,1504865,,+,,1209,gene-b1432,"ECOCYC:G6743,GeneID:944942",,insQ,Gene,,,,,insQ,protein_coding,"ECK1426,tnpB,ydcM",b1432,,,,,,,,,,
NC_000913.3,RefSeq,gene,1504905,1506080,,-,,1176,gene-b1433,"ECOCYC:G6744,GeneID:947247",,ydcO,Gene,,,,,ydcO,protein_coding,ECK1427,b1433,,,,,,,,,,
NC_000913.3,RefSeq,gene,1506172,1506708,,+,,537,gene-b1434,"ECOCYC:G6745,GeneID:946000",,sutR,Gene,,,,,sutR,protein_coding,"ECK1428,ydcN",b1434,,,,,,,,,,
NC_000913.3,RefSeq,gene,1506781,1508742,,+,,1962,gene-b1435,"ECOCYC:G6746,GeneID:945993",,rlhA,Gene,,,,,rlhA,protein_coding,"ECK1429,ydcP",b1435,,,,,,,,,,
NC_000913.3,RefSeq,gene,1508834,1509064,,-,,231,gene-b1436,"ECOCYC:G6747,GeneID:945990",,yncJ,Gene,,,,,yncJ,protein_coding,ECK1430,b1436,,,,,,,,,,
NC_000913.3,RefSeq,gene,1509286,1509462,,+,,177,gene-b4532,"ECOCYC:G0-10451,GeneID:945989",,hicA,Gene,,,,,hicA,protein_coding,"ECK1431,yncN",b4532,,,,,,,,,,
NC_000913.3,RefSeq,gene,1509508,1509924,,+,,417,gene-b1438,"ECOCYC:G6749,GeneID:946001",,hicB,Gene,,,,,hicB,protein_coding,"ECK1432,ydcQ",b1438,,,,,,,,,,
NC_000913.3,RefSeq,gene,1510003,1511409,,+,,1407,gene-b1439,"ECOCYC:G6750,GeneID:946004",,ydcR,Gene,,,,,ydcR,protein_coding,ECK1433,b1439,,,,,,,,,,
NC_000913.3,RefSeq,gene,1511654,1512799,,+,,1146,gene-b1440,"ECOCYC:G6751,GeneID:946005",,ydcS,Gene,,,,,ydcS,protein_coding,ECK1434,b1440,,,,,,,,,,
NC_000913.3,RefSeq,gene,1512817,1513830,,+,,1014,gene-b1441,"ECOCYC:G6752,GeneID:946007",,ydcT,Gene,,,,,ydcT,protein_coding,ECK1435,b1441,,,,,,,,,,
NC_000913.3,RefSeq,gene,1513831,1514772,,+,,942,gene-b1442,"ECOCYC:G6753,GeneID:945976",,ydcU,Gene,,,,,ydcU,protein_coding,ECK1436,b1442,,,,,,,,,,
NC_000913.3,RefSeq,gene,1514762,1515556,,+,,795,gene-b1443,"ECOCYC:G6754,GeneID:945903",,ydcV,Gene,,,,,ydcV,protein_coding,ECK1437,b1443,,,,,,,,,,
NC_000913.3,RefSeq,gene,1515578,1517002,,+,,1425,gene-b1444,"ECOCYC:G6755,GeneID:945876",,patD,Gene,,,,,patD,protein_coding,"ECK1438,prr,ydcW",b1444,,,,,,,,,,
NC_000913.3,RefSeq,gene,1517099,1517194,,-,,96,gene-b4598,"ECOCYC:G0-8887,GeneID:5061503",,yncL,Gene,,,,,yncL,protein_coding,ECK4408,b4598,,,,,,,,,,
NC_000913.3,RefSeq,gene,1517389,1517562,,+,,174,gene-b1445,"ECOCYC:G6756,GeneID:945936",,ortT,Gene,,,,,ortT,protein_coding,"ECK1439,ydcX",b1445,,,,,,,,,,
NC_000913.3,RefSeq,gene,1517648,1517881,,+,,234,gene-b1446,"ECOCYC:G6757,GeneID:945916",,ydcY,Gene,,,,,ydcY,protein_coding,ECK1440,b1446,,,,,,,,,,
NC_000913.3,RefSeq,gene,1517882,1518331,,-,,450,gene-b1447,"ECOCYC:G6758,GeneID:946008",,ydcZ,Gene,,,,,ydcZ,protein_coding,ECK1441,b1447,,,,,,,,,,
NC_000913.3,RefSeq,gene,1518328,1518846,,-,,519,gene-b1448,"ECOCYC:G6759,GeneID:946010",,mnaT,Gene,,,,,mnaT,protein_coding,"ECK1442,yncA",b1448,,,,,,,,,,
NC_000913.3,RefSeq,gene,1519027,1520064,,+,,1038,gene-b1449,"ECOCYC:G6760,GeneID:946012",,curA,Gene,,,,,curA,protein_coding,"ECK1443,yncB",b1449,,,,,,,,,,
NC_000913.3,RefSeq,gene,1520262,1520927,,+,,666,gene-b1450,"ECOCYC:G6761,GeneID:946014",,mcbR,Gene,,,,,mcbR,protein_coding,"ECK1444,yncC",b1450,,,,,,,,,,
NC_000913.3,RefSeq,gene,1520963,1523065,,-,,2103,gene-b1451,"ECOCYC:G6762,GeneID:946015",,pqqU,Gene,,,,,pqqU,protein_coding,"ECK1445,yncD",b1451,,,,,,,,,,
NC_000913.3,RefSeq,gene,1523307,1524368,,+,,1062,gene-b1452,"ECOCYC:G6763,GeneID:946006",,yncE,Gene,,,,,yncE,protein_coding,ECK1446,b1452,,,,,,,,,,
NC_000913.3,RefSeq,gene,1524481,1525980,,-,,1500,gene-b1453,"ECOCYC:G6764,GeneID:946019",,ansP,Gene,,,,,ansP,protein_coding,"ECK1447,yncF",b1453,,,,,,,,,,
NC_000913.3,RefSeq,gene,1526247,1526864,,+,,618,gene-b1454,"ECOCYC:G6765,GeneID:946023",,yncG,Gene,,,,,yncG,protein_coding,ECK1448,b1454,,,,,,,,,,
NC_000913.3,RefSeq,gene,1526940,1527152,,+,,213,gene-b1455,"ECOCYC:G6766,GeneID:946024",,yncH,Gene,,,,,yncH,protein_coding,ECK1449,b1455,,,,,,,,,,
NC_000913.3,RefSeq,gene,1529922,1530404,,+,,483,gene-b1457,"ECOCYC:EG11760,GeneID:946958",,ydcD,Gene,,,,,ydcD,protein_coding,ECK1451,b1457,,,,,,,,,,
NC_000913.3,RefSeq,gene,1530319,1530504,,-,,186,gene-b4745,"ECOCYC:G0-16739,GeneID:38094957",,yncO,Gene,,,,,yncO,protein_coding,ECK4602,b4745,,,,,,,,,,
NC_000913.3,RefSeq,gene,1531816,1532952,,+,,1137,gene-b1460,"ECOCYC:EG11526,GeneID:947435",,ydcC,Gene,,,,,ydcC,protein_coding,ECK1454,b1460,,,,,,,,,,
NC_000913.3,RefSeq,gene,1533052,1533285,,+,,234,gene-b1461,"ECOCYC:EG11761,GeneID:945731",,pptA,Gene,,,,,pptA,protein_coding,"ECK1455,ydcE",b1461,,,,,,,,,,
NC_000913.3,RefSeq,gene,1533282,1533851,,-,,570,gene-b1462,"ECOCYC:G6769,GeneID:946192",,yddH,Gene,,,,,yddH,protein_coding,ECK1456,b1462,,,,,,,,,,
NC_000913.3,RefSeq,gene,1534024,1534869,,+,,846,gene-b1463,"ECOCYC:G6770,GeneID:947251",,nhoA,Gene,,,,,nhoA,protein_coding,"ECK1457,yddI",b1463,,,,,,,,,,
NC_000913.3,RefSeq,gene,1534965,1535858,,-,,894,gene-b1464,"ECOCYC:EG11825,GeneID:944782",,yddE,Gene,,,,,yddE,protein_coding,ECK1458,b1464,,,,,,,,,,
NC_000913.3,RefSeq,gene,1535937,1536617,,-,,681,gene-b1465,"ECOCYC:EG10644,GeneID:946029",,narV,Gene,,,,,narV,protein_coding,"chlZ,ECK1459",b1465,,,,,,,,,,
NC_000913.3,RefSeq,gene,1536614,1537309,,-,,696,gene-b1466,"ECOCYC:EG10645,GeneID:946032",,narW,Gene,,,,,narW,protein_coding,"chlZ,ECK1460",b1466,,,,,,,,,,
NC_000913.3,RefSeq,gene,1537309,1538853,,-,,1545,gene-b1467,"ECOCYC:EG10647,GeneID:946034",,narY,Gene,,,,,narY,protein_coding,"chlZ,ECK1461",b1467,,,,,,,,,,
NC_000913.3,RefSeq,gene,1538850,1542590,,-,,3741,gene-b1468,"ECOCYC:EG10648,GeneID:945999",,narZ,Gene,,,,,narZ,protein_coding,"chlZ,ECK1462",b1468,,,,,,,,,,
NC_000913.3,RefSeq,gene,1542672,1544060,,-,,1389,gene-b1469,"ECOCYC:EG12153,GeneID:945799",,narU,Gene,,,,,narU,protein_coding,"ECK1463,yddF",b1469,,,,,,,,,,
NC_000913.3,RefSeq,gene,1544758,1545714,,-,,957,gene-b1471,"ECOCYC:G6772,GeneID:947312",,yddK,Gene,,,,,yddK,protein_coding,ECK1465,b1471,,,,,,,,,,
NC_000913.3,RefSeq,gene,1545738,1546028,,-,,291,gene-b1472,"ECOCYC:G6773,GeneID:945737",,yddL,Gene,,,,,yddL,protein_coding,ECK1466,b1472,,,,,,,,,,
NC_000913.3,RefSeq,gene,1546288,1547169,,-,,882,gene-b1473,"ECOCYC:EG12713,GeneID:945942",,yddG,Gene,,,,,yddG,protein_coding,ECK1467,b1473,,,,,,,,,,
NC_000913.3,RefSeq,gene,1547401,1550448,,+,,3048,gene-b1474,"ECOCYC:EG11227,GeneID:946035",,fdnG,Gene,,,,,fdnG,protein_coding,ECK1468,b1474,,,,,,,,,,
NC_000913.3,RefSeq,gene,1550461,1551345,,+,,885,gene-b1475,"ECOCYC:EG11228,GeneID:948794",,fdnH,Gene,,,,,fdnH,protein_coding,ECK1469,b1475,,,,,,,,,,
NC_000913.3,RefSeq,gene,1551338,1551991,,+,,654,gene-b1476,"ECOCYC:EG11229,GeneID:946038",,fdnI,Gene,,,,,fdnI,protein_coding,ECK1470,b1476,,,,,,,,,,
NC_000913.3,RefSeq,gene,1552398,1552682,,-,,285,gene-b1477,"ECOCYC:G6774,GeneID:946040",,yddM,Gene,,,,,yddM,protein_coding,ECK1471,b1477,,,,,,,,,,
NC_000913.3,RefSeq,gene,1552828,1553838,,-,,1011,gene-b1478,"ECOCYC:G6775,GeneID:946036",,adhP,Gene,,,,,adhP,protein_coding,"ECK1472,yddN",b1478,,,,,,,,,,
NC_000913.3,RefSeq,gene,1553972,1555669,,-,,1698,gene-b1479,"ECOCYC:EG10948,GeneID:946031",,maeA,Gene,,,,,maeA,protein_coding,"ECK1473,sfcA",b1479,,,,,,,,,,
NC_000913.3,RefSeq,gene,1555826,1555963,,-,,138,gene-b1480,"ECOCYC:EG11508,GeneID:946030",,sra,Gene,,,,,sra,protein_coding,"ECK1474,rpsV",b1480,,,,,,,,,,
NC_000913.3,RefSeq,gene,1556065,1556280,,-,,216,gene-b1481,"ECOCYC:G6776,GeneID:946041",,bdm,Gene,,,,,bdm,protein_coding,"ECK1475,yddX",b1481,,,,,,,,,,
NC_000913.3,RefSeq,gene,1556625,1557056,,+,,432,gene-b1482,"ECOCYC:EG10680,GeneID:946043",,osmC,Gene,,,,,osmC,protein_coding,ECK1476,b1482,,,,,,,,,,
NC_000913.3,RefSeq,gene,1557112,1558038,,-,,927,gene-b1483,"ECOCYC:G6777,GeneID:946020",,ddpF,Gene,,,,,ddpF,protein_coding,"ECK1477,yddO",b1483,,,,,,,,,,
NC_000913.3,RefSeq,gene,1558031,1559017,,-,,987,gene-b1484,"ECOCYC:G6778,GeneID:946002",,ddpD,Gene,,,,,ddpD,protein_coding,"ECK1478,yddP",b1484,,,,,,,,,,
NC_000913.3,RefSeq,gene,1559014,1559910,,-,,897,gene-b1485,"ECOCYC:G6779,GeneID:946028",,ddpC,Gene,,,,,ddpC,protein_coding,"ECK1479,yddQ",b1485,,,,,,,,,,
NC_000913.3,RefSeq,gene,1559907,1560929,,-,,1023,gene-b1486,"ECOCYC:G6780,GeneID:946044",,ddpB,Gene,,,,,ddpB,protein_coding,"ECK1480,yddR",b1486,,,,,,,,,,
NC_000913.3,RefSeq,gene,1560931,1562481,,-,,1551,gene-b1487,"ECOCYC:G6781,GeneID:946052",,ddpA,Gene,,,,,ddpA,protein_coding,"ECK1481,yddS",b1487,,,,,,,,,,
NC_000913.3,RefSeq,gene,1562495,1563076,,-,,582,gene-b1488,"ECOCYC:G6782,GeneID:945532",,ddpX,Gene,,,,,ddpX,protein_coding,"ECK1482,vanX,yddT",b1488,,,,,,,,,,
NC_000913.3,RefSeq,gene,1563334,1565733,,-,,2400,gene-b1489,"ECOCYC:G6783,GeneID:945815",,dosP,Gene,,,,,dosP,protein_coding,"dos,ECK1483,pdeO,yddU",b1489,,,,,,,,,,
NC_000913.3,RefSeq,gene,1565758,1567140,,-,,1383,gene-b1490,"ECOCYC:G6784,GeneID:945835",,dosC,Gene,,,,,dosC,protein_coding,"dgcO,ECK1484,yddV",b1490,,,,,,,,,,
NC_000913.3,RefSeq,gene,1567178,1567219,,-,,42,gene-b4746,"ECOCYC:G0-16740,GeneID:38094958",,yddY,Gene,,,,,yddY,protein_coding,ECK4603,b4746,,,,,,,,,,
NC_000913.3,RefSeq,gene,1567504,1568823,,-,,1320,gene-b1491,"ECOCYC:G6785,GeneID:945975",,digH,Gene,,,,,digH,protein_coding,"ECK1485,yddW",b1491,,,,,,,,,,
NC_000913.3,RefSeq,gene,1568954,1570489,,-,,1536,gene-b1492,"ECOCYC:G6786,GeneID:946057",,gadC,Gene,,,,,gadC,protein_coding,"acsA,ECK1486,xasA",b1492,,,,,,,,,,
NC_000913.3,RefSeq,gene,1570645,1572045,,-,,1401,gene-b1493,"ECOCYC:EG11490,GeneID:946058",,gadB,Gene,,,,,gadB,protein_coding,ECK1487,b1493,,,,,,,,,,
NC_000913.3,RefSeq,gene,1572407,1575202,,-,,2796,gene-b1494,"ECOCYC:EG11744,GeneID:946059",,pqqL,Gene,,,,,pqqL,protein_coding,"ECK1488,pqqE,pqqM,yddC",b1494,,,,,,,,,,
NC_000913.3,RefSeq,gene,1575247,1577619,,-,,2373,gene-b1495,"ECOCYC:EG11743,GeneID:945961",,yddB,Gene,,,,,yddB,protein_coding,ECK1489,b1495,,,,,,,,,,
NC_000913.3,RefSeq,gene,1577657,1579342,,-,,1686,gene-b1496,"ECOCYC:EG11742,GeneID:945945",,yddA,Gene,,,,,yddA,protein_coding,ECK1490,b1496,,,,,,,,,,
NC_000913.3,RefSeq,gene,1579545,1579667,,+,,123,gene-b4747,"ECOCYC:G0-16741,GeneID:38094959",,yneP,Gene,,,,,yneP,protein_coding,ECK4604,b4747,,,,,,,,,,
NC_000913.3,RefSeq,gene,1579633,1580790,,-,,1158,gene-b1497,"ECOCYC:G6787,GeneID:945981",,ydeM,Gene,,,,,ydeM,protein_coding,ECK1491,b1497,,,,,,,,,,
NC_000913.3,RefSeq,gene,1580842,1582524,,-,,1683,gene-b1498,"ECOCYC:G6788,GeneID:945957",,ydeN,Gene,,,,,ydeN,protein_coding,ECK1492,b1498,,,,,,,,,,
NC_000913.3,RefSeq,gene,1582926,1583687,,-,,762,gene-b1499,"ECOCYC:G6789,GeneID:945922",,ydeO,Gene,,,,,ydeO,protein_coding,ECK1493,b1499,,,,,,,,,,
NC_000913.3,RefSeq,gene,1583762,1583959,,-,,198,gene-b1500,"ECOCYC:G6790,GeneID:946061",,safA,Gene,,,,,safA,protein_coding,"ECK4475,yneN",b1500,,,,,,,,,,
NC_000913.3,RefSeq,gene,1584207,1586486,,-,,2280,gene-b1501,"ECOCYC:G6791,GeneID:946055",,ydeP,Gene,,,,,ydeP,protein_coding,ECK1494,b1501,,,,,,,,,,
NC_000913.3,RefSeq,gene,1586820,1587734,,-,,915,gene-b1502,"ECOCYC:G6792,GeneID:946050",,ydeQ,Gene,,,,,ydeQ,protein_coding,ECK1495,b1502,,,,,,,,,,
NC_000913.3,RefSeq,gene,1587793,1588296,,-,,504,gene-b1503,"ECOCYC:G6793,GeneID:946049",,ydeR,Gene,,,,,ydeR,protein_coding,ECK1496,b1503,,,,,,,,,,
NC_000913.3,RefSeq,gene,1588309,1588839,,-,,531,gene-b1504,"ECOCYC:G6794,GeneID:946047",,ydeS,Gene,,,,,ydeS,protein_coding,ECK1497,b1504,,,,,,,,,,
NC_000913.3,RefSeq,gene,1588853,1590001,,-,,1149,gene-b1505,"ECOCYC:G6795,GeneID:946042",,ydeT,Gene,,,,,ydeT,protein_coding,"ECK1498,fmlC",b1505,,,,,,,,,,
NC_000913.3,RefSeq,gene,1590854,1592176,,-,,1323,gene-b1507,"ECOCYC:EG10443,GeneID:946064",,hipA,Gene,,,,,hipA,protein_coding,ECK1500,b1507,,,,,,,,,,
NC_000913.3,RefSeq,gene,1592176,1592442,,-,,267,gene-b1508,"ECOCYC:EG10442,GeneID:946065",,hipB,Gene,,,,,hipB,protein_coding,ECK1501,b1508,,,,,,,,,,
NC_000913.3,RefSeq,gene,1598617,1600209,,-,,1593,gene-b1511,"ECOCYC:G6798,GeneID:946069",,lsrK,Gene,,,,,lsrK,protein_coding,"ECK1504,ydeV",b1511,,,,,,,,,,
NC_000913.3,RefSeq,gene,1600288,1601241,,-,,954,gene-b1512,"ECOCYC:G6799,GeneID:946070",,lsrR,Gene,,,,,lsrR,protein_coding,"ECK1505,ydeW",b1512,,,,,,,,,,
NC_000913.3,RefSeq,gene,1601490,1603025,,+,,1536,gene-b1513,"ECOCYC:G6800,GeneID:945680",,lsrA,Gene,,,,,lsrA,protein_coding,"ECK1506,ego,ydeX",b1513,,,,,,,,,,
NC_000913.3,RefSeq,gene,1603019,1604047,,+,,1029,gene-b1514,"ECOCYC:G6801,GeneID:946105",,lsrC,Gene,,,,,lsrC,protein_coding,"ECK1507,ydeY",b1514,,,,,,,,,,
NC_000913.3,RefSeq,gene,1604047,1605039,,+,,993,gene-b1515,"ECOCYC:G6802,GeneID:946264",,lsrD,Gene,,,,,lsrD,protein_coding,"ECK1508,ydeZ",b1515,,,,,,,,,,
NC_000913.3,RefSeq,gene,1605051,1606073,,+,,1023,gene-b1516,"ECOCYC:G6803,GeneID:945418",,lsrB,Gene,,,,,lsrB,protein_coding,"ECK1509,yneA",b1516,,,,,,,,,,
NC_000913.3,RefSeq,gene,1606100,1606975,,+,,876,gene-b1517,"ECOCYC:G6804,GeneID:946071",,lsrF,Gene,,,,,lsrF,protein_coding,"ECK1510,yneB",b1517,,,,,,,,,,
NC_000913.3,RefSeq,gene,1606999,1607289,,+,,291,gene-b1518,"ECOCYC:G6805,GeneID:946073",,lsrG,Gene,,,,,lsrG,protein_coding,"ECK1511,yneC",b1518,,,,,,,,,,
NC_000913.3,RefSeq,gene,1607346,1608104,,+,,759,gene-b1519,"ECOCYC:G6806,GeneID:946074",,tam,Gene,,,,,tam,protein_coding,"ECK1512,lsrE,yneD",b1519,,,,,,,,,,
NC_000913.3,RefSeq,gene,1608108,1609022,,-,,915,gene-b1520,"ECOCYC:G6807,GeneID:946188",,yneE,Gene,,,,,yneE,protein_coding,ECK1513,b1520,,,,,,,,,,
NC_000913.3,RefSeq,gene,1609229,1610680,,-,,1452,gene-b1521,"ECOCYC:EG11065,GeneID:945542",,uxaB,Gene,,,,,uxaB,protein_coding,ECK1514,b1521,,,,,,,,,,
NC_000913.3,RefSeq,gene,1610907,1611854,,-,,948,gene-b1522,"ECOCYC:G6808,GeneID:947422",,dgcF,Gene,,,,,dgcF,protein_coding,"ECK1515,yneF",b1522,,,,,,,,,,
NC_000913.3,RefSeq,gene,1611966,1612325,,-,,360,gene-b1523,"ECOCYC:G6809,GeneID:946171",,yneG,Gene,,,,,yneG,protein_coding,ECK1516,b1523,,,,,,,,,,
NC_000913.3,RefSeq,gene,1612325,1613251,,-,,927,gene-b1524,"ECOCYC:G6810,GeneID:944973",,glsB,Gene,,,,,glsB,protein_coding,"ECK1517,yneH",b1524,,,,,,,,,,
NC_000913.3,RefSeq,gene,1613315,1614703,,-,,1389,gene-b1525,"ECOCYC:G6811,GeneID:947440",,sad,Gene,,,,,sad,protein_coding,"ECK1518,yneI",b1525,,,,,,,,,,
NC_000913.3,RefSeq,gene,1614804,1615685,,+,,882,gene-b1526,"ECOCYC:G6812,GeneID:946079",,ptrR,Gene,,,,,ptrR,protein_coding,"ECK1519,yneJ",b1526,,,,,,,,,,
NC_000913.3,RefSeq,gene,1615763,1616878,,+,,1116,gene-b1527,"ECOCYC:G6813,GeneID:946080",,yneK,Gene,,,,,yneK,protein_coding,ECK1520,b1527,,,,,,,,,,
NC_000913.3,RefSeq,gene,1617028,1618218,,+,,1191,gene-b1528,"ECOCYC:EG11636,GeneID:947218",,ydeA,Gene,,,,,ydeA,protein_coding,ECK1521,b1528,,,,,,,,,,
NC_000913.3,RefSeq,gene,1618243,1618908,,-,,666,gene-b1529,"ECOCYC:EG11637,GeneID:947132",,marC,Gene,,,,,marC,protein_coding,"ECK1522,ydeB,ydeC",b1529,,,,,,,,,,
NC_000913.3,RefSeq,gene,1619120,1619554,,+,,435,gene-b1530,"ECOCYC:EG11435,GeneID:945825",,marR,Gene,,,,,marR,protein_coding,"cfxB,ECK1523,inaR,soxQ",b1530,,,,,,,,,,
NC_000913.3,RefSeq,gene,1619574,1619957,,+,,384,gene-b1531,"ECOCYC:EG11434,GeneID:947613",,marA,Gene,,,,,marA,protein_coding,"cfxB,ECK1524,inaR,nfxC,norB,soxQ",b1531,,,,,,,,,,
NC_000913.3,RefSeq,gene,1619989,1620207,,+,,219,gene-b1532,"ECOCYC:EG11599,GeneID:946184",,marB,Gene,,,,,marB,protein_coding,ECK1525,b1532,,,,,,,,,,
NC_000913.3,RefSeq,gene,1620238,1621137,,-,,900,gene-b1533,"ECOCYC:EG11639,GeneID:946081",,eamA,Gene,,,,,eamA,protein_coding,"ECK1526,ydeD",b1533,,,,,,,,,,
NC_000913.3,RefSeq,gene,1621332,1622519,,+,,1188,gene-b1534,"ECOCYC:EG11640,GeneID:946083",,ydeE,Gene,,,,,ydeE,protein_coding,"ECK1527,ydeF",b1534,,,,,,,,,,
NC_000913.3,RefSeq,gene,1622646,1622741,,+,,96,gene-b4599,"ECOCYC:G0-8892,GeneID:5061497",,mgtS,Gene,,,,,mgtS,protein_coding,"ECK4409,yneM",b4599,,,,,,,,,,
NC_000913.3,RefSeq,gene,1622741,1622845,,+,,105,gene-b4775,"ECOCYC:G0-17021,GeneID:63925636",,mgtT,Gene,,,,,mgtT,protein_coding,ECK4632,b4775,,,,,,,,,,
NC_000913.3,RefSeq,gene,1622817,1622914,,-,,98,gene-b4698,"ECOCYC:G0-10671,GeneID:8764967",,mgrR,Gene,,,,,mgrR,ncRNA,ECK4510,b4698,,,,,,,,,,
NC_000913.3,RefSeq,gene,1622960,1623850,,-,,891,gene-b1535,"ECOCYC:EG11643,GeneID:946075",,dgcZ,Gene,,,,,dgcZ,protein_coding,"ECK1528,ydeG,ydeH",b1535,,,,,,,,,,
NC_000913.3,RefSeq,gene,1624105,1624497,,-,,393,gene-b1536,"ECOCYC:EG11644,GeneID:946068",,ydeI,Gene,,,,,ydeI,protein_coding,ECK1529,b1536,,,,,,,,,,
NC_000913.3,RefSeq,gene,1624773,1625291,,+,,519,gene-b1537,"ECOCYC:EG11645,GeneID:946067",,ydeJ,Gene,,,,,ydeJ,protein_coding,ECK1530,b1537,,,,,,,,,,
NC_000913.3,RefSeq,gene,1625335,1627380,,-,,2046,gene-b1538,"ECOCYC:EG10212,GeneID:946084",,dcp,Gene,,,,,dcp,protein_coding,ECK1531,b1538,,,,,,,,,,
NC_000913.3,RefSeq,gene,1627517,1628263,,+,,747,gene-b1539,"ECOCYC:EG12345,GeneID:946085",,ydfG,Gene,,,,,ydfG,protein_coding,ECK1532,b1539,,,,,,,,,,
NC_000913.3,RefSeq,gene,1628352,1629038,,+,,687,gene-b1540,"ECOCYC:G6814,GeneID:946087",,rspR,Gene,,,,,rspR,protein_coding,"ECK1533,ydfH",b1540,,,,,,,,,,
NC_000913.3,RefSeq,gene,1629215,1629418,,+,,204,gene-b1541,"ECOCYC:G6815,GeneID:948796",,ydfZ,Gene,,,,,ydfZ,protein_coding,ECK1534,b1541,,,,,,,,,,
NC_000913.3,RefSeq,gene,1629453,1630913,,-,,1461,gene-b1542,"ECOCYC:G6816,GeneID:945861",,ydfI,Gene,,,,,ydfI,protein_coding,ECK1535,b1542,,,,,,,,,,
NC_000913.3,RefSeq,gene,1631002,1632285,,-,,1284,gene-b1543,"ECOCYC:G6817,GeneID:38094960",,ydfJ,Gene,,,,,ydfJ,protein_coding,"ECK1536,ydfJ_2",b1543,,,,,,,,,,
NC_000913.3,RefSeq,gene,1632890,1633003,,+,,114,gene-b4748,"ECOCYC:G0-16742,GeneID:38094961",,ynfT,Gene,,,,,ynfT,protein_coding,ECK4605,b4748,,,,,,,,,,
NC_000913.3,RefSeq,gene,1633072,1633305,,+,,234,gene-b1544,"ECOCYC:G6818,GeneID:947451",,ydfK,Gene,,,,,ydfK,protein_coding,ECK1537,b1544,,,,,,,,,,
NC_000913.3,RefSeq,gene,1633622,1634212,,+,,591,gene-b1545,"ECOCYC:G6819,GeneID:946088",,pinQ,Gene,,,,,pinQ,protein_coding,"ECK1538,ydfL",b1545,,,,,,,,,,
NC_000913.3,RefSeq,gene,1634310,1634885,,-,,576,gene-b1546,"ECOCYC:G6820,GeneID:946060",,tfaQ,Gene,,,,,tfaQ,protein_coding,"ECK1539,ydfM",b1546,,,,,,,,,,
NC_000913.3,RefSeq,gene,1634885,1635847,,-,,963,gene-b1547,"ECOCYC:G6821,GeneID:946098",,stfQ,Gene,,,,,stfQ,protein_coding,"ECK1540,ydfN",b1547,,,,,,,,,,
NC_000913.3,RefSeq,gene,1635798,1636367,,-,,570,gene-b1548,"ECOCYC:EG11634,GeneID:946021",,nohA,Gene,,,,,nohA,protein_coding,"ECK1541,nohQ",b1548,,,,,,,,,,
NC_000913.3,RefSeq,gene,1636756,1636989,,+,,234,gene-b4533,"ECOCYC:G0-10452,GeneID:1450267",,ynfO,Gene,,,,,ynfO,protein_coding,ECK1542,b4533,,,,,,,,,,
NC_000913.3,RefSeq,gene,1637047,1637457,,+,,411,gene-b1549,"ECOCYC:G6822,GeneID:945992",,ydfO,Gene,,,,,ydfO,protein_coding,ECK1543,b1549,,,,,,,,,,
NC_000913.3,RefSeq,gene,1637609,1637782,,-,,174,gene-b1550,"ECOCYC:G6823,GeneID:946054",,gnsB,Gene,,,,,gnsB,protein_coding,"ECK1544,ydfY",b1550,,,,,,,,,,
NC_000913.3,RefSeq,gene,1637954,1638109,,-,,156,gene-b1551,"ECOCYC:G6824,GeneID:946097",,ynfN,Gene,,,,,ynfN,protein_coding,ECK1545,b1551,,,,,,,,,,
NC_000913.3,RefSeq,gene,1638188,1638253,,-,,66,gene-b4749,"ECOCYC:G0-16743,GeneID:38094962",,ynfR,Gene,,,,,ynfR,protein_coding,ECK4606,b4749,,,,,,,,,,
NC_000913.3,RefSeq,gene,1638256,1638444,,-,,189,gene-b4724,"ECOCYC:G0-16689,GeneID:38094963",,ynfQ,Gene,,,,,ynfQ,protein_coding,ECK4581,b4724,,,,,,,,,,
NC_000913.3,RefSeq,gene,1638455,1638667,,-,,213,gene-b1552,"ECOCYC:G6825,GeneID:946099",,cspI,Gene,,,,,cspI,protein_coding,"cspJ,ECK1546",b1552,,,,,,,,,,
NC_000913.3,RefSeq,gene,1639030,1639527,,-,,498,gene-b1553,"ECOCYC:G6826,GeneID:946101",,rzpQ,Gene,,,,,rzpQ,protein_coding,"ECK1547,ydfP",b1553,,,,,,,,,,
NC_000913.3,RefSeq,gene,1639080,1639334,,-,,255,gene-b4689,"ECOCYC:G0-16675,GeneID:7751615",,rzoQ,Gene,,,,,rzoQ,protein_coding,ECK4503,b4689,,,,,,,,,,
NC_000913.3,RefSeq,gene,1639524,1640057,,-,,534,gene-b1554,"ECOCYC:G6827,GeneID:946100",,rrrQ,Gene,,,,,rrrQ,protein_coding,"ECK1548,ydfQ",b1554,,,,,,,,,,
NC_000913.3,RefSeq,gene,1640054,1640365,,-,,312,gene-b1555,"ECOCYC:G6828,GeneID:946095",,ydfR,Gene,,,,,ydfR,protein_coding,ECK1549,b1555,,,,,,,,,,
NC_000913.3,RefSeq,gene,1640370,1640585,,-,,216,gene-b1556,"ECOCYC:G6829,GeneID:946093",,essQ,Gene,,,,,essQ,protein_coding,"ECK1550,ydfS",b1556,,,,,,,,,,
NC_000913.3,RefSeq,gene,1640805,1640975,,+,,171,gene-b4776,"ECOCYC:G0-17022,GeneID:63925637",,ynfU,Gene,,,,,ynfU,protein_coding,ECK4633,b4776,,,,,,,,,,
NC_000913.3,RefSeq,gene,1641339,1641554,,-,,216,gene-b1557,"ECOCYC:EG12203,GeneID:946091",,cspB,Gene,,,,,cspB,protein_coding,ECK1551,b1557,,,,,,,,,,
NC_000913.3,RefSeq,gene,1641855,1642067,,+,,213,gene-b1558,"ECOCYC:EG12205,GeneID:946090",,cspF,Gene,,,,,cspF,protein_coding,ECK1552,b1558,,,,,,,,,,
NC_000913.3,RefSeq,gene,1642122,1642211,,+,,90,gene-b4750,"ECOCYC:G0-16744,GeneID:38094964",,ynfS,Gene,,,,,ynfS,protein_coding,ECK4607,b4750,,,,,,,,,,
NC_000913.3,RefSeq,gene,1642489,1643241,,-,,753,gene-b1559,"ECOCYC:G6830,GeneID:946103",,ydfT,Gene,,,,,ydfT,protein_coding,"ECK1553,quuQ",b1559,,,,,,,,,,
NC_000913.3,RefSeq,gene,1643255,1644304,,-,,1050,gene-b1560,"ECOCYC:G6831,GeneID:946108",,ydfU,Gene,,,,,ydfU,protein_coding,ECK1554,b1560,,,,,,,,,,
NC_000913.3,RefSeq,gene,1644651,1644902,,-,,252,gene-b1561,"ECOCYC:EG11129,GeneID:946109",,rem,Gene,,,,,rem,protein_coding,ECK1555,b1561,,,,,,,,,,
NC_000913.3,RefSeq,gene,1645119,1645274,,-,,156,gene-b1562,"ECOCYC:EG11130,GeneID:948616",,hokD,Gene,,,,,hokD,protein_coding,"ECK1556,relF",b1562,,,,,,,,,,
NC_000913.3,RefSeq,gene,1645346,1645633,,-,,288,gene-b1563,"ECOCYC:EG11131,GeneID:947549",,relE,Gene,,,,,relE,protein_coding,ECK1557,b1563,,,,,,,,,,
NC_000913.3,RefSeq,gene,1645633,1645872,,-,,240,gene-b1564,"ECOCYC:EG10836,GeneID:948308",,relB,Gene,,,,,relB,protein_coding,"ECK1558,RC",b1564,,,,,,,,,,
NC_000913.3,RefSeq,gene,1645897,1646202,,+,,306,gene-b1565,"ECOCYC:G6832,GeneID:948801",,ydfV,Gene,,,,,ydfV,protein_coding,ECK1559,b1565,,,,,,,,,,
NC_000913.3,RefSeq,gene,1646405,1646737,,+,,333,gene-b1566,"ECOCYC:G6833,GeneID:947392",,flxA,Gene,,,,,flxA,protein_coding,ECK1560,b1566,,,,,,,,,,
NC_000913.3,RefSeq,gene,1647174,1647323,,-,,150,gene-b1567,"ECOCYC:G6834,GeneID:946111",,ydfW,Gene,,,,,ydfW,protein_coding,"ECK1561,intK",b1567,,,,,,,,,,
NC_000913.3,RefSeq,gene,1647346,1647636,,-,,291,gene-b1568,"ECOCYC:G6835,GeneID:946112",,ydfX,Gene,,,,,ydfX,protein_coding,ECK1562,b1568,,,,,,,,,,
NC_000913.3,RefSeq,gene,1647620,1647850,,-,,231,gene-b1569,"ECOCYC:EG10228,GeneID:946120",,dicC,Gene,,,,,dicC,protein_coding,"ECK1563,ftsT",b1569,,,,,,,,,,
NC_000913.3,RefSeq,gene,1647934,1648341,,+,,408,gene-b1570,"ECOCYC:EG10226,GeneID:946241",,dicA,Gene,,,,,dicA,protein_coding,"ECK1564,ftsT",b1570,,,,,,,,,,
NC_000913.3,RefSeq,gene,1648508,1648663,,+,,156,gene-b1571,"ECOCYC:EG11300,GeneID:946082",,ydfA,Gene,,,,,ydfA,protein_coding,ECK1565,b1571,,,,,,,,,,
NC_000913.3,RefSeq,gene,1648665,1648793,,+,,129,gene-b1572,"ECOCYC:EG11301,GeneID:946176",,ydfB,Gene,,,,,ydfB,protein_coding,ECK1566,b1572,,,,,,,,,,
NC_000913.3,RefSeq,gene,1648823,1649041,,+,,219,gene-b1573,"ECOCYC:EG11302,GeneID:946107",,ydfC,Gene,,,,,ydfC,protein_coding,ECK1567,b1573,,,,,,,,,,
NC_000913.3,RefSeq,gene,1649382,1649434,,+,,53,gene-b1574,"ECOCYC:EG31115,GeneID:946140",,dicF,Gene,,,,,dicF,ncRNA,ECK1568,b1574,,,,,,,,,,
NC_000913.3,RefSeq,gene,1649609,1649797,,+,,189,gene-b1575,"ECOCYC:EG10227,GeneID:946110",,dicB,Gene,,,,,dicB,protein_coding,"ECK1569,ftsT",b1575,,,,,,,,,,
NC_000913.3,RefSeq,gene,1649794,1649985,,+,,192,gene-b1576,"ECOCYC:EG11303,GeneID:946102",,ydfD,Gene,,,,,ydfD,protein_coding,ECK1570,b1576,,,,,,,,,,
NC_000913.3,RefSeq,gene,1652728,1652838,,-,,111,gene-b4534,"ECOCYC:G0-10559,GeneID:4056029",,ynfP,Gene,,,,,ynfP,protein_coding,"ECK1574,ydfJ_1",b4534,,,,,,,,,,
NC_000913.3,RefSeq,gene,1652896,1653915,,-,,1020,gene-b1580,"ECOCYC:G6838,GeneID:946127",,rspB,Gene,,,,,rspB,protein_coding,ECK1575,b1580,,,,,,,,,,
NC_000913.3,RefSeq,gene,1653927,1655141,,-,,1215,gene-b1581,"ECOCYC:G6839,GeneID:946126",,rspA,Gene,,,,,rspA,protein_coding,ECK1576,b1581,,,,,,,,,,
NC_000913.3,RefSeq,gene,1655347,1655673,,-,,327,gene-b1582,"ECOCYC:G6840,GeneID:946125",,ynfA,Gene,,,,,ynfA,protein_coding,ECK1577,b1582,,,,,,,,,,
NC_000913.3,RefSeq,gene,1655808,1656149,,+,,342,gene-b1583,"ECOCYC:G6841,GeneID:946119",,ynfB,Gene,,,,,ynfB,protein_coding,ECK1578,b1583,,,,,,,,,,
NC_000913.3,RefSeq,gene,1656184,1656744,,+,,561,gene-b1584,"ECOCYC:G6842,GeneID:946117",,speG,Gene,,,,,speG,protein_coding,ECK1579,b1584,,,,,,,,,,
NC_000913.3,RefSeq,gene,1656747,1657457,,-,,711,gene-b1585,"ECOCYC:G6843,GeneID:946131",,ynfC,Gene,,,,,ynfC,protein_coding,ECK1580,b1585,,,,,,,,,,
NC_000913.3,RefSeq,gene,1657565,1657870,,+,,306,gene-b1586,"ECOCYC:G6844,GeneID:946133",,ynfD,Gene,,,,,ynfD,protein_coding,ECK1581,b1586,,,,,,,,,,
NC_000913.3,RefSeq,gene,1658069,1660495,,+,,2427,gene-b1587,"ECOCYC:G6845,GeneID:946135",,ynfE,Gene,,,,,ynfE,protein_coding,ECK1582,b1587,,,,,,,,,,
NC_000913.3,RefSeq,gene,1660556,1662979,,+,,2424,gene-b1588,"ECOCYC:G6846,GeneID:945268",,ynfF,Gene,,,,,ynfF,protein_coding,ECK1583,b1588,,,,,,,,,,
NC_000913.3,RefSeq,gene,1662990,1663607,,+,,618,gene-b1589,"ECOCYC:G6847,GeneID:945638",,ynfG,Gene,,,,,ynfG,protein_coding,ECK1584,b1589,,,,,,,,,,
NC_000913.3,RefSeq,gene,1663609,1664463,,+,,855,gene-b1590,"ECOCYC:G6848,GeneID:945822",,ynfH,Gene,,,,,ynfH,protein_coding,ECK1585,b1590,,,,,,,,,,
NC_000913.3,RefSeq,gene,1664506,1665120,,+,,615,gene-b1591,"ECOCYC:G6849,GeneID:945987",,dmsD,Gene,,,,,dmsD,protein_coding,"ECK1586,ynfI",b1591,,,,,,,,,,
NC_000913.3,RefSeq,gene,1665315,1666571,,+,,1257,gene-b1592,"ECOCYC:G6850,GeneID:947179",,clcB,Gene,,,,,clcB,protein_coding,"ECK1587,mriT,ynfJ",b1592,,,,,,,,,,
NC_000913.3,RefSeq,gene,1666524,1667219,,-,,696,gene-b1593,"ECOCYC:G6851,GeneID:944927",,bidA,Gene,,,,,bidA,protein_coding,"ECK1588,ynfK",b1593,,,,,,,,,,
NC_000913.3,RefSeq,gene,1667344,1668564,,-,,1221,gene-b1594,"ECOCYC:G6852,GeneID:945510",,mlc,Gene,,,,,mlc,protein_coding,"dgsA,ECK1589",b1594,,,,,,,,,,
NC_000913.3,RefSeq,gene,1668699,1669592,,-,,894,gene-b1595,"ECOCYC:G6853,GeneID:946136",,ynfL,Gene,,,,,ynfL,protein_coding,ECK1590,b1595,,,,,,,,,,
NC_000913.3,RefSeq,gene,1669699,1670952,,+,,1254,gene-b1596,"ECOCYC:G6854,GeneID:946138",,ynfM,Gene,,,,,ynfM,protein_coding,"ECK1591,yzyC",b1596,,,,,,,,,,
NC_000913.3,RefSeq,gene,1671376,1671684,,+,,309,gene-b1597,"ECOCYC:G6855,GeneID:945103",,asr,Gene,,,,,asr,protein_coding,ECK1592,b1597,,,,,,,,,,
NC_000913.3,RefSeq,gene,1671777,1671860,,+,,84,gene-b4601,"ECOCYC:G0-10593,GeneID:5061510",,ydgU,Gene,,,,,ydgU,protein_coding,ECK4410,b4601,,,,,,,,,,
NC_000913.3,RefSeq,gene,1671960,1672781,,+,,822,gene-b1598,"ECOCYC:G6856,GeneID:946436",,ydgD,Gene,,,,,ydgD,protein_coding,ECK1593,b1598,,,,,,,,,,
NC_000913.3,RefSeq,gene,1672820,1673149,,-,,330,gene-b1599,"ECOCYC:G6857,GeneID:947333",,mdtI,Gene,,,,,mdtI,protein_coding,"ECK1594,ydgE",b1599,,,,,,,,,,
NC_000913.3,RefSeq,gene,1673136,1673501,,-,,366,gene-b1600,"ECOCYC:G6858,GeneID:946139",,mdtJ,Gene,,,,,mdtJ,protein_coding,"ECK1595,ydgF",b1600,,,,,,,,,,
NC_000913.3,RefSeq,gene,1673608,1673709,,-,,102,gene-b4777,"ECOCYC:G0-17023,GeneID:63925638",,mdtU,Gene,,,,,mdtU,protein_coding,"ECK4634,ydgV",b4777,,,,,,,,,,
NC_000913.3,RefSeq,gene,1673913,1674947,,+,,1035,gene-b1601,"ECOCYC:G6859,GeneID:946142",,tqsA,Gene,,,,,tqsA,protein_coding,"ECK1596,ydgG",b1601,,,,,,,,,,
NC_000913.3,RefSeq,gene,1674972,1676360,,-,,1389,gene-b1602,"ECOCYC:EG10745,GeneID:946144",,pntB,Gene,,,,,pntB,protein_coding,ECK1597,b1602,,,,,,,,,,
NC_000913.3,RefSeq,gene,1676371,1677903,,-,,1533,gene-b1603,"ECOCYC:EG10744,GeneID:946628",,pntA,Gene,,,,,pntA,protein_coding,ECK1598,b1603,,,,,,,,,,
NC_000913.3,RefSeq,gene,1678427,1679371,,+,,945,gene-b1604,"ECOCYC:G6860,GeneID:945117",,ydgH,Gene,,,,,ydgH,protein_coding,ECK1599,b1604,,,,,,,,,,
NC_000913.3,RefSeq,gene,1679557,1680939,,+,,1383,gene-b1605,"ECOCYC:G6861,GeneID:945159",,ydgI,Gene,,,,,ydgI,protein_coding,"arcD,ECK1600",b1605,,,,,,,,,,
NC_000913.3,RefSeq,gene,1680976,1681698,,+,,723,gene-b1606,"ECOCYC:G6862,GeneID:949096",,folM,Gene,,,,,folM,protein_coding,"ECK1601,ydgB",b1606,,,,,,,,,,
NC_000913.3,RefSeq,gene,1681695,1682030,,-,,336,gene-b1607,"ECOCYC:G6863,GeneID:945156",,ydgC,Gene,,,,,ydgC,protein_coding,ECK1602,b1607,,,,,,,,,,
NC_000913.3,RefSeq,gene,1682159,1682878,,+,,720,gene-b1608,"ECOCYC:G6864,GeneID:946199",,rstA,Gene,,,,,rstA,protein_coding,"ECK1603,urpT",b1608,,,,,,,,,,
NC_000913.3,RefSeq,gene,1682882,1684183,,+,,1302,gene-b1609,"ECOCYC:EG11233,GeneID:948870",,rstB,Gene,,,,,rstB,protein_coding,"ECK1604,uspT",b1609,,,,,,,,,,
NC_000913.3,RefSeq,gene,1684259,1685188,,+,,930,gene-b1610,"ECOCYC:EG11038,GeneID:945135",,tus,Gene,,,,,tus,protein_coding,"ECK1605,tau",b1610,,,,,,,,,,
NC_000913.3,RefSeq,gene,1685185,1686588,,-,,1404,gene-b1611,"ECOCYC:EG10358,GeneID:946147",,fumC,Gene,,,,,fumC,protein_coding,ECK1606,b1611,,,,,,,,,,
NC_000913.3,RefSeq,gene,1686731,1688377,,-,,1647,gene-b1612,"ECOCYC:EG10356,GeneID:946826",,fumA,Gene,,,,,fumA,protein_coding,ECK1607,b1612,,,,,,,,,,
NC_000913.3,RefSeq,gene,1688576,1689751,,+,,1176,gene-b1613,"ECOCYC:EG10566,GeneID:944840",,manA,Gene,,,,,manA,protein_coding,"ECK1608,pmi",b1613,,,,,,,,,,
NC_000913.3,RefSeq,gene,1689852,1691360,,+,,1509,gene-b1614,"ECOCYC:G6865,GeneID:946172",,ydgA,Gene,,,,,ydgA,protein_coding,ECK1609,b1614,,,,,,,,,,
NC_000913.3,RefSeq,gene,1691586,1692851,,-,,1266,gene-b1615,"ECOCYC:G6866,GeneID:944820",,uidC,Gene,,,,,uidC,protein_coding,"ECK1610,gusC",b1615,,,,,,,,,,
NC_000913.3,RefSeq,gene,1692890,1694263,,-,,1374,gene-b1616,"ECOCYC:EG11658,GeneID:947484",,uidB,Gene,,,,,uidB,protein_coding,"ECK1611,gusB,uidP",b1616,,,,,,,,,,
NC_000913.3,RefSeq,gene,1694260,1696071,,-,,1812,gene-b1617,"ECOCYC:EG11055,GeneID:946149",,uidA,Gene,,,,,uidA,protein_coding,"ECK1612,gurA,gusA",b1617,,,,,,,,,,
NC_000913.3,RefSeq,gene,1696462,1697052,,-,,591,gene-b1618,"ECOCYC:G6867,GeneID:946150",,uidR,Gene,,,,,uidR,protein_coding,"ECK1613,gusR",b1618,,,,,,,,,,
NC_000913.3,RefSeq,gene,1697273,1698040,,-,,768,gene-b1619,"ECOCYC:EG10425,GeneID:946151",,hdhA,Gene,,,,,hdhA,protein_coding,"ECK1614,hsd,hsdH",b1619,,,,,,,,,,
NC_000913.3,RefSeq,gene,1698152,1699180,,-,,1029,gene-b1620,"ECOCYC:EG10557,GeneID:947104",,malI,Gene,,,,,malI,protein_coding,ECK1615,b1620,,,,,,,,,,
NC_000913.3,RefSeq,gene,1699355,1700947,,+,,1593,gene-b1621,"ECOCYC:EG10563,GeneID:946009",,malX,Gene,,,,,malX,protein_coding,ECK1616,b1621,,,,,,,,,,
NC_000913.3,RefSeq,gene,1700957,1702129,,+,,1173,gene-b1622,"ECOCYC:EG10564,GeneID:945937",,malY,Gene,,,,,malY,protein_coding,ECK1617,b1622,,,,,,,,,,
NC_000913.3,RefSeq,gene,1702233,1703234,,+,,1002,gene-b1623,"ECOCYC:EG10030,GeneID:945851",,add,Gene,,,,,add,protein_coding,ECK1618,b1623,,,,,,,,,,
NC_000913.3,RefSeq,gene,1703268,1704308,,-,,1041,gene-b1624,"ECOCYC:G6868,GeneID:947164",,ydgJ,Gene,,,,,ydgJ,protein_coding,ECK1619,b1624,,,,,,,,,,
NC_000913.3,RefSeq,gene,1704551,1704676,,+,,126,gene-b4409,"ECOCYC:G0-9561,GeneID:2847682",,blr,Gene,,,,,blr,protein_coding,ECK1620,b4409,,,,,,,,,,
NC_000913.3,RefSeq,gene,1704949,1705164,,+,,216,gene-b1625,"ECOCYC:G6869,GeneID:946152",,cnu,Gene,,,,,cnu,protein_coding,"ECK1621,ydgT",b1625,,,,,,,,,,
NC_000913.3,RefSeq,gene,1705250,1705690,,+,,441,gene-b1626,"ECOCYC:G6870,GeneID:946154",,ydgK,Gene,,,,,ydgK,protein_coding,"ECK1622,rsxP",b1626,,,,,,,,,,
NC_000913.3,RefSeq,gene,1705767,1706348,,+,,582,gene-b1627,"ECOCYC:G6871,GeneID:946148",,rsxA,Gene,,,,,rsxA,protein_coding,"ECK1623,ydgL",b1627,,,,,,,,,,
NC_000913.3,RefSeq,gene,1706348,1706926,,+,,579,gene-b1628,"ECOCYC:G6872,GeneID:946146",,rsxB,Gene,,,,,rsxB,protein_coding,"ECK1624,ydgM",b1628,,,,,,,,,,
NC_000913.3,RefSeq,gene,1706919,1709141,,+,,2223,gene-b1629,"ECOCYC:G6873,GeneID:946137",,rsxC,Gene,,,,,rsxC,protein_coding,"ECK1625,ydgN",b1629,,,,,,,,,,
NC_000913.3,RefSeq,gene,1709142,1710200,,+,,1059,gene-b1630,"ECOCYC:G6874,GeneID:946134",,rsxD,Gene,,,,,rsxD,protein_coding,"ECK1626,ydgO",b1630,,,,,,,,,,
NC_000913.3,RefSeq,gene,1710204,1710824,,+,,621,gene-b1631,"ECOCYC:G6875,GeneID:946158",,rsxG,Gene,,,,,rsxG,protein_coding,"ECK1627,ydgP",b1631,,,,,,,,,,
NC_000913.3,RefSeq,gene,1710828,1711523,,+,,696,gene-b1632,"ECOCYC:G6876,GeneID:947509",,rsxE,Gene,,,,,rsxE,protein_coding,"ECK1628,ydgQ",b1632,,,,,,,,,,
NC_000913.3,RefSeq,gene,1711523,1712158,,+,,636,gene-b1633,"ECOCYC:EG10662,GeneID:947122",,nth,Gene,,,,,nth,protein_coding,ECK1629,b1633,,,,,,,,,,
NC_000913.3,RefSeq,gene,1712769,1714271,,+,,1503,gene-b1634,"ECOCYC:G6877,GeneID:947436",,dtpA,Gene,,,,,dtpA,protein_coding,"ECK1630,tppB,ydgR",b1634,,,,,,,,,,
NC_000913.3,RefSeq,gene,1714377,1714982,,+,,606,gene-b1635,"ECOCYC:G6878,GeneID:945758",,gstA,Gene,,,,,gstA,protein_coding,"ECK1631,gst",b1635,,,,,,,,,,
NC_000913.3,RefSeq,gene,1715026,1715889,,-,,864,gene-b1636,"ECOCYC:G6879,GeneID:946162",,pdxY,Gene,,,,,pdxY,protein_coding,"ECK1632,ydgS",b1636,,,,,,,,,,
NC_000913.3,RefSeq,gene,1715948,1717222,,-,,1275,gene-b1637,"ECOCYC:EG11043,GeneID:948855",,tyrS,Gene,,,,,tyrS,protein_coding,ECK1633,b1637,,,,,,,,,,
NC_000913.3,RefSeq,gene,1717351,1718007,,-,,657,gene-b1638,"ECOCYC:EG11487,GeneID:946806",,pdxH,Gene,,,,,pdxH,protein_coding,ECK1634,b1638,,,,,,,,,,
NC_000913.3,RefSeq,gene,1718066,1718395,,-,,330,gene-b1639,"ECOCYC:EG11488,GeneID:946811",,mliC,Gene,,,,,mliC,protein_coding,"ECK1635,ydhA",b1639,,,,,,,,,,
NC_000913.3,RefSeq,gene,1718493,1719602,,-,,1110,gene-b1640,"ECOCYC:G6880,GeneID:946810",,anmK,Gene,,,,,anmK,protein_coding,"ECK1636,ydhH",b1640,,,,,,,,,,
NC_000913.3,RefSeq,gene,1719876,1720343,,+,,468,gene-b1641,"ECOCYC:G6881,GeneID:946801",,slyB,Gene,,,,,slyB,protein_coding,ECK1637,b1641,,,,,,,,,,
NC_000913.3,RefSeq,gene,1720390,1720824,,-,,435,gene-b1642,"ECOCYC:G6882,GeneID:946167",,slyA,Gene,,,,,slyA,protein_coding,ECK1638,b1642,,,,,,,,,,
NC_000913.3,RefSeq,gene,1721025,1721261,,+,,237,gene-b1643,"ECOCYC:G6883,GeneID:947559",,ydhI,Gene,,,,,ydhI,protein_coding,ECK1639,b1643,,,,,,,,,,
NC_000913.3,RefSeq,gene,1721264,1722121,,+,,858,gene-b1644,"ECOCYC:G6884,GeneID:946499",,ydhJ,Gene,,,,,ydhJ,protein_coding,ECK1640,b1644,,,,,,,,,,
NC_000913.3,RefSeq,gene,1722121,1724133,,+,,2013,gene-b1645,"ECOCYC:G6885,GeneID:946528",,ydhK,Gene,,,,,ydhK,protein_coding,ECK1641,b1645,,,,,,,,,,
NC_000913.3,RefSeq,gene,1724134,1724655,,-,,522,gene-b1646,"ECOCYC:G6886,GeneID:945343",,sodC,Gene,,,,,sodC,protein_coding,ECK1642,b1646,,,,,,,,,,
NC_000913.3,RefSeq,gene,1724736,1725632,,-,,897,gene-b1647,"ECOCYC:G6887,GeneID:946960",,ydhF,Gene,,,,,ydhF,protein_coding,ECK1643,b1647,,,,,,,,,,
NC_000913.3,RefSeq,gene,1725681,1725920,,-,,240,gene-b1648,"ECOCYC:G6888,GeneID:946168",,ydhL,Gene,,,,,ydhL,protein_coding,ECK1644,b1648,,,,,,,,,,
NC_000913.3,RefSeq,gene,1726023,1726622,,+,,600,gene-b1649,"ECOCYC:G6889,GeneID:946166",,nemR,Gene,,,,,nemR,protein_coding,"ECK1645,ydhM",b1649,,,,,,,,,,
NC_000913.3,RefSeq,gene,1726659,1727756,,+,,1098,gene-b1650,"ECOCYC:G6890,GeneID:946164",,nemA,Gene,,,,,nemA,protein_coding,"ECK1646,ydhN",b1650,,,,,,,,,,
NC_000913.3,RefSeq,gene,1727837,1728244,,+,,408,gene-b1651,"ECOCYC:G6891,GeneID:946161",,gloA,Gene,,,,,gloA,protein_coding,ECK1647,b1651,,,,,,,,,,
NC_000913.3,RefSeq,gene,1728347,1728994,,+,,648,gene-b1652,"ECOCYC:EG11547,GeneID:946159",,rnt,Gene,,,,,rnt,protein_coding,ECK1648,b1652,,,,,,,,,,
NC_000913.3,RefSeq,gene,1729087,1733703,,+,,4617,gene-b1653,"ECOCYC:EG11548,GeneID:946156",,lhr,Gene,,,,,lhr,protein_coding,"ECK1649,rhlF",b1653,,,,,,,,,,
NC_000913.3,RefSeq,gene,1733754,1734101,,-,,348,gene-b1654,"ECOCYC:EG12181,GeneID:946169",,grxD,Gene,,,,,grxD,protein_coding,"ECK1650,ydhD",b1654,,,,,,,,,,
NC_000913.3,RefSeq,gene,1734435,1735250,,+,,816,gene-b1655,"ECOCYC:G6892,GeneID:945210",,mepH,Gene,,,,,mepH,protein_coding,"ECK1651,ydhO",b1655,,,,,,,,,,
NC_000913.3,RefSeq,gene,1735378,1735959,,+,,582,gene-b1656,"ECOCYC:EG10954,GeneID:944953",,sodB,Gene,,,,,sodB,protein_coding,ECK1652,b1656,,,,,,,,,,
NC_000913.3,RefSeq,gene,1736121,1737290,,-,,1170,gene-b1657,"ECOCYC:G6893,GeneID:947340",,ydhP,Gene,,,,,ydhP,protein_coding,ECK1653,b1657,,,,,,,,,,
NC_000913.3,RefSeq,gene,1737456,1737545,,-,,90,gene-b4602,"ECOCYC:G0-10594,GeneID:5061505",,cydH,Gene,,,,,cydH,protein_coding,"cydY,ECK4411,ynhF",b4602,,,,,,,,,,
NC_000913.3,RefSeq,gene,1737844,1738869,,+,,1026,gene-b1658,"ECOCYC:EG10800,GeneID:945226",,purR,Gene,,,,,purR,protein_coding,ECK1654,b1658,,,,,,,,,,
NC_000913.3,RefSeq,gene,1738866,1739798,,-,,933,gene-b1659,"ECOCYC:EG12140,GeneID:945208",,punR,Gene,,,,,punR,protein_coding,"ECK1655,ydhB",b1659,,,,,,,,,,
NC_000913.3,RefSeq,gene,1739911,1741122,,+,,1212,gene-b1660,"ECOCYC:EG12141,GeneID:946077",,punC,Gene,,,,,punC,protein_coding,"ECK1656,ydhC",b1660,,,,,,,,,,
NC_000913.3,RefSeq,gene,1741413,1742561,,+,,1149,gene-b1661,"ECOCYC:EG11531,GeneID:944811",,cfa,Gene,,,,,cfa,protein_coding,"cdfA,ECK1657",b1661,,,,,,,,,,
NC_000913.3,RefSeq,gene,1742601,1743242,,-,,642,gene-b1662,"ECOCYC:EG11406,GeneID:945848",,ribC,Gene,,,,,ribC,protein_coding,"ECK1658,ribE",b1662,,,,,,,,,,
NC_000913.3,RefSeq,gene,1743457,1744830,,+,,1374,gene-b1663,"ECOCYC:EG12400,GeneID:945883",,mdtK,Gene,,,,,mdtK,protein_coding,"ECK1659,norE,norM,ydhE",b1663,,,,,,,,,,
NC_000913.3,RefSeq,gene,1744871,1746127,,-,,1257,gene-b1664,"ECOCYC:G6894,GeneID:944851",,ydhQ,Gene,,,,,ydhQ,protein_coding,ECK1660,b1664,,,,,,,,,,
NC_000913.3,RefSeq,gene,1746435,1746511,,+,,77,gene-b1665,"ECOCYC:EG30111,GeneID:946170",,valV,Gene,,,,,valV,tRNA,ECK1661,b1665,,,,,,,,,,
NC_000913.3,RefSeq,gene,1746516,1746592,,+,,77,gene-b1666,"ECOCYC:EG30112,GeneID:949069",,valW,Gene,,,,,valW,tRNA,ECK1662,b1666,,,,,,,,,,
NC_000913.3,RefSeq,gene,1746700,1747005,,+,,306,gene-b1667,"ECOCYC:G6895,GeneID:946177",,ydhR,Gene,,,,,ydhR,protein_coding,ECK1663,b1667,,,,,,,,,,
NC_000913.3,RefSeq,gene,1747131,1748735,,+,,1605,gene-b1668,"ECOCYC:G6896,GeneID:945786",,ydhS,Gene,,,,,ydhS,protein_coding,ECK1664,b1668,,,,,,,,,,
NC_000913.3,RefSeq,gene,1748747,1749559,,-,,813,gene-b1669,"ECOCYC:G6897,GeneID:945960",,ydhT,Gene,,,,,ydhT,protein_coding,ECK1665,b1669,,,,,,,,,,
NC_000913.3,RefSeq,gene,1749563,1750348,,-,,786,gene-b1670,"ECOCYC:G6898,GeneID:945608",,ydhU,Gene,,,,,ydhU,protein_coding,ECK1666,b1670,,,,,,,,,,
NC_000913.3,RefSeq,gene,1750345,1751013,,-,,669,gene-b1671,"ECOCYC:G6899,GeneID:947308",,ydhX,Gene,,,,,ydhX,protein_coding,ECK1667,b1671,,,,,,,,,,
NC_000913.3,RefSeq,gene,1751077,1751724,,-,,648,gene-b1672,"ECOCYC:G6900,GeneID:947180",,ydhW,Gene,,,,,ydhW,protein_coding,ECK1668,b1672,,,,,,,,,,
NC_000913.3,RefSeq,gene,1751728,1753830,,-,,2103,gene-b1673,"ECOCYC:G6901,GeneID:948756",,ydhV,Gene,,,,,ydhV,protein_coding,ECK1669,b1673,,,,,,,,,,
NC_000913.3,RefSeq,gene,1753851,1754477,,-,,627,gene-b1674,"ECOCYC:G6902,GeneID:948749",,ydhY,Gene,,,,,ydhY,protein_coding,ECK1670,b1674,,,,,,,,,,
NC_000913.3,RefSeq,gene,1754932,1755141,,-,,210,gene-b1675,"ECOCYC:G6903,GeneID:946180",,fumD,Gene,,,,,fumD,protein_coding,"ECK1671,ydhZ",b1675,,,,,,,,,,
NC_000913.3,RefSeq,gene,1755496,1755690,,+,,195,gene-b4817,"ECOCYC:G0-17092,GeneID:71004564",,ynhH,Gene,,,,,ynhH,protein_coding,ECK4674,b4817,,,,,,,,,,
NC_000913.3,RefSeq,gene,1755698,1757110,,+,,1413,gene-b1676,"ECOCYC:EG10804,GeneID:946179",,pykF,Gene,,,,,pykF,protein_coding,ECK1672,b1676,,,,,,,,,,
NC_000913.3,RefSeq,gene,1757421,1757657,,+,,237,gene-b1677,"ECOCYC:EG10544,GeneID:946175",,lpp,Gene,,,,,lpp,protein_coding,"ECK1673,mlpA",b1677,,,,,,,,,,
NC_000913.3,RefSeq,gene,1757721,1758725,,-,,1005,gene-b1678,"ECOCYC:G6904,GeneID:946174",,ldtE,Gene,,,,,ldtE,protein_coding,"ECK1674,ynhG",b1678,,,,,,,,,,
NC_000913.3,RefSeq,gene,1758874,1759290,,-,,417,gene-b1679,"ECOCYC:G6905,GeneID:946173",,sufE,Gene,,,,,sufE,protein_coding,"ECK1675,ynhA",b1679,,,,,,,,,,
NC_000913.3,RefSeq,gene,1759303,1760523,,-,,1221,gene-b1680,"ECOCYC:G6906,GeneID:946185",,sufS,Gene,,,,,sufS,protein_coding,"csdB,ECK1676,ynhB",b1680,,,,,,,,,,
NC_000913.3,RefSeq,gene,1760520,1761791,,-,,1272,gene-b1681,"ECOCYC:G6907,GeneID:944878",,sufD,Gene,,,,,sufD,protein_coding,"ECK1677,ynhC",b1681,,,,,,,,,,
NC_000913.3,RefSeq,gene,1761766,1762512,,-,,747,gene-b1682,"ECOCYC:G6908,GeneID:946128",,sufC,Gene,,,,,sufC,protein_coding,"ECK1678,ynhD",b1682,,,,,,,,,,
NC_000913.3,RefSeq,gene,1762522,1764009,,-,,1488,gene-b1683,"ECOCYC:G6909,GeneID:945753",,sufB,Gene,,,,,sufB,protein_coding,"ECK1679,ynhE",b1683,,,,,,,,,,
NC_000913.3,RefSeq,gene,1764018,1764386,,-,,369,gene-b1684,"ECOCYC:EG11378,GeneID:949014",,sufA,Gene,,,,,sufA,protein_coding,"ECK1680,ydiC",b1684,,,,,,,,,,
NC_000913.3,RefSeq,gene,1764713,1764780,,-,,68,gene-b4430,"ECOCYC:G0-8876,GeneID:2847670",,rydB,Gene,,,,,rydB,ncRNA,"ECK1681,IS082,tpe7",b4430,,,,,,,,,,
NC_000913.3,RefSeq,gene,1764934,1765122,,-,,189,gene-b1685,"ECOCYC:G6911,GeneID:946194",,ydiH,Gene,,,,,ydiH,protein_coding,ECK1682,b1685,,,,,,,,,,
NC_000913.3,RefSeq,gene,1765222,1765632,,-,,411,gene-b1686,"ECOCYC:G6912,GeneID:946190",,menI,Gene,,,,,menI,protein_coding,"ECK1683,ydiI",b1686,,,,,,,,,,
NC_000913.3,RefSeq,gene,1765629,1768685,,-,,3057,gene-b1687,"ECOCYC:G6913,GeneID:946189",,ydiJ,Gene,,,,,ydiJ,protein_coding,ECK1684,b1687,,,,,,,,,,
NC_000913.3,RefSeq,gene,1769074,1770186,,+,,1113,gene-b1688,"ECOCYC:G6914,GeneID:946183",,ydiK,Gene,,,,,ydiK,protein_coding,ECK1685,b1688,,,,,,,,,,
NC_000913.3,RefSeq,gene,1770372,1770477,,+,,106,gene-b4431,"ECOCYC:G0-8863,GeneID:2847671",,rprA,Gene,,,,,rprA,ncRNA,"ECK1686,IS083,psrA5",b4431,,,,,,,,,,
NC_000913.3,RefSeq,gene,1770615,1770971,,+,,357,gene-b1689,"ECOCYC:G6915,GeneID:946181",,ydiL,Gene,,,,,ydiL,protein_coding,ECK1687,b1689,,,,,,,,,,
NC_000913.3,RefSeq,gene,1771071,1772285,,+,,1215,gene-b1690,"ECOCYC:G6916,GeneID:946196",,ydiM,Gene,,,,,ydiM,protein_coding,ECK1688,b1690,,,,,,,,,,
NC_000913.3,RefSeq,gene,1772512,1773777,,+,,1266,gene-b1691,"ECOCYC:G6917,GeneID:946198",,ydiN,Gene,,,,,ydiN,protein_coding,ECK1689,b1691,,,,,,,,,,
NC_000913.3,RefSeq,gene,1773789,1774655,,+,,867,gene-b1692,"ECOCYC:EG11234,GeneID:946200",,ydiB,Gene,,,,,ydiB,protein_coding,ECK1690,b1692,,,,,,,,,,
NC_000913.3,RefSeq,gene,1774686,1775444,,+,,759,gene-b1693,"ECOCYC:EG10076,GeneID:946210",,aroD,Gene,,,,,aroD,protein_coding,ECK1691,b1693,,,,,,,,,,
NC_000913.3,RefSeq,gene,1775587,1777182,,+,,1596,gene-b1694,"ECOCYC:EG12432,GeneID:946211",,ydiF,Gene,,,,,ydiF,protein_coding,ECK1692,b1694,,,,,,,,,,
NC_000913.3,RefSeq,gene,1777196,1778347,,+,,1152,gene-b1695,"ECOCYC:G6918,GeneID:945626",,ydiO,Gene,,,,,ydiO,protein_coding,ECK1693,b1695,,,,,,,,,,
NC_000913.3,RefSeq,gene,1778390,1779301,,-,,912,gene-b1696,"ECOCYC:G6919,GeneID:945095",,ydiP,Gene,,,,,ydiP,protein_coding,ECK1694,b1696,,,,,,,,,,
NC_000913.3,RefSeq,gene,1779617,1780381,,+,,765,gene-b1697,"ECOCYC:G6920,GeneID:946482",,ydiQ,Gene,,,,,ydiQ,protein_coding,ECK1695,b1697,,,,,,,,,,
NC_000913.3,RefSeq,gene,1780401,1781339,,+,,939,gene-b1698,"ECOCYC:G6921,GeneID:945688",,ydiR,Gene,,,,,ydiR,protein_coding,ECK1696,b1698,,,,,,,,,,
NC_000913.3,RefSeq,gene,1781395,1782684,,+,,1290,gene-b1699,"ECOCYC:G6922,GeneID:946212",,ydiS,Gene,,,,,ydiS,protein_coding,ECK1697,b1699,,,,,,,,,,
NC_000913.3,RefSeq,gene,1782681,1782974,,+,,294,gene-b1700,"ECOCYC:G6923,GeneID:946214",,ydiT,Gene,,,,,ydiT,protein_coding,ECK1698,b1700,,,,,,,,,,
NC_000913.3,RefSeq,gene,1782977,1784677,,+,,1701,gene-b1701,"ECOCYC:EG12357,GeneID:946213",,fadK,Gene,,,,,fadK,protein_coding,"ECK1699,ydiD",b1701,,,,,,,,,,
NC_000913.3,RefSeq,gene,1784734,1787112,,-,,2379,gene-b1702,"ECOCYC:EG10759,GeneID:946209",,ppsA,Gene,,,,,ppsA,protein_coding,"ECK1700,pps",b1702,,,,,,,,,,
NC_000913.3,RefSeq,gene,1787445,1788278,,+,,834,gene-b1703,"ECOCYC:EG11132,GeneID:946207",,ppsR,Gene,,,,,ppsR,protein_coding,"ECK1701,ydiA",b1703,,,,,,,,,,
NC_000913.3,RefSeq,gene,1788435,1789481,,+,,1047,gene-b1704,"ECOCYC:EG10080,GeneID:946229",,aroH,Gene,,,,,aroH,protein_coding,ECK1702,b1704,,,,,,,,,,
NC_000913.3,RefSeq,gene,1789613,1789804,,+,,192,gene-b1705,"ECOCYC:EG12391,GeneID:946205",,ydiE,Gene,,,,,ydiE,protein_coding,ECK1703,b1705,,,,,,,,,,
NC_000913.3,RefSeq,gene,1789808,1791244,,-,,1437,gene-b1706,"ECOCYC:G6924,GeneID:946219",,selO,Gene,,,,,selO,protein_coding,"ECK1704,ydiU",b1706,,,,,,,,,,
NC_000913.3,RefSeq,gene,1791307,1792020,,-,,714,gene-b1707,"ECOCYC:G6925,GeneID:946217",,rflP,Gene,,,,,rflP,protein_coding,"ECK1705,ydiV",b1707,,,,,,,,,,
NC_000913.3,RefSeq,gene,1792267,1792731,,-,,465,gene-b1708,"ECOCYC:EG11133,GeneID:946220",,nlpC,Gene,,,,,nlpC,protein_coding,ECK1706,b1708,,,,,,,,,,
NC_000913.3,RefSeq,gene,1792809,1793558,,-,,750,gene-b1709,"ECOCYC:EG10128,GeneID:945751",,btuD,Gene,,,,,btuD,protein_coding,ECK1707,b1709,,,,,,,,,,
NC_000913.3,RefSeq,gene,1793558,1794109,,-,,552,gene-b1710,"ECOCYC:EG10129,GeneID:945915",,btuE,Gene,,,,,btuE,protein_coding,ECK1708,b1710,,,,,,,,,,
NC_000913.3,RefSeq,gene,1794172,1795152,,-,,981,gene-b1711,"ECOCYC:EG10127,GeneID:945877",,btuC,Gene,,,,,btuC,protein_coding,ECK1709,b1711,,,,,,,,,,
NC_000913.3,RefSeq,gene,1795253,1795552,,-,,300,gene-b1712,"ECOCYC:EG10440,GeneID:945472",,ihfA,Gene,,,,,ihfA,protein_coding,"ECK1710,hid,himA",b1712,,,,,,,,,,
NC_000913.3,RefSeq,gene,1795557,1797944,,-,,2388,gene-b1713,"ECOCYC:EG10710,GeneID:945382",,pheT,Gene,,,,,pheT,protein_coding,ECK1711,b1713,,,,,,,,,,
NC_000913.3,RefSeq,gene,1797959,1798942,,-,,984,gene-b1714,"ECOCYC:EG10709,GeneID:946223",,pheS,Gene,,,,,pheS,protein_coding,"ECK1712,phe-act",b1714,,,,,,,,,,
NC_000913.3,RefSeq,gene,1799226,1799270,,-,,45,gene-b1715,"ECOCYC:EG11272,GeneID:947212",,pheM,Gene,,,,,pheM,protein_coding,"ECK1713,phtL",b1715,,,,,,,,,,
NC_000913.3,RefSeq,gene,1799393,1799749,,-,,357,gene-b1716,"ECOCYC:EG10881,GeneID:945152",,rplT,Gene,,,,,rplT,protein_coding,"ECK1714,pdzA",b1716,,,,,,,,,,
NC_000913.3,RefSeq,gene,1799802,1799999,,-,,198,gene-b1717,"ECOCYC:EG11231,GeneID:946349",,rpmI,Gene,,,,,rpmI,protein_coding,ECK1715,b1717,,,,,,,,,,
NC_000913.3,RefSeq,gene,1800096,1800638,,-,,543,gene-b1718,"ECOCYC:EG10506,GeneID:946225",,infC,Gene,,,,,infC,protein_coding,"ECK1716,fit,srjA",b1718,,,,,,,,,,
NC_000913.3,RefSeq,gene,1800642,1802570,,-,,1929,gene-b1719,"ECOCYC:EG11001,GeneID:946222",,thrS,Gene,,,,,thrS,protein_coding,ECK1717,b1719,,,,,,,,,,
NC_000913.3,RefSeq,gene,1805165,1805272,,+,,108,gene-b4535,"ECOCYC:G0-10453,GeneID:1450269",,yniD,Gene,,,,,yniD,protein_coding,ECK1719,b4535,,,,,,,,,,
NC_000913.3,RefSeq,gene,1805325,1806083,,-,,759,gene-b1722,"ECOCYC:G6928,GeneID:946218",,ydiY,Gene,,,,,ydiY,protein_coding,ECK1720,b1722,,,,,,,,,,
NC_000913.3,RefSeq,gene,1806370,1807299,,+,,930,gene-b1723,"ECOCYC:EG10700,GeneID:946230",,pfkB,Gene,,,,,pfkB,protein_coding,ECK1721,b1723,,,,,,,,,,
NC_000913.3,RefSeq,gene,1807400,1807690,,+,,291,gene-b1724,"ECOCYC:G6929,GeneID:946232",,ydiZ,Gene,,,,,ydiZ,protein_coding,ECK1722,b1724,,,,,,,,,,
NC_000913.3,RefSeq,gene,1807796,1808656,,+,,861,gene-b1725,"ECOCYC:G6930,GeneID:946236",,yniA,Gene,,,,,yniA,protein_coding,ECK1723,b1725,,,,,,,,,,
NC_000913.3,RefSeq,gene,1808697,1809233,,-,,537,gene-b1726,"ECOCYC:G6931,GeneID:945140",,yniB,Gene,,,,,yniB,protein_coding,ECK1724,b1726,,,,,,,,,,
NC_000913.3,RefSeq,gene,1809380,1810048,,+,,669,gene-b1727,"ECOCYC:G6932,GeneID:945632",,hxpB,Gene,,,,,hxpB,protein_coding,"ECK1725,yniC",b1727,,,,,,,,,,
NC_000913.3,RefSeq,gene,1810211,1810801,,+,,591,gene-b1728,"ECOCYC:G6933,GeneID:945644",,ydjM,Gene,,,,,ydjM,protein_coding,ECK1726,b1728,,,,,,,,,,
NC_000913.3,RefSeq,gene,1810934,1812325,,+,,1392,gene-b1729,"ECOCYC:G6934,GeneID:946238",,tcyP,Gene,,,,,tcyP,protein_coding,"ECK1727,ydjN",b1729,,,,,,,,,,
NC_000913.3,RefSeq,gene,1812329,1813132,,-,,804,gene-b1730,"ECOCYC:G6935,GeneID:946237",,ydjO,Gene,,,,,ydjO,protein_coding,ECK1728,b1730,,,,,,,,,,
NC_000913.3,RefSeq,gene,1813421,1813663,,-,,243,gene-b1731,"ECOCYC:G6936,GeneID:946235",,cedA,Gene,,,,,cedA,protein_coding,"ECK1729,ydjP",b1731,,,,,,,,,,
NC_000913.3,RefSeq,gene,1813867,1816128,,+,,2262,gene-b1732,"ECOCYC:EG10509,GeneID:946234",,katE,Gene,,,,,katE,protein_coding,ECK1730,b1732,,,,,,,,,,
NC_000913.3,RefSeq,gene,1816386,1817135,,-,,750,gene-b1733,"ECOCYC:EG12198,GeneID:946231",,chbG,Gene,,,,,chbG,protein_coding,"celG,ECK1731,ydjC",b1733,,,,,,,,,,
NC_000913.3,RefSeq,gene,1817148,1818500,,-,,1353,gene-b1734,"ECOCYC:EG10144,GeneID:946266",,chbF,Gene,,,,,chbF,protein_coding,"celF,ECK1732,ydjD",b1734,,,,,,,,,,
NC_000913.3,RefSeq,gene,1818605,1819447,,-,,843,gene-b1735,"ECOCYC:EG10143,GeneID:946247",,chbR,Gene,,,,,chbR,protein_coding,"celD,ECK1733",b1735,,,,,,,,,,
NC_000913.3,RefSeq,gene,1819455,1819805,,-,,351,gene-b1736,"ECOCYC:EG10142,GeneID:946244",,chbA,Gene,,,,,chbA,protein_coding,"celC,ECK1734",b1736,,,,,,,,,,
NC_000913.3,RefSeq,gene,1819856,1821214,,-,,1359,gene-b1737,"ECOCYC:EG10141,GeneID:945982",,chbC,Gene,,,,,chbC,protein_coding,"celB,ECK1735,hic",b1737,,,,,,,,,,
NC_000913.3,RefSeq,gene,1821299,1821619,,-,,321,gene-b1738,"ECOCYC:EG10140,GeneID:945339",,chbB,Gene,,,,,chbB,protein_coding,"celA,ECK1736",b1738,,,,,,,,,,
NC_000913.3,RefSeq,gene,1821918,1822256,,-,,339,gene-b1739,"ECOCYC:EG10044,GeneID:945305",,osmE,Gene,,,,,osmE,protein_coding,"anr,ECK1737",b1739,,,,,,,,,,
NC_000913.3,RefSeq,gene,1822458,1823285,,+,,828,gene-b1740,"ECOCYC:EG10663,GeneID:946946",,nadE,Gene,,,,,nadE,protein_coding,"ECK1738,efg,ntrL",b1740,,,,,,,,,,
NC_000913.3,RefSeq,gene,1823515,1824402,,+,,888,gene-b1741,"ECOCYC:G6937,GeneID:948996",,cho,Gene,,,,,cho,protein_coding,"ECK1739,ydjQ",b1741,,,,,,,,,,
NC_000913.3,RefSeq,gene,1824362,1824937,,-,,576,gene-b1742,"ECOCYC:G6938,GeneID:946245",,ves,Gene,,,,,ves,protein_coding,"ECK1740,ydjR",b1742,,,,,,,,,,
NC_000913.3,RefSeq,gene,1825140,1825625,,-,,486,gene-b1743,"ECOCYC:G6939,GeneID:946253",,spy,Gene,,,,,spy,protein_coding,ECK1741,b1743,,,,,,,,,,
NC_000913.3,RefSeq,gene,1825955,1826923,,-,,969,gene-b1744,"ECOCYC:G6940,GeneID:946256",,astE,Gene,,,,,astE,protein_coding,"ECK1742,ydjS",b1744,,,,,,,,,,
NC_000913.3,RefSeq,gene,1826916,1828259,,-,,1344,gene-b1745,"ECOCYC:G6941,GeneID:946259",,astB,Gene,,,,,astB,protein_coding,"ECK1743,ydjT",b1745,,,,,,,,,,
NC_000913.3,RefSeq,gene,1828256,1829734,,-,,1479,gene-b1746,"ECOCYC:G6942,GeneID:946260",,astD,Gene,,,,,astD,protein_coding,"ECK1744,ydjU",b1746,,,,,,,,,,
NC_000913.3,RefSeq,gene,1829731,1830765,,-,,1035,gene-b1747,"ECOCYC:G6943,GeneID:946261",,astA,Gene,,,,,astA,protein_coding,"ECK1745,ydjV",b1747,,,,,,,,,,
NC_000913.3,RefSeq,gene,1830762,1831982,,-,,1221,gene-b1748,"ECOCYC:G6944,GeneID:946255",,astC,Gene,,,,,astC,protein_coding,"argM,cstC,ECK1746,ydjW",b1748,,,,,,,,,,
NC_000913.3,RefSeq,gene,1832428,1833234,,+,,807,gene-b1749,"ECOCYC:EG11073,GeneID:946254",,xthA,Gene,,,,,xthA,protein_coding,"ECK1747,xth",b1749,,,,,,,,,,
NC_000913.3,RefSeq,gene,1833401,1834111,,+,,711,gene-b1750,"ECOCYC:G6945,GeneID:946250",,ydjX,Gene,,,,,ydjX,protein_coding,ECK1748,b1750,,,,,,,,,,
NC_000913.3,RefSeq,gene,1834116,1834793,,+,,678,gene-b1751,"ECOCYC:G6946,GeneID:946248",,ydjY,Gene,,,,,ydjY,protein_coding,ECK1749,b1751,,,,,,,,,,
NC_000913.3,RefSeq,gene,1834808,1835515,,+,,708,gene-b1752,"ECOCYC:G6947,GeneID:946269",,ydjZ,Gene,,,,,ydjZ,protein_coding,ECK1750,b1752,,,,,,,,,,
NC_000913.3,RefSeq,gene,1835515,1836063,,+,,549,gene-b1753,"ECOCYC:G6948,GeneID:946270",,ynjA,Gene,,,,,ynjA,protein_coding,ECK1751,b1753,,,,,,,,,,
NC_000913.3,RefSeq,gene,1836073,1837239,,+,,1167,gene-b1754,"ECOCYC:G6949,GeneID:946271",,ynjB,Gene,,,,,ynjB,protein_coding,ECK1752,b1754,,,,,,,,,,
NC_000913.3,RefSeq,gene,1837212,1838747,,+,,1536,gene-b1755,"ECOCYC:G6950,GeneID:946273",,ynjC,Gene,,,,,ynjC,protein_coding,ECK1753,b1755,,,,,,,,,,
NC_000913.3,RefSeq,gene,1838747,1839400,,+,,654,gene-b1756,"ECOCYC:G6951,GeneID:944965",,ynjD,Gene,,,,,ynjD,protein_coding,ECK1754,b1756,,,,,,,,,,
NC_000913.3,RefSeq,gene,1839467,1840774,,+,,1308,gene-b1757,"ECOCYC:G6952,GeneID:946505",,ynjE,Gene,,,,,ynjE,protein_coding,ECK1755,b1757,,,,,,,,,,
NC_000913.3,RefSeq,gene,1840783,1841403,,-,,621,gene-b1758,"ECOCYC:G6953,GeneID:946221",,ynjF,Gene,,,,,ynjF,protein_coding,ECK1756,b1758,,,,,,,,,,
NC_000913.3,RefSeq,gene,1841490,1841897,,+,,408,gene-b1759,"ECOCYC:G6954,GeneID:946277",,nudG,Gene,,,,,nudG,protein_coding,"ECK1757,orf135,ynjG",b1759,,,,,,,,,,
NC_000913.3,RefSeq,gene,1841863,1842135,,-,,273,gene-b1760,"ECOCYC:G6955,GeneID:946279",,ynjH,Gene,,,,,ynjH,protein_coding,ECK1758,b1760,,,,,,,,,,
NC_000913.3,RefSeq,gene,1842371,1843714,,+,,1344,gene-b1761,"ECOCYC:EG10372,GeneID:946802",,gdhA,Gene,,,,,gdhA,protein_coding,ECK1759,b1761,,,,,,,,,,
NC_000913.3,RefSeq,gene,1843831,1844871,,-,,1041,gene-b1762,"ECOCYC:G6956,GeneID:946239",,ynjI,Gene,,,,,ynjI,protein_coding,ECK1760,b1762,,,,,,,,,,
NC_000913.3,RefSeq,gene,1844999,1846960,,-,,1962,gene-b1763,"ECOCYC:EG11014,GeneID:946141",,topB,Gene,,,,,topB,protein_coding,"ECK1761,mutR",b1763,,,,,,,,,,
NC_000913.3,RefSeq,gene,1846965,1848008,,-,,1044,gene-b1764,"ECOCYC:EG10943,GeneID:946768",,selD,Gene,,,,,selD,protein_coding,"ECK1762,fdhB",b1764,,,,,,,,,,
NC_000913.3,RefSeq,gene,1848125,1848676,,-,,552,gene-b1765,"ECOCYC:EG11134,GeneID:945964",,ydjA,Gene,,,,,ydjA,protein_coding,ECK1763,b1765,,,,,,,,,,
NC_000913.3,RefSeq,gene,1848837,1850693,,+,,1857,gene-b1766,"ECOCYC:EG10968,GeneID:946281",,sppA,Gene,,,,,sppA,protein_coding,ECK1764,b1766,,,,,,,,,,
NC_000913.3,RefSeq,gene,1850860,1851876,,+,,1017,gene-b1767,"ECOCYC:EG10045,GeneID:946278",,ansA,Gene,,,,,ansA,protein_coding,ECK1765,b1767,,,,,,,,,,
NC_000913.3,RefSeq,gene,1851887,1852528,,+,,642,gene-b1768,"ECOCYC:EG11135,GeneID:946276",,pncA,Gene,,,,,pncA,protein_coding,"ECK1766,nam,ydjB",b1768,,,,,,,,,,
NC_000913.3,RefSeq,gene,1852621,1853979,,-,,1359,gene-b1769,"ECOCYC:EG12369,GeneID:946274",,ydjE,Gene,,,,,ydjE,protein_coding,ECK1767,b1769,,,,,,,,,,
NC_000913.3,RefSeq,gene,1854096,1854854,,-,,759,gene-b1770,"ECOCYC:G6957,GeneID:946272",,ydjF,Gene,,,,,ydjF,protein_coding,ECK1768,b1770,,,,,,,,,,
NC_000913.3,RefSeq,gene,1854991,1855971,,-,,981,gene-b1771,"ECOCYC:G6958,GeneID:946283",,ydjG,Gene,,,,,ydjG,protein_coding,ECK1769,b1771,,,,,,,,,,
NC_000913.3,RefSeq,gene,1855981,1856928,,-,,948,gene-b1772,"ECOCYC:G6959,GeneID:946285",,ydjH,Gene,,,,,ydjH,protein_coding,ECK1770,b1772,,,,,,,,,,
NC_000913.3,RefSeq,gene,1856933,1857769,,-,,837,gene-b1773,"ECOCYC:G6960,GeneID:946291",,ydjI,Gene,,,,,ydjI,protein_coding,ECK1771,b1773,,,,,,,,,,
NC_000913.3,RefSeq,gene,1857790,1858833,,-,,1044,gene-b1774,"ECOCYC:G6961,GeneID:946292",,ydjJ,Gene,,,,,ydjJ,protein_coding,ECK1772,b1774,,,,,,,,,,
NC_000913.3,RefSeq,gene,1858850,1860229,,-,,1380,gene-b1775,"ECOCYC:G6962,GeneID:946293",,ydjK,Gene,,,,,ydjK,protein_coding,ECK1773,b1775,,,,,,,,,,
NC_000913.3,RefSeq,gene,1860256,1861332,,-,,1077,gene-b1776,"ECOCYC:G6963,GeneID:946299",,ydjL,Gene,,,,,ydjL,protein_coding,ECK1774,b1776,,,,,,,,,,
NC_000913.3,RefSeq,gene,1861702,1861974,,-,,273,gene-b1777,"ECOCYC:G6964,GeneID:947074",,yeaC,Gene,,,,,yeaC,protein_coding,ECK1775,b1777,,,,,,,,,,
NC_000913.3,RefSeq,gene,1862016,1862429,,-,,414,gene-b1778,"ECOCYC:EG12394,GeneID:947188",,msrB,Gene,,,,,msrB,protein_coding,"ECK1776,yeaA",b1778,,,,,,,,,,
NC_000913.3,RefSeq,gene,1862771,1863766,,+,,996,gene-b1779,"ECOCYC:EG10367,GeneID:947679",,gapA,Gene,,,,,gapA,protein_coding,"ECK1777,gad,gap1",b1779,,,,,,,,,,
NC_000913.3,RefSeq,gene,1863850,1864734,,+,,885,gene-b1780,"ECOCYC:G6966,GeneID:946572",,yeaD,Gene,,,,,yeaD,protein_coding,"ECK1778,yzzQ",b1780,,,,,,,,,,
NC_000913.3,RefSeq,gene,1864782,1865636,,-,,855,gene-b1781,"ECOCYC:G6967,GeneID:946302",,yeaE,Gene,,,,,yeaE,protein_coding,ECK1779,b1781,,,,,,,,,,
NC_000913.3,RefSeq,gene,1865726,1866472,,-,,747,gene-b1782,"ECOCYC:G6968,GeneID:946301",,mipA,Gene,,,,,mipA,protein_coding,"ECK1780,yeaF",b1782,,,,,,,,,,
NC_000913.3,RefSeq,gene,1866908,1868842,,+,,1935,gene-b1783,"ECOCYC:G6969,GeneID:946297",,yeaG,Gene,,,,,yeaG,protein_coding,ECK1781,b1783,,,,,,,,,,
NC_000913.3,RefSeq,gene,1868955,1870238,,+,,1284,gene-b1784,"ECOCYC:G6970,GeneID:946296",,yeaH,Gene,,,,,yeaH,protein_coding,ECK1782,b1784,,,,,,,,,,
NC_000913.3,RefSeq,gene,1870385,1871860,,+,,1476,gene-b1785,"ECOCYC:G6971,GeneID:946366",,cdgI,Gene,,,,,cdgI,protein_coding,"ECK1783,yeaI",b1785,,,,,,,,,,
NC_000913.3,RefSeq,gene,1872041,1873531,,+,,1491,gene-b1786,"ECOCYC:G6972,GeneID:946290",,dgcJ,Gene,,,,,dgcJ,protein_coding,"ECK1784,yeaJ",b1786,,,,,,,,,,
NC_000913.3,RefSeq,gene,1873574,1874077,,+,,504,gene-b1787,"ECOCYC:G6973,GeneID:946303",,yeaK,Gene,,,,,yeaK,protein_coding,ECK1785,b1787,,,,,,,,,,
NC_000913.3,RefSeq,gene,1874078,1874182,,-,,105,gene-b1788,"ECOCYC:G6974,GeneID:946294",,yoaI,Gene,,,,,yoaI,protein_coding,ECK1786,b1788,,,,,,,,,,
NC_000913.3,RefSeq,gene,1874352,1874798,,+,,447,gene-b1789,"ECOCYC:G6975,GeneID:946307",,yeaL,Gene,,,,,yeaL,protein_coding,ECK1787,b1789,,,,,,,,,,
NC_000913.3,RefSeq,gene,1874755,1875576,,-,,822,gene-b1790,"ECOCYC:G6976,GeneID:946590",,nimR,Gene,,,,,nimR,protein_coding,"ECK1788,yeaM",b1790,,,,,,,,,,
NC_000913.3,RefSeq,gene,1875673,1876854,,+,,1182,gene-b1791,"ECOCYC:G6977,GeneID:946309",,nimT,Gene,,,,,nimT,protein_coding,"ECK1789,yeaN",b1791,,,,,,,,,,
NC_000913.3,RefSeq,gene,1876909,1877256,,+,,348,gene-b1792,"ECOCYC:G6978,GeneID:945675",,yeaO,Gene,,,,,yeaO,protein_coding,ECK1790,b1792,,,,,,,,,,
NC_000913.3,RefSeq,gene,1877278,1877532,,-,,255,gene-b1793,"ECOCYC:G6979,GeneID:946310",,yoaF,Gene,,,,,yoaF,protein_coding,ECK1791,b1793,,,,,,,,,,
NC_000913.3,RefSeq,gene,1877715,1878740,,+,,1026,gene-b1794,"ECOCYC:G6980,GeneID:948969",,dgcP,Gene,,,,,dgcP,protein_coding,"ECK1792,yeaP",b1794,,,,,,,,,,
NC_000913.3,RefSeq,gene,1878773,1878871,,+,,99,gene-b4676,"ECOCYC:G0-10649,GeneID:7751647",,yoaK,Gene,,,,,yoaK,protein_coding,ECK4491,b4676,,,,,,,,,,
NC_000913.3,RefSeq,gene,1878874,1878948,,+,,75,gene-b4675,"ECOCYC:G0-10648,GeneID:7751648",,yoaJ,Gene,,,,,yoaJ,protein_coding,ECK4490,b4675,,,,,,,,,,
NC_000913.3,RefSeq,gene,1879007,1879255,,-,,249,gene-b1795,"ECOCYC:G6981,GeneID:946311",,yeaQ,Gene,,,,,yeaQ,protein_coding,ECK1793,b1795,,,,,,,,,,
NC_000913.3,RefSeq,gene,1879403,1879585,,-,,183,gene-b1796,"ECOCYC:G6982,GeneID:946314",,yoaG,Gene,,,,,yoaG,protein_coding,ECK1794,b1796,,,,,,,,,,
NC_000913.3,RefSeq,gene,1879589,1879948,,-,,360,gene-b1797,"ECOCYC:G6983,GeneID:946317",,yeaR,Gene,,,,,yeaR,protein_coding,ECK1795,b1797,,,,,,,,,,
NC_000913.3,RefSeq,gene,1880121,1880759,,-,,639,gene-b1798,"ECOCYC:G6984,GeneID:946157",,leuE,Gene,,,,,leuE,protein_coding,"ECK1796,yeaS",b1798,,,,,,,,,,
NC_000913.3,RefSeq,gene,1880886,1881809,,-,,924,gene-b1799,"ECOCYC:G6985,GeneID:946316",,dmlR,Gene,,,,,dmlR,protein_coding,"ECK1797,yeaT",b1799,,,,,,,,,,
NC_000913.3,RefSeq,gene,1881912,1882997,,+,,1086,gene-b1800,"ECOCYC:G6986,GeneID:946319",,dmlA,Gene,,,,,dmlA,protein_coding,"ECK1798,ttuC,yeaU",b1800,,,,,,,,,,
NC_000913.3,RefSeq,gene,1883188,1884633,,+,,1446,gene-b1801,"ECOCYC:G6987,GeneID:947326",,yeaV,Gene,,,,,yeaV,protein_coding,ECK1799,b1801,,,,,,,,,,
NC_000913.3,RefSeq,gene,1884665,1885789,,+,,1125,gene-b1802,"ECOCYC:G6988,GeneID:946325",,yeaW,Gene,,,,,yeaW,protein_coding,ECK1800,b1802,,,,,,,,,,
NC_000913.3,RefSeq,gene,1885845,1886810,,+,,966,gene-b1803,"ECOCYC:G6989,GeneID:946329",,yeaX,Gene,,,,,yeaX,protein_coding,ECK1801,b1803,,,,,,,,,,
NC_000913.3,RefSeq,gene,1886864,1887991,,-,,1128,gene-b1804,"ECOCYC:EG10858,GeneID:946328",,rnd,Gene,,,,,rnd,protein_coding,ECK1802,b1804,,,,,,,,,,
NC_000913.3,RefSeq,gene,1888061,1889746,,-,,1686,gene-b1805,"ECOCYC:EG11530,GeneID:946327",,fadD,Gene,,,,,fadD,protein_coding,"ECK1803,oldD",b1805,,,,,,,,,,
NC_000913.3,RefSeq,gene,1889951,1890532,,-,,582,gene-b1806,"ECOCYC:G6990,GeneID:946312",,yeaY,Gene,,,,,yeaY,protein_coding,ECK1804,b1806,,,,,,,,,,
NC_000913.3,RefSeq,gene,1890572,1891267,,-,,696,gene-b1807,"ECOCYC:G6991,GeneID:946304",,tsaB,Gene,,,,,tsaB,protein_coding,"ECK1805,yeaZ",b1807,,,,,,,,,,
NC_000913.3,RefSeq,gene,1891325,1893235,,-,,1911,gene-b1808,"ECOCYC:G6992,GeneID:946305",,yoaA,Gene,,,,,yoaA,protein_coding,ECK1806,b1808,,,,,,,,,,
NC_000913.3,RefSeq,gene,1893367,1893711,,+,,345,gene-b1809,"ECOCYC:G6993,GeneID:946357",,yoaB,Gene,,,,,yoaB,protein_coding,ECK1807,b1809,,,,,,,,,,
NC_000913.3,RefSeq,gene,1894133,1894432,,+,,300,gene-b1810,"ECOCYC:G6994,GeneID:946308",,yoaC,Gene,,,,,yoaC,protein_coding,ECK1808,b1810,,,,,,,,,,
NC_000913.3,RefSeq,gene,1894552,1894731,,-,,180,gene-b1811,"ECOCYC:G6995,GeneID:946346",,yoaH,Gene,,,,,yoaH,protein_coding,ECK1809,b1811,,,,,,,,,,
NC_000913.3,RefSeq,gene,1894805,1896166,,+,,1362,gene-b1812,"ECOCYC:EG10683,GeneID:946337",,pabB,Gene,,,,,pabB,protein_coding,ECK1810,b1812,,,,,,,,,,
NC_000913.3,RefSeq,gene,1896170,1896748,,+,,579,gene-b1813,"ECOCYC:EG12693,GeneID:946330",,nudL,Gene,,,,,nudL,protein_coding,"ECK1811,yeaB",b1813,,,,,,,,,,
NC_000913.3,RefSeq,gene,1896932,1898296,,+,,1365,gene-b1814,"ECOCYC:EG10930,GeneID:946331",,sdaA,Gene,,,,,sdaA,protein_coding,ECK1812,b1814,,,,,,,,,,
NC_000913.3,RefSeq,gene,1898427,1900025,,+,,1599,gene-b1815,"ECOCYC:G6996,GeneID:946336",,pdeD,Gene,,,,,pdeD,protein_coding,"ECK1813,yoaD",b1815,,,,,,,,,,
NC_000913.3,RefSeq,gene,1900029,1901585,,-,,1557,gene-b1816,"ECOCYC:G6997,GeneID:946335",,yoaE,Gene,,,,,yoaE,protein_coding,ECK1814,b1816,,,,,,,,,,
NC_000913.3,RefSeq,gene,1901573,1901731,,-,,159,gene-b4751,"ECOCYC:G0-16745,GeneID:38094965",,yoaL,Gene,,,,,yoaL,protein_coding,ECK4608,b4751,,,,,,,,,,
NC_000913.3,RefSeq,gene,1902048,1903019,,+,,972,gene-b1817,"ECOCYC:EG10567,GeneID:946334",,manX,Gene,,,,,manX,protein_coding,"ECK1815,gptB,mpt,ptsL,ptsX",b1817,,,,,,,,,,
NC_000913.3,RefSeq,gene,1903082,1903882,,+,,801,gene-b1818,"ECOCYC:EG10568,GeneID:946332",,manY,Gene,,,,,manY,protein_coding,"ECK1816,pel,ptsP,ptsX",b1818,,,,,,,,,,
NC_000913.3,RefSeq,gene,1903895,1904746,,+,,852,gene-b1819,"ECOCYC:EG10569,GeneID:946342",,manZ,Gene,,,,,manZ,protein_coding,"ECK1817,gptB,mpt,ptsM,ptsX",b1819,,,,,,,,,,
NC_000913.3,RefSeq,gene,1904801,1905259,,+,,459,gene-b1820,"ECOCYC:G6998,GeneID:946343",,yobD,Gene,,,,,yobD,protein_coding,ECK1818,b1820,,,,,,,,,,
NC_000913.3,RefSeq,gene,1905688,1906254,,+,,567,gene-b1821,"ECOCYC:G6999,GeneID:946341",,mntP,Gene,,,,,mntP,protein_coding,"ECK1819,yebN",b1821,,,,,,,,,,
NC_000913.3,RefSeq,gene,1906251,1907060,,-,,810,gene-b1822,"ECOCYC:EG12207,GeneID:946340",,rlmA,Gene,,,,,rlmA,protein_coding,"ECK1820,rrmA,yebH",b1822,,,,,,,,,,
NC_000913.3,RefSeq,gene,1907226,1907435,,-,,210,gene-b1823,"ECOCYC:EG12204,GeneID:946339",,cspC,Gene,,,,,cspC,protein_coding,"ECK1821,msmB",b1823,,,,,,,,,,
NC_000913.3,RefSeq,gene,1907448,1907591,,-,,144,gene-b1824,"ECOCYC:G7000,GeneID:946338",,yobF,Gene,,,,,yobF,protein_coding,ECK1822,b1824,,,,,,,,,,
NC_000913.3,RefSeq,gene,1908261,1908548,,-,,288,gene-b1825,"ECOCYC:G7001,GeneID:946350",,yebO,Gene,,,,,yebO,protein_coding,ECK1823,b1825,,,,,,,,,,
NC_000913.3,RefSeq,gene,1908623,1908766,,-,,144,gene-b1826,"ECOCYC:G7002,GeneID:946351",,mgrB,Gene,,,,,mgrB,protein_coding,"ECK1824,yobG",b1826,,,,,,,,,,
NC_000913.3,RefSeq,gene,1908925,1909164,,+,,240,gene-b4536,"ECOCYC:G0-10454,GeneID:1450271",,yobH,Gene,,,,,yobH,protein_coding,ECK1825,b4536,,,,,,,,,,
NC_000913.3,RefSeq,gene,1909308,1910099,,-,,792,gene-b1827,"ECOCYC:G7003,GeneID:946129",,kdgR,Gene,,,,,kdgR,protein_coding,"ECK1826,yebP",b1827,,,,,,,,,,
NC_000913.3,RefSeq,gene,1910276,1911649,,+,,1374,gene-b1828,"ECOCYC:G7004,GeneID:946048",,yebQ,Gene,,,,,yebQ,protein_coding,ECK1827,b1828,,,,,,,,,,
NC_000913.3,RefSeq,gene,1911695,1912576,,-,,882,gene-b1829,"ECOCYC:EG10462,GeneID:946076",,htpX,Gene,,,,,htpX,protein_coding,ECK1828,b1829,,,,,,,,,,
NC_000913.3,RefSeq,gene,1912768,1914816,,-,,2049,gene-b1830,"ECOCYC:EG10760,GeneID:946096",,prc,Gene,,,,,prc,protein_coding,"ECK1829,tsp",b1830,,,,,,,,,,
NC_000913.3,RefSeq,gene,1914836,1915534,,-,,699,gene-b1831,"ECOCYC:EG12866,GeneID:948950",,proQ,Gene,,,,,proQ,protein_coding,"ECK1830,yebJ,yobE,yoeC",b1831,,,,,,,,,,
NC_000913.3,RefSeq,gene,1915631,1916128,,-,,498,gene-b1832,"ECOCYC:G7005,GeneID:946086",,msrC,Gene,,,,,msrC,protein_coding,"ECK1831,yebR",b1832,,,,,,,,,,
NC_000913.3,RefSeq,gene,1916258,1917541,,+,,1284,gene-b1833,"ECOCYC:G7006,GeneID:946353",,letA,Gene,,,,,letA,protein_coding,"ECK1832,yebS",b1833,,,,,,,,,,
NC_000913.3,RefSeq,gene,1917510,1920143,,+,,2634,gene-b1834,"ECOCYC:G7007,GeneID:946352",,letB,Gene,,,,,letB,protein_coding,"ECK1833,yebT",b1834,,,,,,,,,,
NC_000913.3,RefSeq,gene,1920223,1921662,,+,,1440,gene-b1835,"ECOCYC:G7008,GeneID:946348",,rsmF,Gene,,,,,rsmF,protein_coding,"ECK1834,yebU",b1835,,,,,,,,,,
NC_000913.3,RefSeq,gene,1921780,1922016,,+,,237,gene-b1836,"ECOCYC:G7009,GeneID:946347",,yebV,Gene,,,,,yebV,protein_coding,ECK1835,b1836,,,,,,,,,,
NC_000913.3,RefSeq,gene,1922121,1922312,,+,,192,gene-b1837,"ECOCYC:G7010,GeneID:946354",,yebW,Gene,,,,,yebW,protein_coding,ECK1836,b1837,,,,,,,,,,
NC_000913.3,RefSeq,gene,1922313,1922969,,-,,657,gene-b1838,"ECOCYC:G7011,GeneID:946356",,pphA,Gene,,,,,pphA,protein_coding,"ECK1837,prpA,yebX",b1838,,,,,,,,,,
NC_000913.3,RefSeq,gene,1923066,1923337,,+,,272,gene-b4432,"ECOCYC:G0-8865,GeneID:2847771",,ryeA,Gene,,,,,ryeA,ncRNA,"ECK1838,IS091,psrA8,sraC,tkpe79",b4432,,,,,,,,,,
NC_000913.3,RefSeq,gene,1923104,1923207,,-,,104,gene-b4433,"ECOCYC:G0-8883,GeneID:2847772",,sdsR,Gene,,,,,sdsR,ncRNA,"ECK1839,ryeB,tkpe79",b4433,,,,,,,,,,
NC_000913.3,RefSeq,gene,1923365,1923706,,-,,342,gene-b1839,"ECOCYC:G7012,GeneID:947014",,yebY,Gene,,,,,yebY,protein_coding,ECK1840,b1839,,,,,,,,,,
NC_000913.3,RefSeq,gene,1923719,1924591,,-,,873,gene-b1840,"ECOCYC:G7013,GeneID:947078",,yebZ,Gene,,,,,yebZ,protein_coding,ECK1841,b1840,,,,,,,,,,
NC_000913.3,RefSeq,gene,1924595,1924969,,-,,375,gene-b1841,"ECOCYC:G7014,GeneID:948315",,yobA,Gene,,,,,yobA,protein_coding,ECK1842,b1841,,,,,,,,,,
NC_000913.3,RefSeq,gene,1925108,1925338,,+,,231,gene-b1842,"ECOCYC:EG11505,GeneID:947471",,holE,Gene,,,,,holE,protein_coding,ECK1843,b1842,,,,,,,,,,
NC_000913.3,RefSeq,gene,1925440,1926096,,+,,657,gene-b1843,"ECOCYC:G7015,GeneID:948329",,yobB,Gene,,,,,yobB,protein_coding,ECK1844,b1843,,,,,,,,,,
NC_000913.3,RefSeq,gene,1926120,1926782,,+,,663,gene-b1844,"ECOCYC:G7016,GeneID:946361",,exoX,Gene,,,,,exoX,protein_coding,"ECK1845,yobC",b1844,,,,,,,,,,
NC_000913.3,RefSeq,gene,1926779,1928839,,-,,2061,gene-b1845,"ECOCYC:EG11004,GeneID:946358",,ptrB,Gene,,,,,ptrB,protein_coding,"ECK1846,tlp",b1845,,,,,,,,,,
NC_000913.3,RefSeq,gene,1929048,1929707,,-,,660,gene-b1846,"ECOCYC:EG11806,GeneID:946355",,yebE,Gene,,,,,yebE,protein_coding,ECK1847,b1846,,,,,,,,,,
NC_000913.3,RefSeq,gene,1930034,1930390,,-,,357,gene-b1847,"ECOCYC:EG11807,GeneID:946363",,yebF,Gene,,,,,yebF,protein_coding,ECK1848,b1847,,,,,,,,,,
NC_000913.3,RefSeq,gene,1930457,1930747,,-,,291,gene-b1848,"ECOCYC:EG11808,GeneID:946364",,yebG,Gene,,,,,yebG,protein_coding,ECK1849,b1848,,,,,,,,,,
NC_000913.3,RefSeq,gene,1930881,1932059,,+,,1179,gene-b1849,"ECOCYC:EG11809,GeneID:946368",,purT,Gene,,,,,purT,protein_coding,ECK1850,b1849,,,,,,,,,,
NC_000913.3,RefSeq,gene,1932115,1932756,,-,,642,gene-b1850,"ECOCYC:EG10256,GeneID:946367",,eda,Gene,,,,,eda,protein_coding,"ECK1851,hga,kdgA,kga",b1850,,,,,,,,,,
NC_000913.3,RefSeq,gene,1932793,1934604,,-,,1812,gene-b1851,"ECOCYC:EG10257,GeneID:946362",,edd,Gene,,,,,edd,protein_coding,ECK1852,b1851,,,,,,,,,,
NC_000913.3,RefSeq,gene,1934839,1936314,,-,,1476,gene-b1852,"ECOCYC:EG11221,GeneID:946370",,zwf,Gene,,,,,zwf,protein_coding,ECK1853,b1852,,,,,,,,,,
NC_000913.3,RefSeq,gene,1936652,1937521,,+,,870,gene-b1853,"ECOCYC:EG12860,GeneID:946373",,yebK,Gene,,,,,yebK,protein_coding,"ECK1854,hexR(P.a.)",b1853,,,,,,,,,,
NC_000913.3,RefSeq,gene,1937649,1939091,,+,,1443,gene-b1854,"ECOCYC:EG10803,GeneID:946527",,pykA,Gene,,,,,pykA,protein_coding,ECK1855,b1854,,,,,,,,,,
NC_000913.3,RefSeq,gene,1939222,1940193,,-,,972,gene-b1855,"ECOCYC:EG10614,GeneID:945143",,lpxM,Gene,,,,,lpxM,protein_coding,"ECK1856,mlt,msbB,waaN",b1855,,,,,,,,,,
NC_000913.3,RefSeq,gene,1940313,1941635,,-,,1323,gene-b1856,"ECOCYC:EG10013,GeneID:946376",,mepM,Gene,,,,,mepM,protein_coding,"ECK1857,yebA",b1856,,,,,,,,,,
NC_000913.3,RefSeq,gene,1941651,1942583,,-,,933,gene-b1857,"ECOCYC:G7017,GeneID:946375",,znuA,Gene,,,,,znuA,protein_coding,"ECK1858,yebL,yzzP",b1857,,,,,,,,,,
NC_000913.3,RefSeq,gene,1942662,1943417,,+,,756,gene-b1858,"ECOCYC:G7018,GeneID:946374",,znuC,Gene,,,,,znuC,protein_coding,"ECK1859,yebM",b1858,,,,,,,,,,
NC_000913.3,RefSeq,gene,1943414,1944199,,+,,786,gene-b1859,"ECOCYC:EG12368,GeneID:946372",,znuB,Gene,,,,,znuB,protein_coding,"ECK1860,yebI",b1859,,,,,,,,,,
NC_000913.3,RefSeq,gene,1944346,1945356,,-,,1011,gene-b1860,"ECOCYC:RUVB,GeneID:946371",,ruvB,Gene,,,,,ruvB,protein_coding,ECK1861,b1860,,,,,,,,,,
NC_000913.3,RefSeq,gene,1945365,1945976,,-,,612,gene-b1861,"ECOCYC:RUVA,GeneID:946369",,ruvA,Gene,,,,,ruvA,protein_coding,ECK1862,b1861,,,,,,,,,,
NC_000913.3,RefSeq,gene,1946115,1946180,,-,,66,gene-b4677,"ECOCYC:G0-10644,GeneID:7751641",,yobI,Gene,,,,,yobI,protein_coding,ECK4492,b4677,,,,,,,,,,
NC_000913.3,RefSeq,gene,1946251,1946853,,+,,603,gene-b1862,"ECOCYC:EG11136,GeneID:946377",,yebB,Gene,,,,,yebB,protein_coding,ECK1863,b1862,,,,,,,,,,
NC_000913.3,RefSeq,gene,1946855,1947376,,-,,522,gene-b1863,"ECOCYC:EG10925,GeneID:946378",,ruvC,Gene,,,,,ruvC,protein_coding,ECK1864,b1863,,,,,,,,,,
NC_000913.3,RefSeq,gene,1947411,1948151,,-,,741,gene-b1864,"ECOCYC:EG11137,GeneID:946379",,yebC,Gene,,,,,yebC,protein_coding,ECK1865,b1864,,,,,,,,,,
NC_000913.3,RefSeq,gene,1948180,1948632,,-,,453,gene-b1865,"ECOCYC:EG11138,GeneID:946383",,nudB,Gene,,,,,nudB,protein_coding,"ECK1866,ntpA,yebD",b1865,,,,,,,,,,
NC_000913.3,RefSeq,gene,1948750,1950522,,-,,1773,gene-b1866,"ECOCYC:EG10097,GeneID:946385",,aspS,Gene,,,,,aspS,protein_coding,"ECK1867,tls",b1866,,,,,,,,,,
NC_000913.3,RefSeq,gene,1950832,1951398,,+,,567,gene-b1867,"ECOCYC:EG12378,GeneID:946384",,yecD,Gene,,,,,yecD,protein_coding,ECK1868,b1867,,,,,,,,,,
NC_000913.3,RefSeq,gene,1951395,1952213,,+,,819,gene-b1868,"ECOCYC:EG12379,GeneID:946382",,yecE,Gene,,,,,yecE,protein_coding,ECK1869,b1868,,,,,,,,,,
NC_000913.3,RefSeq,gene,1952266,1952661,,+,,396,gene-b1869,"ECOCYC:G7019,GeneID:946381",,yecN,Gene,,,,,yecN,protein_coding,ECK1870,b1869,,,,,,,,,,
NC_000913.3,RefSeq,gene,1952702,1953445,,+,,744,gene-b1870,"ECOCYC:G7020,GeneID:946380",,cmoA,Gene,,,,,cmoA,protein_coding,"ECK1871,yecO",b1870,,,,,,,,,,
NC_000913.3,RefSeq,gene,1953442,1954413,,+,,972,gene-b1871,"ECOCYC:G7021,GeneID:946387",,cmoB,Gene,,,,,cmoB,protein_coding,"ECK1872,yecP",b1871,,,,,,,,,,
NC_000913.3,RefSeq,gene,1954578,1957007,,-,,2430,gene-b1872,"ECOCYC:G7022,GeneID:946389",,torZ,Gene,,,,,torZ,protein_coding,"bisZ,ECK1873",b1872,,,,,,,,,,
NC_000913.3,RefSeq,gene,1957032,1958132,,-,,1101,gene-b1873,"ECOCYC:G7023,GeneID:946490",,torY,Gene,,,,,torY,protein_coding,"ECK1874,yecK",b1873,,,,,,,,,,
NC_000913.3,RefSeq,gene,1958441,1958747,,-,,307,gene-b4717,"ECOCYC:G0-16601,GeneID:38094966",,micL,Gene,,,,,micL,ncRNA,"ECK4574,ryeF,slrA",b4717,,,,,,,,,,
NC_000913.3,RefSeq,gene,1958520,1959266,,-,,747,gene-b1874,"ECOCYC:G7024,GeneID:2847756",,cutC,Gene,,,,,cutC,protein_coding,ECK1875,b1874,,,,,,,,,,
NC_000913.3,RefSeq,gene,1959280,1959846,,-,,567,gene-b1875,"ECOCYC:G7025,GeneID:946415",,yecM,Gene,,,,,yecM,protein_coding,"ECK1876,yecL",b1875,,,,,,,,,,
NC_000913.3,RefSeq,gene,1960062,1961795,,+,,1734,gene-b1876,"ECOCYC:EG10071,GeneID:946452",,argS,Gene,,,,,argS,protein_coding,"ECK1877,lov,lov-1",b1876,,,,,,,,,,
NC_000913.3,RefSeq,gene,1961837,1961881,,-,,45,gene-b4778,"ECOCYC:G0-17024,GeneID:63925639",,yecV,Gene,,,,,yecV,protein_coding,ECK4635,b4778,,,,,,,,,,
NC_000913.3,RefSeq,gene,1961972,1962460,,+,,489,gene-b1877,"ECOCYC:G7026,GeneID:946511",,yecT,Gene,,,,,yecT,protein_coding,ECK1878,b1877,,,,,,,,,,
NC_000913.3,RefSeq,gene,1962580,1962972,,-,,393,gene-b1878,"ECOCYC:G7027,GeneID:946094",,flhE,Gene,,,,,flhE,protein_coding,ECK1879,b1878,,,,,,,,,,
NC_000913.3,RefSeq,gene,1962972,1965050,,-,,2079,gene-b1879,"ECOCYC:G370,GeneID:946390",,flhA,Gene,,,,,flhA,protein_coding,"ECK1880,flaH",b1879,,,,,,,,,,
NC_000913.3,RefSeq,gene,1965043,1966191,,-,,1149,gene-b1880,"ECOCYC:G7028,GeneID:946391",,flhB,Gene,,,,,flhB,protein_coding,"ECK1881,flaG,yecQ",b1880,,,,,,,,,,
NC_000913.3,RefSeq,gene,1966393,1967037,,-,,645,gene-b1881,"ECOCYC:EG10151,GeneID:946392",,cheZ,Gene,,,,,cheZ,protein_coding,ECK1882,b1881,,,,,,,,,,
NC_000913.3,RefSeq,gene,1967048,1967437,,-,,390,gene-b1882,"ECOCYC:EG10150,GeneID:946393",,cheY,Gene,,,,,cheY,protein_coding,ECK1883,b1882,,,,,,,,,,
NC_000913.3,RefSeq,gene,1967452,1968501,,-,,1050,gene-b1883,"ECOCYC:EG10147,GeneID:946394",,cheB,Gene,,,,,cheB,protein_coding,ECK1884,b1883,,,,,,,,,,
NC_000913.3,RefSeq,gene,1968504,1969364,,-,,861,gene-b1884,"ECOCYC:EG10148,GeneID:946396",,cheR,Gene,,,,,cheR,protein_coding,"cheX,ECK1885",b1884,,,,,,,,,,
NC_000913.3,RefSeq,gene,1969383,1970984,,-,,1602,gene-b1885,"ECOCYC:EG10987,GeneID:946397",,tap,Gene,,,,,tap,protein_coding,ECK1886,b1885,,,,,,,,,,
NC_000913.3,RefSeq,gene,1971030,1972691,,-,,1662,gene-b1886,"ECOCYC:EG10988,GeneID:946399",,tar,Gene,,,,,tar,protein_coding,"cheM,ECK1887",b1886,,,,,,,,,,
NC_000913.3,RefSeq,gene,1972836,1973339,,-,,504,gene-b1887,"ECOCYC:EG10149,GeneID:946400",,cheW,Gene,,,,,cheW,protein_coding,ECK1888,b1887,,,,,,,,,,
NC_000913.3,RefSeq,gene,1973360,1975324,,-,,1965,gene-b1888,"ECOCYC:EG10146,GeneID:946401",,cheA,Gene,,,,,cheA,protein_coding,ECK1889,b1888,,,,,,,,,,
NC_000913.3,RefSeq,gene,1975329,1976255,,-,,927,gene-b1889,"ECOCYC:EG10602,GeneID:946402",,motB,Gene,,,,,motB,protein_coding,"ECK1890,flaJ",b1889,,,,,,,,,,
NC_000913.3,RefSeq,gene,1976252,1977139,,-,,888,gene-b1890,"ECOCYC:EG10601,GeneID:947564",,motA,Gene,,,,,motA,protein_coding,"ECK1891,flaJ",b1890,,,,,,,,,,
NC_000913.3,RefSeq,gene,1977208,1977302,,-,,95,gene-b4828,"ECOCYC:G0-17103,GeneID:71004565",,motR,Gene,,,,,motR,ncRNA,ECK4685,b4828,,,,,,,,,,
NC_000913.3,RefSeq,gene,1977266,1977844,,-,,579,gene-b1891,"ECOCYC:EG10319,GeneID:947280",,flhC,Gene,,,,,flhC,protein_coding,"ECK1892,flaI",b1891,,,,,,,,,,
NC_000913.3,RefSeq,gene,1977847,1978197,,-,,351,gene-b1892,"ECOCYC:EG10320,GeneID:945442",,flhD,Gene,,,,,flhD,protein_coding,"ECK1893,flbB",b1892,,,,,,,,,,
NC_000913.3,RefSeq,gene,1978176,1978395,,+,,220,gene-b4839,"ECOCYC:G0-17119,GeneID:302211665",,asflhD,Gene,,,,,asflhD,ncRNA,ECK4696,b4839,,,,,,,,,,
NC_000913.3,RefSeq,gene,1978518,1979021,,-,,504,gene-b1893,"ECOCYC:G7029,GeneID:945867",,insB5,Gene,,,,,insB5,protein_coding,ECK0022,b1893,,,,,,,,,,
NC_000913.3,RefSeq,gene,1978940,1979215,,-,,276,gene-b1894,"ECOCYC:G7030,GeneID:945800",,insA5,Gene,,,,,insA5,protein_coding,ECK0023,b1894,,,,,,,,,,
NC_000913.3,RefSeq,gene,1979753,1980181,,+,,429,gene-b1895,"ECOCYC:G7031,GeneID:946404",,uspC,Gene,,,,,uspC,protein_coding,"ECK1894,yecG",b1895,,,,,,,,,,
NC_000913.3,RefSeq,gene,1980188,1981612,,-,,1425,gene-b1896,"ECOCYC:EG11751,GeneID:946405",,otsA,Gene,,,,,otsA,protein_coding,ECK1895,b1896,,,,,,,,,,
NC_000913.3,RefSeq,gene,1981587,1982387,,-,,801,gene-b1897,"ECOCYC:EG11752,GeneID:946406",,otsB,Gene,,,,,otsB,protein_coding,"ECK1896,otsP",b1897,,,,,,,,,,
NC_000913.3,RefSeq,gene,1982554,1983540,,-,,987,gene-b4460,"ECOCYC:EG10059,GeneID:948923",,araH,Gene,,,,,araH,protein_coding,"b1898,b1899,ECK1897",b4460,,,,,,,,,,
NC_000913.3,RefSeq,gene,1983555,1985069,,-,,1515,gene-b1900,"ECOCYC:EG10058,GeneID:946408",,araG,Gene,,,,,araG,protein_coding,ECK1898,b1900,,,,,,,,,,
NC_000913.3,RefSeq,gene,1985139,1986128,,-,,990,gene-b1901,"ECOCYC:EG10057,GeneID:946409",,araF,Gene,,,,,araF,protein_coding,ECK1899,b1901,,,,,,,,,,
NC_000913.3,RefSeq,gene,1986925,1987428,,+,,504,gene-b1902,"ECOCYC:G7033,GeneID:946407",,ftnB,Gene,,,,,ftnB,protein_coding,"ECK1900,yecI",b1902,,,,,,,,,,
NC_000913.3,RefSeq,gene,1987507,1987758,,-,,252,gene-b4537,"ECOCYC:G0-10455,GeneID:946388",,yecJ,Gene,,,,,yecJ,protein_coding,ECK1901,b4537,,,,,,,,,,
NC_000913.3,RefSeq,gene,1987843,1988001,,-,,159,gene-b4434,"ECOCYC:G0-17112,GeneID:2847689",,azuR,Gene,,,,,azuR,ncRNA,"ECK1902,G0-8904,IS092,isrB",b4434,,,,,,,,,,
NC_000913.3,RefSeq,gene,1987873,1987959,,-,,87,gene-b4663,"ECOCYC:G0-10653,GeneID:7751642",,azuC,Gene,,,,,azuC,protein_coding,ECK4478,b4663,,,,,,,,,,
NC_000913.3,RefSeq,gene,1988222,1988545,,+,,324,gene-b1904,"ECOCYC:G7035,GeneID:946386",,yecR,Gene,,,,,yecR,protein_coding,ECK1903,b1904,,,,,,,,,,
NC_000913.3,RefSeq,gene,1988716,1989213,,+,,498,gene-b1905,"ECOCYC:EG10921,GeneID:946410",,ftnA,Gene,,,,,ftnA,protein_coding,"ECK1904,ftn,gen-165,rsgA",b1905,,,,,,,,,,
NC_000913.3,RefSeq,gene,1989251,1989490,,-,,240,gene-b1906,"ECOCYC:G7036,GeneID:946411",,yecH,Gene,,,,,yecH,protein_coding,ECK1905,b1906,,,,,,,,,,
NC_000913.3,RefSeq,gene,1989681,1990892,,+,,1212,gene-b1907,"ECOCYC:EG11041,GeneID:946412",,tyrP,Gene,,,,,tyrP,protein_coding,ECK1906,b1907,,,,,,,,,,
NC_000913.3,RefSeq,gene,1990954,1991619,,-,,666,gene-b1908,"ECOCYC:EG11139,GeneID:945061",,yecA,Gene,,,,,yecA,protein_coding,ECK1907,b1908,,,,,,,,,,
NC_000913.3,RefSeq,gene,1991748,1991814,,-,,67,gene-b4759,"ECOCYC:G0-16636,GeneID:63925640",,3'ETS-leuZ,Gene,,,,,3'ETS-leuZ,ncRNA,ECK4616,b4759,,,,,,,,,,
NC_000913.3,RefSeq,gene,1991815,1991901,,-,,87,gene-b1909,"ECOCYC:EG30054,GeneID:945662",,leuZ,Gene,,,,,leuZ,tRNA,ECK1908,b1909,,,,,,,,,,
NC_000913.3,RefSeq,gene,1991914,1991987,,-,,74,gene-b1910,"ECOCYC:G7991,GeneID:946414",,cysT,Gene,,,,,cysT,tRNA,ECK1909,b1910,,,,,,,,,,
NC_000913.3,RefSeq,gene,1992042,1992117,,-,,76,gene-b1911,"ECOCYC:EG30039,GeneID:946416",,glyW,Gene,,,,,glyW,tRNA,"ECK1910,ins,mutC,suA58,suA78",b1911,,,,,,,,,,
NC_000913.3,RefSeq,gene,1992269,1992817,,-,,549,gene-b1912,"ECOCYC:EG10706,GeneID:945791",,pgsA,Gene,,,,,pgsA,protein_coding,ECK1911,b1912,,,,,,,,,,
NC_000913.3,RefSeq,gene,1992874,1994706,,-,,1833,gene-b1913,"ECOCYC:EG11063,GeneID:947203",,uvrC,Gene,,,,,uvrC,protein_coding,ECK1912,b1913,,,,,,,,,,
NC_000913.3,RefSeq,gene,1994703,1995359,,-,,657,gene-b1914,"ECOCYC:EG11140,GeneID:946424",,uvrY,Gene,,,,,uvrY,protein_coding,"ECK1913,yecB",b1914,,,,,,,,,,
NC_000913.3,RefSeq,gene,1995655,1995831,,+,,177,gene-b4752,"ECOCYC:G0-16746,GeneID:38094967",,yecU,Gene,,,,,yecU,protein_coding,ECK4609,b4752,,,,,,,,,,
NC_000913.3,RefSeq,gene,1995818,1996042,,+,,225,gene-b1915,"ECOCYC:EG12861,GeneID:946420",,yecF,Gene,,,,,yecF,protein_coding,ECK1914,b1915,,,,,,,,,,
NC_000913.3,RefSeq,gene,1996110,1996832,,-,,723,gene-b1916,"ECOCYC:EG10935,GeneID:946421",,sdiA,Gene,,,,,sdiA,protein_coding,ECK1915,b1916,,,,,,,,,,
NC_000913.3,RefSeq,gene,1996921,1997057,,+,,137,gene-b4719,"ECOCYC:G0-10699,GeneID:38094968",,sdsN,Gene,,,,,sdsN,ncRNA,ECK4576,b4719,,,,,,,,,,
NC_000913.3,RefSeq,gene,1997062,1997814,,-,,753,gene-b1917,"ECOCYC:EG12347,GeneID:946422",,tcyN,Gene,,,,,tcyN,protein_coding,"ECK1916,yecC",b1917,,,,,,,,,,
NC_000913.3,RefSeq,gene,1997811,1998479,,-,,669,gene-b1918,"ECOCYC:G7037,GeneID:949105",,tcyL,Gene,,,,,tcyL,protein_coding,"ECK1917,yecS",b1918,,,,,,,,,,
NC_000913.3,RefSeq,gene,1998494,1999480,,-,,987,gene-b1919,"ECOCYC:G7038,GeneID:946831",,dcyD,Gene,,,,,dcyD,protein_coding,"ECK1918,yedO",b1919,,,,,,,,,,
NC_000913.3,RefSeq,gene,1999585,2000385,,-,,801,gene-b1920,"ECOCYC:G7039,GeneID:948833",,tcyJ,Gene,,,,,tcyJ,protein_coding,"ECK1919,fliY,ssi7,yzzR",b1920,,,,,,,,,,
NC_000913.3,RefSeq,gene,2000473,2001024,,-,,552,gene-b1921,"ECOCYC:EG11356,GeneID:946833",,fliZ,Gene,,,,,fliZ,protein_coding,"ECK1920,yedH",b1921,,,,,,,,,,
NC_000913.3,RefSeq,gene,2001070,2001789,,-,,720,gene-b1922,"ECOCYC:EG11355,GeneID:948824",,fliA,Gene,,,,,fliA,protein_coding,"ECK1921,flaD,rpoF",b1922,,,,,,,,,,
NC_000913.3,RefSeq,gene,2001912,2002106,,-,,195,gene-b4827,"ECOCYC:G0-17102,GeneID:71004566",,fliX,Gene,,,,,fliX,ncRNA,ECK4684,b4827,,,,,,,,,,
NC_000913.3,RefSeq,gene,2002110,2003606,,-,,1497,gene-b1923,"ECOCYC:EG10321,GeneID:949101",,fliC,Gene,,,,,fliC,protein_coding,"ECK1922,flaF,H,hag",b1923,,,,,,,,,,
NC_000913.3,RefSeq,gene,2003872,2005278,,+,,1407,gene-b1924,"ECOCYC:EG10841,GeneID:946428",,fliD,Gene,,,,,fliD,protein_coding,"ECK1923,flbC,rfs",b1924,,,,,,,,,,
NC_000913.3,RefSeq,gene,2005303,2005713,,+,,411,gene-b1925,"ECOCYC:EG11388,GeneID:946429",,fliS,Gene,,,,,fliS,protein_coding,ECK1924,b1925,,,,,,,,,,
NC_000913.3,RefSeq,gene,2005713,2006078,,+,,366,gene-b1926,"ECOCYC:EG11389,GeneID:946433",,fliT,Gene,,,,,fliT,protein_coding,ECK1925,b1926,,,,,,,,,,
NC_000913.3,RefSeq,gene,2006156,2007643,,+,,1488,gene-b1927,"ECOCYC:EG11387,GeneID:946434",,amyA,Gene,,,,,amyA,protein_coding,"ECK1926,yedC",b1927,,,,,,,,,,
NC_000913.3,RefSeq,gene,2007677,2008090,,-,,414,gene-b1928,"ECOCYC:EG11659,GeneID:949082",,yedD,Gene,,,,,yedD,protein_coding,ECK1927,b1928,,,,,,,,,,
NC_000913.3,RefSeq,gene,2008277,2009482,,+,,1206,gene-b1929,"ECOCYC:EG11660,GeneID:945192",,yedE,Gene,,,,,yedE,protein_coding,ECK1928,b1929,,,,,,,,,,
NC_000913.3,RefSeq,gene,2009479,2009712,,+,,234,gene-b1930,"ECOCYC:EG11661,GeneID:946909",,yedF,Gene,,,,,yedF,protein_coding,ECK1929,b1930,,,,,,,,,,
NC_000913.3,RefSeq,gene,2009821,2010489,,+,,669,gene-b1931,"ECOCYC:EG11662,GeneID:946435",,yedK,Gene,,,,,yedK,protein_coding,"ECK1930,yedG",b1931,,,,,,,,,,
NC_000913.3,RefSeq,gene,2010600,2011079,,+,,480,gene-b1932,"ECOCYC:G7040,GeneID:946437",,yedL,Gene,,,,,yedL,protein_coding,ECK1931,b1932,,,,,,,,,,
NC_000913.3,RefSeq,gene,2012700,2013014,,-,,315,gene-b1937,"ECOCYC:EG11346,GeneID:946446",,fliE,Gene,,,,,fliE,protein_coding,"ECK1935,fla,flaAI,flaN",b1937,,,,,,,,,,
NC_000913.3,RefSeq,gene,2013229,2014887,,+,,1659,gene-b1938,"ECOCYC:EG11347,GeneID:946448",,fliF,Gene,,,,,fliF,protein_coding,"ECK1936,flaAII.1,flaBI",b1938,,,,,,,,,,
NC_000913.3,RefSeq,gene,2014880,2015875,,+,,996,gene-b1939,"ECOCYC:EG11654,GeneID:946451",,fliG,Gene,,,,,fliG,protein_coding,"ECK1937,flaAII.2,flaBII",b1939,,,,,,,,,,
NC_000913.3,RefSeq,gene,2015868,2016554,,+,,687,gene-b1940,"ECOCYC:EG11656,GeneID:946456",,fliH,Gene,,,,,fliH,protein_coding,"ECK1938,flaAII.3,flaBIII",b1940,,,,,,,,,,
NC_000913.3,RefSeq,gene,2016554,2017927,,+,,1374,gene-b1941,"ECOCYC:G377,GeneID:946457",,fliI,Gene,,,,,fliI,protein_coding,"ECK1939,fla,flaAIII,flaC",b1941,,,,,,,,,,
NC_000913.3,RefSeq,gene,2017946,2018389,,+,,444,gene-b1942,"ECOCYC:G378,GeneID:946454",,fliJ,Gene,,,,,fliJ,protein_coding,"ECK1940,flaO",b1942,,,,,,,,,,
NC_000913.3,RefSeq,gene,2018386,2019513,,+,,1128,gene-b1943,"ECOCYC:G379,GeneID:946449",,fliK,Gene,,,,,fliK,protein_coding,"ECK1941,flaE",b1943,,,,,,,,,,
NC_000913.3,RefSeq,gene,2019618,2020082,,+,,465,gene-b1944,"ECOCYC:EG10322,GeneID:946443",,fliL,Gene,,,,,fliL,protein_coding,"cheC1,ECK1942,flaAI,flaQI",b1944,,,,,,,,,,
NC_000913.3,RefSeq,gene,2020087,2021091,,+,,1005,gene-b1945,"ECOCYC:EG10323,GeneID:946442",,fliM,Gene,,,,,fliM,protein_coding,"cheC2,ECK1943,fla,flaA,flaAII,flaQ,flaQII",b1945,,,,,,,,,,
NC_000913.3,RefSeq,gene,2021088,2021501,,+,,414,gene-b1946,"ECOCYC:EG10324,GeneID:946423",,fliN,Gene,,,,,fliN,protein_coding,"ECK1944,motD",b1946,,,,,,,,,,
NC_000913.3,RefSeq,gene,2021504,2021869,,+,,366,gene-b1947,"ECOCYC:EG11224,GeneID:946458",,fliO,Gene,,,,,fliO,protein_coding,"ECK1945,flbD",b1947,,,,,,,,,,
NC_000913.3,RefSeq,gene,2021869,2022606,,+,,738,gene-b1948,"ECOCYC:EG11975,GeneID:946462",,fliP,Gene,,,,,fliP,protein_coding,"ECK1946,flaR",b1948,,,,,,,,,,
NC_000913.3,RefSeq,gene,2022616,2022885,,+,,270,gene-b1949,"ECOCYC:EG11976,GeneID:946463",,fliQ,Gene,,,,,fliQ,protein_coding,"ECK1947,flaQ",b1949,,,,,,,,,,
NC_000913.3,RefSeq,gene,2022893,2023678,,+,,786,gene-b1950,"ECOCYC:EG11977,GeneID:946464",,fliR,Gene,,,,,fliR,protein_coding,"ECK1948,flaP",b1950,,,,,,,,,,
NC_000913.3,RefSeq,gene,2023968,2024591,,+,,624,gene-b1951,"ECOCYC:EG10820,GeneID:946467",,rcsA,Gene,,,,,rcsA,protein_coding,"cpsR,ECK1949",b1951,,,,,,,,,,
NC_000913.3,RefSeq,gene,2024635,2024823,,-,,189,gene-b1952,"ECOCYC:G7045,GeneID:946468",,dsrB,Gene,,,,,dsrB,protein_coding,ECK1950,b1952,,,,,,,,,,
NC_000913.3,RefSeq,gene,2024986,2025213,,+,,228,gene-b1953,"ECOCYC:G7046,GeneID:946469",,yodD,Gene,,,,,yodD,protein_coding,ECK1951,b1953,,,,,,,,,,
NC_000913.3,RefSeq,gene,2025223,2025313,,-,,91,gene-b1954,"ECOCYC:G7047,GeneID:946470",,dsrA,Gene,,,,,dsrA,ncRNA,ECK1952,b1954,,,,,,,,,,
NC_000913.3,RefSeq,gene,2025511,2026326,,+,,816,gene-b1955,"ECOCYC:G7048,GeneID:946472",,yedP,Gene,,,,,yedP,protein_coding,ECK1953,b1955,,,,,,,,,,
NC_000913.3,RefSeq,gene,2026323,2028017,,-,,1695,gene-b1956,"ECOCYC:G7049,GeneID:946471",,dgcQ,Gene,,,,,dgcQ,protein_coding,"ECK1954,yedQ",b1956,,,,,,,,,,
NC_000913.3,RefSeq,gene,2028188,2028370,,-,,183,gene-b1957,"ECOCYC:G7050,GeneID:946466",,yodC,Gene,,,,,yodC,protein_coding,ECK1955,b1957,,,,,,,,,,
NC_000913.3,RefSeq,gene,2028449,2029366,,-,,918,gene-b1958,"ECOCYC:EG12709,GeneID:946465",,yedI,Gene,,,,,yedI,protein_coding,ECK1956,b1958,,,,,,,,,,
NC_000913.3,RefSeq,gene,2029539,2030459,,+,,921,gene-b1959,"ECOCYC:EG11141,GeneID:946461",,yedA,Gene,,,,,yedA,protein_coding,ECK1957,b1959,,,,,,,,,,
NC_000913.3,RefSeq,gene,2030448,2030918,,-,,471,gene-b1960,"ECOCYC:EG11068,GeneID:946476",,vsr,Gene,,,,,vsr,protein_coding,ECK1958,b1960,,,,,,,,,,
NC_000913.3,RefSeq,gene,2030899,2032317,,-,,1419,gene-b1961,"ECOCYC:EG10211,GeneID:946479",,dcm,Gene,,,,,dcm,protein_coding,"ECK1959,mec",b1961,,,,,,,,,,
NC_000913.3,RefSeq,gene,2032384,2033079,,-,,696,gene-b1962,"ECOCYC:EG12710,GeneID:946478",,yedJ,Gene,,,,,yedJ,protein_coding,ECK1960,b1962,,,,,,,,,,
NC_000913.3,RefSeq,gene,2033119,2033421,,-,,303,gene-b1963,"ECOCYC:G7051,GeneID:946477",,drpB,Gene,,,,,drpB,protein_coding,"ECK1961,yedR",b1963,,,,,,,,,,
NC_000913.3,RefSeq,gene,2033649,2033739,,+,,91,gene-b4603,"ECOCYC:G0-10574,GeneID:5061507",,rseX,Gene,,,,,rseX,ncRNA,"ECK4412,IS096",b4603,,,,,,,,,,
NC_000913.3,RefSeq,gene,2035835,2036686,,+,,852,gene-b1967,"ECOCYC:G7055,GeneID:946481",,hchA,Gene,,,,,hchA,protein_coding,"ECK1963,yedU,yzzC",b1967,,,,,,,,,,
NC_000913.3,RefSeq,gene,2036794,2038152,,-,,1359,gene-b1968,"ECOCYC:G7056,GeneID:946487",,hprS,Gene,,,,,hprS,protein_coding,"ECK1964,yedV",b1968,,,,,,,,,,
NC_000913.3,RefSeq,gene,2038152,2038823,,-,,672,gene-b1969,"ECOCYC:G7057,GeneID:946486",,hprR,Gene,,,,,hprR,protein_coding,"ECK1965,yedW",b1969,,,,,,,,,,
NC_000913.3,RefSeq,gene,2038956,2039369,,+,,414,gene-b1970,"ECOCYC:G7058,GeneID:946485",,hiuH,Gene,,,,,hiuH,protein_coding,"ECK1966,yedX",b1970,,,,,,,,,,
NC_000913.3,RefSeq,gene,2039478,2040482,,+,,1005,gene-b1971,"ECOCYC:G7059,GeneID:946484",,msrP,Gene,,,,,msrP,protein_coding,"ECK1967,yedY",b1971,,,,,,,,,,
NC_000913.3,RefSeq,gene,2040483,2041118,,+,,636,gene-b1972,"ECOCYC:G7060,GeneID:946483",,msrQ,Gene,,,,,msrQ,protein_coding,"ECK1968,yedZ",b1972,,,,,,,,,,
NC_000913.3,RefSeq,gene,2041375,2042025,,+,,651,gene-b1973,"ECOCYC:G7061,GeneID:946480",,zinT,Gene,,,,,zinT,protein_coding,"ECK1969,yodA",b1973,,,,,,,,,,
NC_000913.3,RefSeq,gene,2042368,2042898,,+,,531,gene-b1974,"ECOCYC:G7062,GeneID:946491",,yodB,Gene,,,,,yodB,protein_coding,ECK1970,b1974,,,,,,,,,,
NC_000913.3,RefSeq,gene,2043468,2043557,,-,,90,gene-b1975,"ECOCYC:EG30094,GeneID:946492",,serU,Gene,,,,,serU,tRNA,"ECK1971,ftsM,Su-1,su1,supD,supH",b1975,,,,,,,,,,
NC_000913.3,RefSeq,gene,2043651,2044448,,+,,798,gene-b1976,"ECOCYC:G7063,GeneID:946489",,mtfA,Gene,,,,,mtfA,protein_coding,"ECK1972,yeeI",b1976,,,,,,,,,,
NC_000913.3,RefSeq,gene,2044549,2044624,,+,,76,gene-b1977,"ECOCYC:EG30020,GeneID:946488",,asnT,Gene,,,,,asnT,tRNA,ECK1973,b1977,,,,,,,,,,
NC_000913.3,RefSeq,gene,2044995,2052014,,+,,7020,gene-b1978,"ECOCYC:G7064,GeneID:946498",,yeeJ,Gene,,,,,yeeJ,protein_coding,ECK1974,b1978,,,,,,,,,,
NC_000913.3,RefSeq,gene,2053643,2054959,,+,,1317,gene-b1981,"ECOCYC:G7067,GeneID:946495",,shiA,Gene,,,,,shiA,protein_coding,"ECK1976,yeeM",b1981,,,,,,,,,,
NC_000913.3,RefSeq,gene,2055061,2056515,,+,,1455,gene-b1982,"ECOCYC:EG10039,GeneID:946508",,amn,Gene,,,,,amn,protein_coding,ECK1977,b1982,,,,,,,,,,
NC_000913.3,RefSeq,gene,2056858,2057574,,+,,717,gene-b1983,"ECOCYC:G7068,GeneID:946493",,yeeN,Gene,,,,,yeeN,protein_coding,ECK1978,b1983,,,,,,,,,,
NC_000913.3,RefSeq,gene,2058027,2058102,,-,,76,gene-b1984,"ECOCYC:G7069,GeneID:946494",,asnW,Gene,,,,,asnW,tRNA,ECK1979,b1984,,,,,,,,,,
NC_000913.3,RefSeq,gene,2058203,2059846,,-,,1644,gene-b1985,"ECOCYC:G7070,GeneID:946506",,yeeO,Gene,,,,,yeeO,protein_coding,ECK1980,b1985,,,,,,,,,,
NC_000913.3,RefSeq,gene,2059851,2059926,,+,,76,gene-b1986,"ECOCYC:EG30021,GeneID:946503",,asnU,Gene,,,,,asnU,tRNA,ECK1981,b1986,,,,,,,,,,
NC_000913.3,RefSeq,gene,2059964,2060914,,-,,951,gene-b1987,"ECOCYC:G7071,GeneID:946502",,cbl,Gene,,,,,cbl,protein_coding,ECK1982,b1987,,,,,,,,,,
NC_000913.3,RefSeq,gene,2061016,2061933,,-,,918,gene-b1988,"ECOCYC:G7072,GeneID:946501",,nac,Gene,,,,,nac,protein_coding,ECK1983,b1988,,,,,,,,,,
NC_000913.3,RefSeq,gene,2062260,2062335,,+,,76,gene-b1989,"ECOCYC:EG30022,GeneID:946509",,asnV,Gene,,,,,asnV,tRNA,ECK1984,b1989,,,,,,,,,,
NC_000913.3,RefSeq,gene,2062391,2063323,,-,,933,gene-b1990,"ECOCYC:G7073,GeneID:945273",,ldtA,Gene,,,,,ldtA,protein_coding,"ECK1985,erfK,yeeG,yzzT",b1990,,,,,,,,,,
NC_000913.3,RefSeq,gene,2063388,2064467,,-,,1080,gene-b1991,"ECOCYC:EG12151,GeneID:946517",,cobT,Gene,,,,,cobT,protein_coding,ECK1986,b1991,,,,,,,,,,
NC_000913.3,RefSeq,gene,2064479,2065222,,-,,744,gene-b1992,"ECOCYC:EG12150,GeneID:946520",,cobS,Gene,,,,,cobS,protein_coding,ECK1987,b1992,,,,,,,,,,
NC_000913.3,RefSeq,gene,2065219,2065764,,-,,546,gene-b1993,"ECOCYC:EG13238,GeneID:946519",,cobU,Gene,,,,,cobU,protein_coding,ECK1988,b1993,,,,,,,,,,
NC_000913.3,RefSeq,gene,2066305,2067285,,-,,981,gene-b1994,"ECOCYC:G7074,GeneID:946507",,insH6,Gene,,,,,insH6,protein_coding,"ECK0261,trs5-6,yi52_6",b1994,,,,,,,,,,
NC_000913.3,RefSeq,gene,2068952,2069857,,-,,906,gene-b1996,"ECOCYC:G7076,GeneID:946403",,insD3,Gene,,,,,insD3,protein_coding,"ECK0358,yi22-3",b1996,,,,,,,,,,
NC_000913.3,RefSeq,gene,2069815,2070180,,-,,366,gene-b1997,"ECOCYC:G7077,GeneID:946455",,insC3,Gene,,,,,insC3,protein_coding,"ECK0357,yi21-3",b1997,,,,,,,,,,
NC_000913.3,RefSeq,gene,2071317,2071511,,+,,195,gene-b4435,"ECOCYC:G0-8905,GeneID:2847691",,isrC,Gene,,,,,isrC,ncRNA,"ECK1992,IS102",b4435,,,,,,,,,,
NC_000913.3,RefSeq,gene,2071539,2074658,,+,,3120,gene-b2000,"ECOCYC:G7080,GeneID:946540",,flu,Gene,,,,,flu,protein_coding,"agn,agn43,ECK1993,yeeQ,yzzX",b2000,,,,,,,,,,
NC_000913.3,RefSeq,gene,2074779,2076311,,+,,1533,gene-b2001,"ECOCYC:G7081,GeneID:946512",,yeeR,Gene,,,,,yeeR,protein_coding,ECK1994,b2001,,,,,,,,,,
NC_000913.3,RefSeq,gene,2076308,2076754,,+,,447,gene-b2002,"ECOCYC:G7082,GeneID:946514",,yeeS,Gene,,,,,yeeS,protein_coding,ECK1995,b2002,,,,,,,,,,
NC_000913.3,RefSeq,gene,2076817,2077038,,+,,222,gene-b2003,"ECOCYC:G7083,GeneID:946513",,yeeT,Gene,,,,,yeeT,protein_coding,ECK1996,b2003,,,,,,,,,,
NC_000913.3,RefSeq,gene,2077112,2077480,,+,,369,gene-b2004,"ECOCYC:G7084,GeneID:946510",,cbeA,Gene,,,,,cbeA,protein_coding,"ECK1997,yeeU",b2004,,,,,,,,,,
NC_000913.3,RefSeq,gene,2077569,2077943,,+,,375,gene-b2005,"ECOCYC:G7085,GeneID:946534",,cbtA,Gene,,,,,cbtA,protein_coding,"ECK1998,yeeV",b2005,,,,,,,,,,
NC_000913.3,RefSeq,gene,2077940,2078134,,+,,195,gene-b2006,"ECOCYC:G7086,GeneID:946535",,yeeW,Gene,,,,,yeeW,protein_coding,ECK1999,b2006,,,,,,,,,,
NC_000913.3,RefSeq,gene,2078575,2078931,,+,,357,gene-b4538,"ECOCYC:G0-10456,GeneID:1450273",,yoeF,Gene,,,,,yoeF,protein_coding,ECK2000,b4538,,,,,,,,,,
NC_000913.3,RefSeq,gene,2079032,2079361,,-,,330,gene-b2007,"ECOCYC:G7087,GeneID:946541",,tmaR,Gene,,,,,tmaR,protein_coding,"ECK2001,yeeX",b2007,,,,,,,,,,
NC_000913.3,RefSeq,gene,2079427,2079477,,-,,51,gene-b4818,"ECOCYC:G0-17093,GeneID:71004567",,yoeJ,Gene,,,,,yoeJ,protein_coding,ECK4675,b4818,,,,,,,,,,
NC_000913.3,RefSeq,gene,2079533,2080591,,-,,1059,gene-b2008,"ECOCYC:EG11891,GeneID:946545",,yeeA,Gene,,,,,yeeA,protein_coding,ECK2002,b2008,,,,,,,,,,
NC_000913.3,RefSeq,gene,2080789,2081262,,-,,474,gene-b2009,"ECOCYC:EG11892,GeneID:946546",,sbmC,Gene,,,,,sbmC,protein_coding,"dgi,ECK2003,gyrI,yeeB",b2009,,,,,,,,,,
NC_000913.3,RefSeq,gene,2081381,2082547,,-,,1167,gene-b2010,"ECOCYC:EG11893,GeneID:946518",,dacD,Gene,,,,,dacD,protein_coding,"ECK2004,phsE,yeeC",b2010,,,,,,,,,,
NC_000913.3,RefSeq,gene,2082756,2084183,,+,,1428,gene-b2011,"ECOCYC:EG10926,GeneID:946529",,sbcB,Gene,,,,,sbcB,protein_coding,"cpeA,ECK2005,exoI,rmuA,xonA",b2011,,,,,,,,,,
NC_000913.3,RefSeq,gene,2084226,2084453,,-,,228,gene-b2012,"ECOCYC:EG11894,GeneID:946539",,tsuB,Gene,,,,,tsuB,protein_coding,"ECK2006,yeeD",b2012,,,,,,,,,,
NC_000913.3,RefSeq,gene,2084467,2085525,,-,,1059,gene-b2013,"ECOCYC:EG11895,GeneID:946526",,tsuA,Gene,,,,,tsuA,protein_coding,"ECK2007,yeeE",b2013,,,,,,,,,,
NC_000913.3,RefSeq,gene,2085704,2087062,,-,,1359,gene-b2014,"ECOCYC:EG11896,GeneID:946533",,plaP,Gene,,,,,plaP,protein_coding,"ECK2008,yeeF",b2014,,,,,,,,,,
NC_000913.3,RefSeq,gene,2087052,2087114,,-,,63,gene-b4678,"ECOCYC:G0-10643,GeneID:7751643",,yoeI,Gene,,,,,yoeI,protein_coding,ECK4493,b4678,,,,,,,,,,
NC_000913.3,RefSeq,gene,2087329,2088258,,-,,930,gene-b2015,"ECOCYC:G7088,GeneID:946532",,yeeY,Gene,,,,,yeeY,protein_coding,ECK2009,b2015,,,,,,,,,,
NC_000913.3,RefSeq,gene,2088304,2089128,,-,,825,gene-b2016,"ECOCYC:G7089,GeneID:946538",,yeeZ,Gene,,,,,yeeZ,protein_coding,ECK2010,b2016,,,,,,,,,,
NC_000913.3,RefSeq,gene,2089211,2089465,,-,,255,gene-b4539,"ECOCYC:G0-9121,GeneID:1450274",,yoeB,Gene,,,,,yoeB,protein_coding,ECK2011,b4539,,,,,,,,,,
NC_000913.3,RefSeq,gene,2089462,2089713,,-,,252,gene-b2017,"ECOCYC:EG12844,GeneID:946542",,yefM,Gene,,,,,yefM,protein_coding,ECK2012,b2017,,,,,,,,,,
NC_000913.3,RefSeq,gene,2089996,2090046,,+,,51,gene-b2018,"ECOCYC:EG11269,GeneID:946547",,hisL,Gene,,,,,hisL,protein_coding,ECK2013,b2018,,,,,,,,,,
NC_000913.3,RefSeq,gene,2090192,2091091,,+,,900,gene-b2019,"ECOCYC:EG10449,GeneID:946549",,hisG,Gene,,,,,hisG,protein_coding,ECK2014,b2019,,,,,,,,,,
NC_000913.3,RefSeq,gene,2091097,2092401,,+,,1305,gene-b2020,"ECOCYC:EG10447,GeneID:946531",,hisD,Gene,,,,,hisD,protein_coding,ECK2015,b2020,,,,,,,,,,
NC_000913.3,RefSeq,gene,2092398,2093468,,+,,1071,gene-b2021,"ECOCYC:EG10446,GeneID:946551",,hisC,Gene,,,,,hisC,protein_coding,ECK2016,b2021,,,,,,,,,,
NC_000913.3,RefSeq,gene,2093468,2094535,,+,,1068,gene-b2022,"ECOCYC:EG10445,GeneID:946552",,hisB,Gene,,,,,hisB,protein_coding,ECK2017,b2022,,,,,,,,,,
NC_000913.3,RefSeq,gene,2094535,2095125,,+,,591,gene-b2023,"ECOCYC:EG10450,GeneID:946544",,hisH,Gene,,,,,hisH,protein_coding,ECK2018,b2023,,,,,,,,,,
NC_000913.3,RefSeq,gene,2095125,2095862,,+,,738,gene-b2024,"ECOCYC:EG10444,GeneID:946521",,hisA,Gene,,,,,hisA,protein_coding,ECK2019,b2024,,,,,,,,,,
NC_000913.3,RefSeq,gene,2095844,2096620,,+,,777,gene-b2025,"ECOCYC:EG10448,GeneID:946516",,hisF,Gene,,,,,hisF,protein_coding,ECK2020,b2025,,,,,,,,,,
NC_000913.3,RefSeq,gene,2096614,2097225,,+,,612,gene-b2026,"ECOCYC:EG10451,GeneID:946515",,hisI,Gene,,,,,hisI,protein_coding,"ECK2021,hisE,hisIE",b2026,,,,,,,,,,
NC_000913.3,RefSeq,gene,2097321,2098301,,-,,981,gene-b2027,"ECOCYC:G7090,GeneID:946553",,wzzB,Gene,,,,,wzzB,protein_coding,"cld,ECK2022,rol,wzz",b2027,,,,,,,,,,
NC_000913.3,RefSeq,gene,2098447,2099613,,-,,1167,gene-b2028,"ECOCYC:G7091,GeneID:946571",,ugd,Gene,,,,,ugd,protein_coding,"ECK2023,pmrE,udg,UDG8,yefA",b2028,,,,,,,,,,
NC_000913.3,RefSeq,gene,2099862,2101268,,-,,1407,gene-b2029,"ECOCYC:EG10411,GeneID:946554",,gnd,Gene,,,,,gnd,protein_coding,ECK2024,b2029,,,,,,,,,,
NC_000913.3,RefSeq,gene,2101895,2102875,,-,,981,gene-b2030,"ECOCYC:G7092,GeneID:946577",,insH7,Gene,,,,,insH7,protein_coding,"ECK0261,trs5-7,yi52_7",b2030,,,,,,,,,,
NC_000913.3,RefSeq,gene,2103391,2104509,,-,,1119,gene-b2032,"ECOCYC:EG11985,GeneID:946555",,wbbK,Gene,,,,,wbbK,protein_coding,"ECK2026,yefI",b2032,,,,,,,,,,
NC_000913.3,RefSeq,gene,2104494,2105084,,-,,591,gene-b2033,"ECOCYC:EG11984,GeneID:946556",,wbbJ,Gene,,,,,wbbJ,protein_coding,"ECK2027,yefH",b2033,,,,,,,,,,
NC_000913.3,RefSeq,gene,2105065,2106057,,-,,993,gene-b2034,"ECOCYC:EG11983,GeneID:947041",,wbbI,Gene,,,,,wbbI,protein_coding,"ECK2028,yefG",b2034,,,,,,,,,,
NC_000913.3,RefSeq,gene,2106060,2107226,,-,,1167,gene-b2035,"ECOCYC:EG11982,GeneID:945179",,wbbH,Gene,,,,,wbbH,protein_coding,"ECK2029,rfc,yefF",b2035,,,,,,,,,,
NC_000913.3,RefSeq,gene,2107226,2108329,,-,,1104,gene-b2036,"ECOCYC:EG11981,GeneID:945235",,glf,Gene,,,,,glf,protein_coding,"ECK2030,yefE",b2036,,,,,,,,,,
NC_000913.3,RefSeq,gene,2108337,2109584,,-,,1248,gene-b2037,"ECOCYC:EG11980,GeneID:946557",,rfbX,Gene,,,,,rfbX,protein_coding,"ECK2031,wzx,wzxB",b2037,,,,,,,,,,
NC_000913.3,RefSeq,gene,2109581,2110138,,-,,558,gene-b2038,"ECOCYC:EG11979,GeneID:947482",,rfbC,Gene,,,,,rfbC,protein_coding,"ECK2032,rfbD,rmlC",b2038,,,,,,,,,,
NC_000913.3,RefSeq,gene,2110138,2111019,,-,,882,gene-b2039,"ECOCYC:EG11978,GeneID:945154",,rfbA,Gene,,,,,rfbA,protein_coding,"ECK2033,rmlA,som",b2039,,,,,,,,,,
NC_000913.3,RefSeq,gene,2111077,2111976,,-,,900,gene-b2040,"ECOCYC:EG12411,GeneID:947117",,rfbD,Gene,,,,,rfbD,protein_coding,"ECK2034,rmlD",b2040,,,,,,,,,,
NC_000913.3,RefSeq,gene,2111976,2113061,,-,,1086,gene-b2041,"ECOCYC:EG12412,GeneID:945276",,rfbB,Gene,,,,,rfbB,protein_coding,"ECK2035,rmlB,som",b2041,,,,,,,,,,
NC_000913.3,RefSeq,gene,2113434,2114327,,-,,894,gene-b2042,"ECOCYC:G7093,GeneID:946560",,galF,Gene,,,,,galF,protein_coding,"ECK2036,wcaN,yefG",b2042,,,,,,,,,,
NC_000913.3,RefSeq,gene,2114502,2115896,,-,,1395,gene-b2043,"ECOCYC:G7094,GeneID:946561",,wcaM,Gene,,,,,wcaM,protein_coding,"ECK2037,yefK",b2043,,,,,,,,,,
NC_000913.3,RefSeq,gene,2115907,2117127,,-,,1221,gene-b2044,"ECOCYC:G7095,GeneID:946565",,wcaL,Gene,,,,,wcaL,protein_coding,"ECK2038,yefL",b2044,,,,,,,,,,
NC_000913.3,RefSeq,gene,2117124,2118404,,-,,1281,gene-b2045,"ECOCYC:G7096,GeneID:946569",,wcaK,Gene,,,,,wcaK,protein_coding,ECK2039,b2045,,,,,,,,,,
NC_000913.3,RefSeq,gene,2118680,2120158,,-,,1479,gene-b2046,"ECOCYC:G7097,GeneID:946581",,wzxC,Gene,,,,,wzxC,protein_coding,"ECK2040,wzx",b2046,,,,,,,,,,
NC_000913.3,RefSeq,gene,2120160,2121554,,-,,1395,gene-b2047,"ECOCYC:G7098,GeneID:946583",,wcaJ,Gene,,,,,wcaJ,protein_coding,ECK2041,b2047,,,,,,,,,,
NC_000913.3,RefSeq,gene,2121609,2122979,,-,,1371,gene-b2048,"ECOCYC:EG10162,GeneID:946574",,cpsG,Gene,,,,,cpsG,protein_coding,"ECK2042,manB,rfbK",b2048,,,,,,,,,,
NC_000913.3,RefSeq,gene,2123084,2124520,,-,,1437,gene-b2049,"ECOCYC:EG10161,GeneID:946580",,cpsB,Gene,,,,,cpsB,protein_coding,"ECK2043,manC,mni,rfbM",b2049,,,,,,,,,,
NC_000913.3,RefSeq,gene,2124523,2125746,,-,,1224,gene-b2050,"ECOCYC:EG11790,GeneID:946588",,wcaI,Gene,,,,,wcaI,protein_coding,"ECK2044,yefD",b2050,,,,,,,,,,
NC_000913.3,RefSeq,gene,2125743,2126222,,-,,480,gene-b2051,"ECOCYC:EG11789,GeneID:946559",,gmm,Gene,,,,,gmm,protein_coding,"ECK2045,nudD,wcaH,yefC",b2051,,,,,,,,,,
NC_000913.3,RefSeq,gene,2126225,2127190,,-,,966,gene-b2052,"ECOCYC:EG11788,GeneID:946563",,fcl,Gene,,,,,fcl,protein_coding,"ECK2046,wcaG,yefB",b2052,,,,,,,,,,
NC_000913.3,RefSeq,gene,2127193,2128314,,-,,1122,gene-b2053,"ECOCYC:EG11787,GeneID:946562",,gmd,Gene,,,,,gmd,protein_coding,"ECK2047,yefA,yefN",b2053,,,,,,,,,,
NC_000913.3,RefSeq,gene,2128340,2128888,,-,,549,gene-b2054,"ECOCYC:G7099,GeneID:946578",,wcaF,Gene,,,,,wcaF,protein_coding,ECK2048,b2054,,,,,,,,,,
NC_000913.3,RefSeq,gene,2128904,2129650,,-,,747,gene-b2055,"ECOCYC:G7100,GeneID:946543",,wcaE,Gene,,,,,wcaE,protein_coding,ECK2049,b2055,,,,,,,,,,
NC_000913.3,RefSeq,gene,2129661,2130878,,-,,1218,gene-b2056,"ECOCYC:G7101,GeneID:946550",,wcaD,Gene,,,,,wcaD,protein_coding,ECK2050,b2056,,,,,,,,,,
NC_000913.3,RefSeq,gene,2130853,2132070,,-,,1218,gene-b2057,"ECOCYC:G7102,GeneID:946579",,wcaC,Gene,,,,,wcaC,protein_coding,ECK2051,b2057,,,,,,,,,,
NC_000913.3,RefSeq,gene,2132067,2132555,,-,,489,gene-b2058,"ECOCYC:G7103,GeneID:946573",,wcaB,Gene,,,,,wcaB,protein_coding,ECK2052,b2058,,,,,,,,,,
NC_000913.3,RefSeq,gene,2132558,2133397,,-,,840,gene-b2059,"ECOCYC:G7104,GeneID:946570",,wcaA,Gene,,,,,wcaA,protein_coding,ECK2053,b2059,,,,,,,,,,
NC_000913.3,RefSeq,gene,2133490,2135652,,-,,2163,gene-b2060,"ECOCYC:G7105,GeneID:946567",,wzc,Gene,,,,,wzc,protein_coding,ECK2054,b2060,,,,,,,,,,
NC_000913.3,RefSeq,gene,2135655,2136098,,-,,444,gene-b2061,"ECOCYC:G7106,GeneID:946564",,wzb,Gene,,,,,wzb,protein_coding,ECK2055,b2061,,,,,,,,,,
NC_000913.3,RefSeq,gene,2136104,2137243,,-,,1140,gene-b2062,"ECOCYC:G7107,GeneID:946558",,wza,Gene,,,,,wza,protein_coding,ECK2056,b2062,,,,,,,,,,
NC_000913.3,RefSeq,gene,2137902,2139485,,+,,1584,gene-b2063,"ECOCYC:G7108,GeneID:946566",,yegH,Gene,,,,,yegH,protein_coding,ECK2057,b2063,,,,,,,,,,
NC_000913.3,RefSeq,gene,2139759,2141612,,-,,1854,gene-b2064,"ECOCYC:EG11361,GeneID:946582",,asmA,Gene,,,,,asmA,protein_coding,"ECK2058,yegA",b2064,,,,,,,,,,
NC_000913.3,RefSeq,gene,2141634,2142215,,-,,582,gene-b2065,"ECOCYC:EG11418,GeneID:946593",,dcd,Gene,,,,,dcd,protein_coding,"dus,ECK2059,paxA",b2065,,,,,,,,,,
NC_000913.3,RefSeq,gene,2142307,2142948,,-,,642,gene-b2066,"ECOCYC:EG11701,GeneID:946597",,udk,Gene,,,,,udk,protein_coding,ECK2060,b2066,,,,,,,,,,
NC_000913.3,RefSeq,gene,2143266,2146583,,+,,3318,gene-b2067,"ECOCYC:EG12396,GeneID:946600",,dgcE,Gene,,,,,dgcE,protein_coding,"ECK2061,yegE",b2067,,,,,,,,,,
NC_000913.3,RefSeq,gene,2146692,2147540,,-,,849,gene-b2068,"ECOCYC:EG11222,GeneID:947371",,alkA,Gene,,,,,alkA,protein_coding,"aidA,ECK2062",b2068,,,,,,,,,,
NC_000913.3,RefSeq,gene,2147674,2149026,,+,,1353,gene-b2069,"ECOCYC:EG12200,GeneID:947234",,yegD,Gene,,,,,yegD,protein_coding,ECK2063,b2069,,,,,,,,,,
NC_000913.3,RefSeq,gene,2149039,2150985,,-,,1947,gene-b2070,"ECOCYC:G7109,GeneID:947159",,yegI,Gene,,,,,yegI,protein_coding,ECK2064,b2070,,,,,,,,,,
NC_000913.3,RefSeq,gene,2151185,2151646,,+,,462,gene-b2071,"ECOCYC:G7110,GeneID:947201",,yegJ,Gene,,,,,yegJ,protein_coding,ECK2065,b2071,,,,,,,,,,
NC_000913.3,RefSeq,gene,2151711,2152472,,-,,762,gene-b2072,"ECOCYC:G7111,GeneID:947269",,pphC,Gene,,,,,pphC,protein_coding,"ECK2066,yegK",b2072,,,,,,,,,,
NC_000913.3,RefSeq,gene,2152469,2153128,,-,,660,gene-b2073,"ECOCYC:G7112,GeneID:946602",,yegL,Gene,,,,,yegL,protein_coding,ECK2067,b2073,,,,,,,,,,
NC_000913.3,RefSeq,gene,2153311,2153454,,+,,144,gene-b4436,"ECOCYC:G0-8884,GeneID:2847673",,sibA,Gene,,,,,sibA,ncRNA,"ECK2068,QUAD1a,ryeC,tp11",b4436,,,,,,,,,,
NC_000913.3,RefSeq,gene,2153349,2153408,,-,,60,gene-b4667,"ECOCYC:G0-10633,GeneID:7751625",,ibsA,Gene,,,,,ibsA,protein_coding,ECK4482,b4667,,,,,,,,,,
NC_000913.3,RefSeq,gene,2153646,2153781,,+,,136,gene-b4437,"ECOCYC:G0-8885,GeneID:2847674",,sibB,Gene,,,,,sibB,ncRNA,"ECK2069,QUAD1b,ryeD,tpe60",b4437,,,,,,,,,,
NC_000913.3,RefSeq,gene,2153681,2153737,,-,,57,gene-b4668,"ECOCYC:G0-10632,GeneID:7751626",,ibsB,Gene,,,,,ibsB,protein_coding,ECK4483,b4668,,,,,,,,,,
NC_000913.3,RefSeq,gene,2154016,2155263,,+,,1248,gene-b2074,"ECOCYC:G7113,GeneID:946604",,mdtA,Gene,,,,,mdtA,protein_coding,"ECK2070,yegM",b2074,,,,,,,,,,
NC_000913.3,RefSeq,gene,2155263,2158385,,+,,3123,gene-b2075,"ECOCYC:G7114,GeneID:946606",,mdtB,Gene,,,,,mdtB,protein_coding,"ECK2071,yegN",b2075,,,,,,,,,,
NC_000913.3,RefSeq,gene,2158386,2161463,,+,,3078,gene-b2076,"ECOCYC:G7115,GeneID:946608",,mdtC,Gene,,,,,mdtC,protein_coding,"ECK2072,yegO",b2076,,,,,,,,,,
NC_000913.3,RefSeq,gene,2161464,2162879,,+,,1416,gene-b2077,"ECOCYC:EG12136,GeneID:946601",,mdtD,Gene,,,,,mdtD,protein_coding,"ECK2073,iceT,yegB",b2077,,,,,,,,,,
NC_000913.3,RefSeq,gene,2162876,2164279,,+,,1404,gene-b2078,"ECOCYC:EG11617,GeneID:946611",,baeS,Gene,,,,,baeS,protein_coding,ECK2074,b2078,,,,,,,,,,
NC_000913.3,RefSeq,gene,2164276,2164998,,+,,723,gene-b2079,"ECOCYC:EG11618,GeneID:946605",,baeR,Gene,,,,,baeR,protein_coding,ECK2075,b2079,,,,,,,,,,
NC_000913.3,RefSeq,gene,2165189,2165521,,+,,333,gene-b2080,"ECOCYC:G7117,GeneID:947095",,yegP,Gene,,,,,yegP,protein_coding,ECK2076,b2080,,,,,,,,,,
NC_000913.3,RefSeq,gene,2165668,2167029,,+,,1362,gene-b2081,"ECOCYC:G7118,GeneID:946609",,trhP,Gene,,,,,trhP,protein_coding,"ECK2077,yegQ",b2081,,,,,,,,,,
NC_000913.3,RefSeq,gene,2167114,2167200,,+,,87,gene-b4438,"ECOCYC:G0-8878,GeneID:2847769",,cyaR,Gene,,,,,cyaR,ncRNA,"ECK2078,ryeE",b4438,,,,,,,,,,
NC_000913.3,RefSeq,gene,2167302,2167520,,-,,219,gene-b2082,"ECOCYC:G7119,GeneID:945404",,ogrK,Gene,,,,,ogrK,protein_coding,ECK2079,b2082,,,,,,,,,,
NC_000913.3,RefSeq,gene,2167989,2168306,,-,,318,gene-b2085,"ECOCYC:G7122,GeneID:946613",,yegR,Gene,,,,,yegR,protein_coding,ECK2081,b2085,,,,,,,,,,
NC_000913.3,RefSeq,gene,2168712,2169611,,+,,900,gene-b2086,"ECOCYC:G7123,GeneID:946626",,yegS,Gene,,,,,yegS,protein_coding,ECK2082,b2086,,,,,,,,,,
NC_000913.3,RefSeq,gene,2170236,2170535,,+,,300,gene-b2088,"ECOCYC:G7125,GeneID:946616",,insE5,Gene,,,,,insE5,protein_coding,ECK0298,b2088,,,,,,,,,,
NC_000913.3,RefSeq,gene,2170532,2171398,,+,,867,gene-b2089,"ECOCYC:G7126,GeneID:946629",,insF5,Gene,,,,,insF5,protein_coding,"ECK0299,tra5-4",b2089,,,,,,,,,,
NC_000913.3,RefSeq,gene,2171833,2172873,,-,,1041,gene-b2091,"ECOCYC:EG12417,GeneID:946598",,gatD,Gene,,,,,gatD,protein_coding,ECK2084,b2091,,,,,,,,,,
NC_000913.3,RefSeq,gene,2174282,2174566,,-,,285,gene-b2093,"ECOCYC:EG12415,GeneID:946610",,gatB,Gene,,,,,gatB,protein_coding,ECK2086,b2093,,,,,,,,,,
NC_000913.3,RefSeq,gene,2174597,2175049,,-,,453,gene-b2094,"ECOCYC:EG12414,GeneID:946633",,gatA,Gene,,,,,gatA,protein_coding,ECK2087,b2094,,,,,,,,,,
NC_000913.3,RefSeq,gene,2175059,2176321,,-,,1263,gene-b2095,"ECOCYC:G7128,GeneID:946641",,gatZ,Gene,,,,,gatZ,protein_coding,ECK2088,b2095,,,,,,,,,,
NC_000913.3,RefSeq,gene,2176350,2177204,,-,,855,gene-b2096,"ECOCYC:EG12419,GeneID:946636",,gatY,Gene,,,,,gatY,protein_coding,"ECK2089,yegF",b2096,,,,,,,,,,
NC_000913.3,RefSeq,gene,2177512,2178564,,-,,1053,gene-b2097,"ECOCYC:G7129,GeneID:946632",,fbaB,Gene,,,,,fbaB,protein_coding,"dhnA,ECK2090",b2097,,,,,,,,,,
NC_000913.3,RefSeq,gene,2178821,2180098,,+,,1278,gene-b2098,"ECOCYC:G7130,GeneID:946638",,yegT,Gene,,,,,yegT,protein_coding,ECK2091,b2098,,,,,,,,,,
NC_000913.3,RefSeq,gene,2180095,2181099,,+,,1005,gene-b2099,"ECOCYC:G7131,GeneID:946630",,yegU,Gene,,,,,yegU,protein_coding,ECK2092,b2099,,,,,,,,,,
NC_000913.3,RefSeq,gene,2181096,2182061,,+,,966,gene-b2100,"ECOCYC:G7132,GeneID:946637",,yegV,Gene,,,,,yegV,protein_coding,ECK2093,b2100,,,,,,,,,,
NC_000913.3,RefSeq,gene,2182035,2182781,,-,,747,gene-b2101,"ECOCYC:G7133,GeneID:946639",,yegW,Gene,,,,,yegW,protein_coding,ECK2094,b2101,,,,,,,,,,
NC_000913.3,RefSeq,gene,2182833,2183651,,-,,819,gene-b2102,"ECOCYC:G7134,GeneID:945543",,yegX,Gene,,,,,yegX,protein_coding,ECK2095,b2102,,,,,,,,,,
NC_000913.3,RefSeq,gene,2183716,2184516,,-,,801,gene-b2103,"ECOCYC:G7135,GeneID:946459",,thiD,Gene,,,,,thiD,protein_coding,"ECK2096,thiA,thiJ",b2103,,,,,,,,,,
NC_000913.3,RefSeq,gene,2184513,2185301,,-,,789,gene-b2104,"ECOCYC:M007,GeneID:945142",,thiM,Gene,,,,,thiM,protein_coding,ECK2097,b2104,,,,,,,,,,
NC_000913.3,RefSeq,gene,2185524,2185796,,-,,273,gene-b2105,"ECOCYC:G7137,GeneID:947114",,rcnR,Gene,,,,,rcnR,protein_coding,"ECK2098,yohL",b2105,,,,,,,,,,
NC_000913.3,RefSeq,gene,2185917,2186741,,+,,825,gene-b2106,"ECOCYC:G7138,GeneID:949078",,rcnA,Gene,,,,,rcnA,protein_coding,"ECK2099,yohM",b2106,,,,,,,,,,
NC_000913.3,RefSeq,gene,2186960,2187298,,+,,339,gene-b2107,"ECOCYC:G7139,GeneID:949080",,rcnB,Gene,,,,,rcnB,protein_coding,"ECK2100,yohN",b2107,,,,,,,,,,
NC_000913.3,RefSeq,gene,2187380,2188414,,-,,1035,gene-b2108,"ECOCYC:EG11987,GeneID:946642",,yehA,Gene,,,,,yehA,protein_coding,ECK2101,b2108,,,,,,,,,,
NC_000913.3,RefSeq,gene,2188430,2190910,,-,,2481,gene-b2109,"ECOCYC:EG11988,GeneID:946617",,yehB,Gene,,,,,yehB,protein_coding,ECK2102,b2109,,,,,,,,,,
NC_000913.3,RefSeq,gene,2190926,2191645,,-,,720,gene-b2110,"ECOCYC:EG11989,GeneID:946621",,yehC,Gene,,,,,yehC,protein_coding,ECK2103,b2110,,,,,,,,,,
NC_000913.3,RefSeq,gene,2191680,2192222,,-,,543,gene-b2111,"ECOCYC:EG11990,GeneID:946619",,yehD,Gene,,,,,yehD,protein_coding,ECK2104,b2111,,,,,,,,,,
NC_000913.3,RefSeq,gene,2192515,2192796,,-,,282,gene-b2112,"ECOCYC:EG11991,GeneID:946615",,yehE,Gene,,,,,yehE,protein_coding,ECK2105,b2112,,,,,,,,,,
NC_000913.3,RefSeq,gene,2193059,2194168,,-,,1110,gene-b2113,"ECOCYC:EG10611,GeneID:946627",,mrp,Gene,,,,,mrp,protein_coding,ECK2106,b2113,,,,,,,,,,
NC_000913.3,RefSeq,gene,2194300,2196333,,+,,2034,gene-b2114,"ECOCYC:EG10586,GeneID:946643",,metG,Gene,,,,,metG,protein_coding,ECK2107,b2114,,,,,,,,,,
NC_000913.3,RefSeq,gene,2196474,2197298,,+,,825,gene-b2115,"ECOCYC:EG11992,GeneID:946650",,yehF,Gene,,,,,yehF,protein_coding,"dinO,ECK2108,molR_1,sosF",b2115,,,,,,,,,,
NC_000913.3,RefSeq,gene,2200279,2203911,,+,,3633,gene-b2118,"ECOCYC:EG11995,GeneID:946649",,yehI,Gene,,,,,yehI,protein_coding,ECK2109,b2118,,,,,,,,,,
NC_000913.3,RefSeq,gene,2203972,2204289,,+,,318,gene-b4541,"ECOCYC:G0-10458,GeneID:4056035",,yehK,Gene,,,,,yehK,protein_coding,ECK2110,b4541,,,,,,,,,,
NC_000913.3,RefSeq,gene,2204596,2205684,,+,,1089,gene-b2119,"ECOCYC:EG11998,GeneID:946656",,yehL,Gene,,,,,yehL,protein_coding,ECK2111,b2119,,,,,,,,,,
NC_000913.3,RefSeq,gene,2205695,2207974,,+,,2280,gene-b2120,"ECOCYC:EG11999,GeneID:946651",,yehM,Gene,,,,,yehM,protein_coding,"ECK2112,yehN,yehO",b2120,,,,,,,,,,
NC_000913.3,RefSeq,gene,2207967,2209103,,+,,1137,gene-b2121,"ECOCYC:EG12002,GeneID:946652",,yehP,Gene,,,,,yehP,protein_coding,ECK2113,b2121,,,,,,,,,,
NC_000913.3,RefSeq,gene,2209100,2210944,,+,,1845,gene-b2122,"ECOCYC:EG12003,GeneID:946654",,yehQ,Gene,,,,,yehQ,protein_coding,ECK2114,b2122,,,,,,,,,,
NC_000913.3,RefSeq,gene,2211225,2211686,,+,,462,gene-b2123,"ECOCYC:EG12004,GeneID:949023",,yehR,Gene,,,,,yehR,protein_coding,ECK2115,b2123,,,,,,,,,,
NC_000913.3,RefSeq,gene,2211726,2212196,,-,,471,gene-b2124,"ECOCYC:EG12005,GeneID:949026",,yehS,Gene,,,,,yehS,protein_coding,ECK2116,b2124,,,,,,,,,,
NC_000913.3,RefSeq,gene,2212243,2212962,,-,,720,gene-b2125,"ECOCYC:EG12006,GeneID:949024",,btsR,Gene,,,,,btsR,protein_coding,"ECK2117,yehT",b2125,,,,,,,,,,
NC_000913.3,RefSeq,gene,2212959,2214644,,-,,1686,gene-b2126,"ECOCYC:EG12007,GeneID:949027",,btsS,Gene,,,,,btsS,protein_coding,"ECK2118,yehU",b2126,,,,,,,,,,
NC_000913.3,RefSeq,gene,2214866,2215597,,+,,732,gene-b2127,"ECOCYC:EG12008,GeneID:949029",,mlrA,Gene,,,,,mlrA,protein_coding,"ECK2119,yehV",b2127,,,,,,,,,,
NC_000913.3,RefSeq,gene,2215657,2215764,,+,,108,gene-b4542,"ECOCYC:G0-10459,GeneID:1450279",,yohO,Gene,,,,,yohO,protein_coding,ECK2120,b4542,,,,,,,,,,
NC_000913.3,RefSeq,gene,2215745,2216476,,-,,732,gene-b2128,"ECOCYC:EG12009,GeneID:949028",,yehW,Gene,,,,,yehW,protein_coding,ECK2121,b2128,,,,,,,,,,
NC_000913.3,RefSeq,gene,2216481,2217407,,-,,927,gene-b2129,"ECOCYC:EG12010,GeneID:946659",,yehX,Gene,,,,,yehX,protein_coding,ECK2122,b2129,,,,,,,,,,
NC_000913.3,RefSeq,gene,2217400,2218557,,-,,1158,gene-b2130,"ECOCYC:EG12011,GeneID:946660",,yehY,Gene,,,,,yehY,protein_coding,ECK2123,b2130,,,,,,,,,,
NC_000913.3,RefSeq,gene,2218564,2219481,,-,,918,gene-b2131,"ECOCYC:EG12012,GeneID:946681",,osmF,Gene,,,,,osmF,protein_coding,"ECK2124,yehZ",b2131,,,,,,,,,,
NC_000913.3,RefSeq,gene,2219692,2221989,,-,,2298,gene-b2132,"ECOCYC:EG12013,GeneID:946682",,bglX,Gene,,,,,bglX,protein_coding,"ECK2125,glh,yohA",b2132,,,,,,,,,,
NC_000913.3,RefSeq,gene,2222185,2223900,,+,,1716,gene-b2133,"ECOCYC:EG10231,GeneID:946653",,dld,Gene,,,,,dld,protein_coding,"ECK2126,ldh",b2133,,,,,,,,,,
NC_000913.3,RefSeq,gene,2223938,2224870,,-,,933,gene-b2134,"ECOCYC:EG12015,GeneID:946662",,pbpG,Gene,,,,,pbpG,protein_coding,"ECK2127,yohB",b2134,,,,,,,,,,
NC_000913.3,RefSeq,gene,2225044,2225631,,-,,588,gene-b2135,"ECOCYC:EG12016,GeneID:946666",,yohC,Gene,,,,,yohC,protein_coding,ECK2128,b2135,,,,,,,,,,
NC_000913.3,RefSeq,gene,2225801,2226379,,+,,579,gene-b2136,"ECOCYC:EG12017,GeneID:946661",,yohD,Gene,,,,,yohD,protein_coding,ECK2129,b2136,,,,,,,,,,
NC_000913.3,RefSeq,gene,2226509,2227270,,-,,762,gene-b2137,"ECOCYC:EG12019,GeneID:949126",,yohF,Gene,,,,,yohF,protein_coding,"ECK2130,yohE",b2137,,,,,,,,,,
NC_000913.3,RefSeq,gene,2228982,2229065,,+,,84,gene-b4679,"ECOCYC:G0-10652,GeneID:7751636",,yohP,Gene,,,,,yohP,protein_coding,ECK4494,b4679,,,,,,,,,,
NC_000913.3,RefSeq,gene,2229438,2230385,,-,,948,gene-b2140,"ECOCYC:EG12022,GeneID:945458",,dusC,Gene,,,,,dusC,protein_coding,"ECK2133,yohI",b2140,,,,,,,,,,
NC_000913.3,RefSeq,gene,2230624,2231022,,+,,399,gene-b2141,"ECOCYC:EG12023,GeneID:949127",,yohJ,Gene,,,,,yohJ,protein_coding,ECK2134,b2141,,,,,,,,,,
NC_000913.3,RefSeq,gene,2231019,2231714,,+,,696,gene-b2142,"ECOCYC:EG12024,GeneID:949125",,yohK,Gene,,,,,yohK,protein_coding,ECK2135,b2142,,,,,,,,,,
NC_000913.3,RefSeq,gene,2231844,2232728,,+,,885,gene-b2143,"ECOCYC:EG10137,GeneID:946663",,cdd,Gene,,,,,cdd,protein_coding,ECK2136,b2143,,,,,,,,,,
NC_000913.3,RefSeq,gene,2232878,2233597,,+,,720,gene-b2144,"ECOCYC:EG12025,GeneID:949003",,sanA,Gene,,,,,sanA,protein_coding,"ECK2137,sfiXSt,yeiF",b2144,,,,,,,,,,
NC_000913.3,RefSeq,gene,2233600,2233839,,+,,240,gene-b2145,"ECOCYC:G7144,GeneID:948983",,yeiS,Gene,,,,,yeiS,protein_coding,ECK2138,b2145,,,,,,,,,,
NC_000913.3,RefSeq,gene,2234033,2235271,,+,,1239,gene-b2146,"ECOCYC:G7145,GeneID:949049",,preT,Gene,,,,,preT,protein_coding,"ECK2139,yeiT",b2146,,,,,,,,,,
NC_000913.3,RefSeq,gene,2235265,2236500,,+,,1236,gene-b2147,"ECOCYC:EG11289,GeneID:949037",,preA,Gene,,,,,preA,protein_coding,"ECK2140,yeiA",b2147,,,,,,,,,,
NC_000913.3,RefSeq,gene,2236743,2237753,,-,,1011,gene-b2148,"ECOCYC:EG10594,GeneID:949039",,mglC,Gene,,,,,mglC,protein_coding,"ECK2141,mglP",b2148,,,,,,,,,,
NC_000913.3,RefSeq,gene,2237769,2239289,,-,,1521,gene-b2149,"ECOCYC:EG10592,GeneID:949036",,mglA,Gene,,,,,mglA,protein_coding,"ECK2142,mgl,mglP",b2149,,,,,,,,,,
NC_000913.3,RefSeq,gene,2239350,2240348,,-,,999,gene-b2150,"ECOCYC:EG10593,GeneID:949041",,mglB,Gene,,,,,mglB,protein_coding,ECK2143,b2150,,,,,,,,,,
NC_000913.3,RefSeq,gene,2240628,2241668,,-,,1041,gene-b2151,"ECOCYC:EG10365,GeneID:949043",,galS,Gene,,,,,galS,protein_coding,"ECK2144,mglD",b2151,,,,,,,,,,
NC_000913.3,RefSeq,gene,2241810,2242967,,-,,1158,gene-b2152,"ECOCYC:EG11290,GeneID:949044",,yeiB,Gene,,,,,yeiB,protein_coding,ECK2145,b2152,,,,,,,,,,
NC_000913.3,RefSeq,gene,2242984,2243652,,-,,669,gene-b2153,"ECOCYC:EG11375,GeneID:949040",,folE,Gene,,,,,folE,protein_coding,ECK2146,b2153,,,,,,,,,,
NC_000913.3,RefSeq,gene,2243910,2244746,,+,,837,gene-b2154,"ECOCYC:EG12026,GeneID:949045",,yeiG,Gene,,,,,yeiG,protein_coding,ECK2147,b2154,,,,,,,,,,
NC_000913.3,RefSeq,gene,2244778,2246769,,-,,1992,gene-b2155,"ECOCYC:EG10155,GeneID:949042",,cirA,Gene,,,,,cirA,protein_coding,"cir,ECK2148,feuA",b2155,,,,,,,,,,
NC_000913.3,RefSeq,gene,2247063,2248532,,-,,1470,gene-b2156,"ECOCYC:EG11337,GeneID:946667",,lysP,Gene,,,,,lysP,protein_coding,"cadR,ECK2149",b2156,,,,,,,,,,
NC_000913.3,RefSeq,gene,2248737,2249618,,-,,882,gene-b2157,"ECOCYC:EG12105,GeneID:946657",,yeiE,Gene,,,,,yeiE,protein_coding,ECK2150,b2157,,,,,,,,,,
NC_000913.3,RefSeq,gene,2249717,2250766,,+,,1050,gene-b2158,"ECOCYC:EG12027,GeneID:946668",,yeiH,Gene,,,,,yeiH,protein_coding,ECK2151,b2158,,,,,,,,,,
NC_000913.3,RefSeq,gene,2250840,2251697,,+,,858,gene-b2159,"ECOCYC:EG10651,GeneID:946669",,nfo,Gene,,,,,nfo,protein_coding,ECK2152,b2159,,,,,,,,,,
NC_000913.3,RefSeq,gene,2251700,2252788,,+,,1089,gene-b2160,"ECOCYC:EG12028,GeneID:946640",,yeiI,Gene,,,,,yeiI,protein_coding,ECK2153,b2160,,,,,,,,,,
NC_000913.3,RefSeq,gene,2252895,2254145,,-,,1251,gene-b2161,"ECOCYC:EG12029,GeneID:946655",,nupX,Gene,,,,,nupX,protein_coding,"ECK2154,yeiJ",b2161,,,,,,,,,,
NC_000913.3,RefSeq,gene,2254245,2255186,,-,,942,gene-b2162,"ECOCYC:EG12030,GeneID:946646",,rihB,Gene,,,,,rihB,protein_coding,"ECK2155,yeiK",b2162,,,,,,,,,,
NC_000913.3,RefSeq,gene,2255355,2256014,,+,,660,gene-b2163,"ECOCYC:EG12031,GeneID:946670",,yeiL,Gene,,,,,yeiL,protein_coding,ECK2156,b2163,,,,,,,,,,
NC_000913.3,RefSeq,gene,2256085,2257335,,-,,1251,gene-b2164,"ECOCYC:EG12032,GeneID:946671",,psuT,Gene,,,,,psuT,protein_coding,"ECK2157,pscT,yeiM",b2164,,,,,,,,,,
NC_000913.3,RefSeq,gene,2257429,2258367,,-,,939,gene-b2165,"ECOCYC:EG12033,GeneID:946699",,psuG,Gene,,,,,psuG,protein_coding,"ECK2158,pscG,yeiN",b2165,,,,,,,,,,
NC_000913.3,RefSeq,gene,2258355,2259296,,-,,942,gene-b2166,"ECOCYC:EG11646,GeneID:946664",,psuK,Gene,,,,,psuK,protein_coding,"ECK2159,pscK,yeiC",b2166,,,,,,,,,,
NC_000913.3,RefSeq,gene,2259719,2261410,,-,,1692,gene-b2167,"ECOCYC:EG10336,GeneID:946672",,fruA,Gene,,,,,fruA,protein_coding,"ECK2160,ptsF",b2167,,,,,,,,,,
NC_000913.3,RefSeq,gene,2261427,2262365,,-,,939,gene-b2168,"ECOCYC:EG10337,GeneID:946676",,fruK,Gene,,,,,fruK,protein_coding,"ECK2161,fpk",b2168,,,,,,,,,,
NC_000913.3,RefSeq,gene,2262365,2263495,,-,,1131,gene-b2169,"ECOCYC:G7990,GeneID:946677",,fruB,Gene,,,,,fruB,protein_coding,"ECK2162,fpr,fruF",b2169,,,,,,,,,,
NC_000913.3,RefSeq,gene,2263863,2265044,,+,,1182,gene-b2170,"ECOCYC:EG12034,GeneID:946673",,setB,Gene,,,,,setB,protein_coding,"ECK2163,yeiO",b2170,,,,,,,,,,
NC_000913.3,RefSeq,gene,2265041,2265295,,-,,255,gene-b4502,"ECOCYC:G0-10511,GeneID:4056031",,yeiW,Gene,,,,,yeiW,protein_coding,ECK2164,b4502,,,,,,,,,,
NC_000913.3,RefSeq,gene,2265450,2266022,,+,,573,gene-b2171,"ECOCYC:EG12035,GeneID:946674",,yeiP,Gene,,,,,yeiP,protein_coding,ECK2165,b2171,,,,,,,,,,
NC_000913.3,RefSeq,gene,2266245,2267711,,+,,1467,gene-b2172,"ECOCYC:EG12036,GeneID:946688",,yeiQ,Gene,,,,,yeiQ,protein_coding,ECK2166,b2172,,,,,,,,,,
NC_000913.3,RefSeq,gene,2267829,2268815,,+,,987,gene-b2173,"ECOCYC:EG12104,GeneID:946701",,yeiR,Gene,,,,,yeiR,protein_coding,ECK2167,b2173,,,,,,,,,,
NC_000913.3,RefSeq,gene,2268854,2269567,,+,,714,gene-b2174,"ECOCYC:G7146,GeneID:946693",,lpxT,Gene,,,,,lpxT,protein_coding,"ECK2168,yeiU",b2174,,,,,,,,,,
NC_000913.3,RefSeq,gene,2269979,2270545,,+,,567,gene-b2175,"ECOCYC:G7147,GeneID:946686",,mepS,Gene,,,,,mepS,protein_coding,"ECK2169,spr,yeiV",b2175,,,,,,,,,,
NC_000913.3,RefSeq,gene,2270726,2272282,,+,,1557,gene-b2176,"ECOCYC:G7148,GeneID:946695",,pdeN,Gene,,,,,pdeN,protein_coding,"ECK2170,rtn",b2176,,,,,,,,,,
NC_000913.3,RefSeq,gene,2272364,2274178,,+,,1815,gene-b2177,"ECOCYC:EG12037,GeneID:946675",,yejA,Gene,,,,,yejA,protein_coding,ECK2171,b2177,,,,,,,,,,
NC_000913.3,RefSeq,gene,2274179,2275273,,+,,1095,gene-b2178,"ECOCYC:EG12038,GeneID:946679",,yejB,Gene,,,,,yejB,protein_coding,ECK2172,b2178,,,,,,,,,,
NC_000913.3,RefSeq,gene,2275273,2276298,,+,,1026,gene-b2179,"ECOCYC:EG12040,GeneID:946683",,yejE,Gene,,,,,yejE,protein_coding,ECK2173,b2179,,,,,,,,,,
NC_000913.3,RefSeq,gene,2276300,2277889,,+,,1590,gene-b2180,"ECOCYC:EG12041,GeneID:946689",,yejF,Gene,,,,,yejF,protein_coding,ECK2174,b2180,,,,,,,,,,
NC_000913.3,RefSeq,gene,2277893,2278237,,-,,345,gene-b2181,"ECOCYC:EG12042,GeneID:945319",,yejG,Gene,,,,,yejG,protein_coding,ECK2175,b2181,,,,,,,,,,
NC_000913.3,RefSeq,gene,2278570,2279760,,-,,1191,gene-b2182,"ECOCYC:EG11419,GeneID:944808",,bcr,Gene,,,,,bcr,protein_coding,"bicA,bicR,ECK2176,sur,suxA",b2182,,,,,,,,,,
NC_000913.3,RefSeq,gene,2279788,2280483,,-,,696,gene-b2183,"ECOCYC:EG12044,GeneID:945378",,rsuA,Gene,,,,,rsuA,protein_coding,"ECK2177,yejD",b2183,,,,,,,,,,
NC_000913.3,RefSeq,gene,2280632,2282392,,+,,1761,gene-b2184,"ECOCYC:EG12045,GeneID:945529",,radD,Gene,,,,,radD,protein_coding,"ECK2178,yejH,yejI,yejJ",b2184,,,,,,,,,,
NC_000913.3,RefSeq,gene,2282517,2282801,,+,,285,gene-b2185,"ECOCYC:EG10885,GeneID:945618",,rplY,Gene,,,,,rplY,protein_coding,ECK2179,b2185,,,,,,,,,,
NC_000913.3,RefSeq,gene,2282940,2283947,,-,,1008,gene-b2186,"ECOCYC:EG12048,GeneID:946690",,yejK,Gene,,,,,yejK,protein_coding,"ECK2180,ndpA",b2186,,,,,,,,,,
NC_000913.3,RefSeq,gene,2284129,2284356,,+,,228,gene-b2187,"ECOCYC:EG12043,GeneID:946694",,yejL,Gene,,,,,yejL,protein_coding,ECK2181,b2187,,,,,,,,,,
NC_000913.3,RefSeq,gene,2284376,2286136,,+,,1761,gene-b2188,"ECOCYC:EG12049,GeneID:946685",,lapC,Gene,,,,,lapC,protein_coding,"ECK2182,pbgA,yejM,yejN",b2188,,,,,,,,,,
NC_000913.3,RefSeq,gene,2286211,2286287,,+,,77,gene-b2189,"ECOCYC:EG30067,GeneID:946320",,proL,Gene,,,,,proL,tRNA,"ECK2183,proW",b2189,,,,,,,,,,
NC_000913.3,RefSeq,gene,2289065,2290045,,-,,981,gene-b2192,"ECOCYC:G7150,GeneID:949121",,insH8,Gene,,,,,insH8,protein_coding,"ECK0261,trs5-8,yi52_8",b2192,,,,,,,,,,
NC_000913.3,RefSeq,gene,2290500,2291147,,+,,648,gene-b2193,"ECOCYC:EG11527,GeneID:949081",,narP,Gene,,,,,narP,protein_coding,ECK2185,b2193,,,,,,,,,,
NC_000913.3,RefSeq,gene,2291358,2292410,,-,,1053,gene-b2194,"ECOCYC:EG12052,GeneID:946623",,ccmH,Gene,,,,,ccmH,protein_coding,"ECK2186,yejP",b2194,,,,,,,,,,
NC_000913.3,RefSeq,gene,2292407,2292964,,-,,558,gene-b2195,"ECOCYC:EG12053,GeneID:949073",,ccmG,Gene,,,,,ccmG,protein_coding,"dsbE,ECK2187,yejQ",b2195,,,,,,,,,,
NC_000913.3,RefSeq,gene,2292961,2294904,,-,,1944,gene-b2196,"ECOCYC:EG12054,GeneID:948783",,ccmF,Gene,,,,,ccmF,protein_coding,"ECK2188,yejR",b2196,,,,,,,,,,
NC_000913.3,RefSeq,gene,2294901,2295380,,-,,480,gene-b2197,"ECOCYC:EG12055,GeneID:946697",,ccmE,Gene,,,,,ccmE,protein_coding,"ECK2189,yejS",b2197,,,,,,,,,,
NC_000913.3,RefSeq,gene,2295377,2295586,,-,,210,gene-b2198,"ECOCYC:EG12169,GeneID:946709",,ccmD,Gene,,,,,ccmD,protein_coding,"ECK2190,yojM",b2198,,,,,,,,,,
NC_000913.3,RefSeq,gene,2295583,2296320,,-,,738,gene-b2199,"ECOCYC:EG12057,GeneID:946703",,ccmC,Gene,,,,,ccmC,protein_coding,"ECK2191,yejT,yejU",b2199,,,,,,,,,,
NC_000913.3,RefSeq,gene,2296362,2297024,,-,,663,gene-b2200,"ECOCYC:EG12058,GeneID:946692",,ccmB,Gene,,,,,ccmB,protein_coding,"ECK2192,yejV",b2200,,,,,,,,,,
NC_000913.3,RefSeq,gene,2297021,2297644,,-,,624,gene-b2201,"ECOCYC:EG12059,GeneID:946714",,ccmA,Gene,,,,,ccmA,protein_coding,"ECK2193,yejW",b2201,,,,,,,,,,
NC_000913.3,RefSeq,gene,2297657,2298259,,-,,603,gene-b2202,"ECOCYC:EG12060,GeneID:946706",,napC,Gene,,,,,napC,protein_coding,"ECK2194,yejX",b2202,,,,,,,,,,
NC_000913.3,RefSeq,gene,2298269,2298718,,-,,450,gene-b2203,"ECOCYC:EG12061,GeneID:946698",,napB,Gene,,,,,napB,protein_coding,"ECK2195,yejY",b2203,,,,,,,,,,
NC_000913.3,RefSeq,gene,2298715,2299578,,-,,864,gene-b2204,"ECOCYC:EG12062,GeneID:945984",,napH,Gene,,,,,napH,protein_coding,"ECK2196,yejZ",b2204,,,,,,,,,,
NC_000913.3,RefSeq,gene,2299565,2300260,,-,,696,gene-b2205,"ECOCYC:EG12064,GeneID:945544",,napG,Gene,,,,,napG,protein_coding,"ECK2197,yojA,yojB",b2205,,,,,,,,,,
NC_000913.3,RefSeq,gene,2300267,2302753,,-,,2487,gene-b2206,"ECOCYC:EG12067,GeneID:947093",,napA,Gene,,,,,napA,protein_coding,"ECK2198,yojC,yojD,yojE",b2206,,,,,,,,,,
NC_000913.3,RefSeq,gene,2302750,2303013,,-,,264,gene-b2207,"ECOCYC:EG12143,GeneID:945187",,napD,Gene,,,,,napD,protein_coding,"ECK2199,yojF",b2207,,,,,,,,,,
NC_000913.3,RefSeq,gene,2303003,2303497,,-,,495,gene-b2208,"ECOCYC:EG12068,GeneID:946813",,napF,Gene,,,,,napF,protein_coding,"ECK2200,yojG",b2208,,,,,,,,,,
NC_000913.3,RefSeq,gene,2303606,2303770,,+,,165,gene-b4604,"ECOCYC:G0-10595,GeneID:5061514",,yojO,Gene,,,,,yojO,protein_coding,ECK4413,b4604,,,,,,,,,,
NC_000913.3,RefSeq,gene,2303905,2304393,,+,,489,gene-b2209,"ECOCYC:EG10255,GeneID:946700",,eco,Gene,,,,,eco,protein_coding,"ECK2201,eti",b2209,,,,,,,,,,
NC_000913.3,RefSeq,gene,2305108,2306754,,-,,1647,gene-b2210,"ECOCYC:EG12069,GeneID:946702",,mqo,Gene,,,,,mqo,protein_coding,"ECK2202,yojH",b2210,,,,,,,,,,
NC_000913.3,RefSeq,gene,2306972,2308615,,-,,1644,gene-b2211,"ECOCYC:EG12070,GeneID:946705",,yojI,Gene,,,,,yojI,protein_coding,"ECK2203,yojJ",b2211,,,,,,,,,,
NC_000913.3,RefSeq,gene,2308691,2309341,,-,,651,gene-b2212,"ECOCYC:EG10037,GeneID:946708",,alkB,Gene,,,,,alkB,protein_coding,"aidD,ECK2204",b2212,,,,,,,,,,
NC_000913.3,RefSeq,gene,2309341,2310405,,-,,1065,gene-b2213,"ECOCYC:EG10029,GeneID:946710",,ada,Gene,,,,,ada,protein_coding,ECK2205,b2213,,,,,,,,,,
NC_000913.3,RefSeq,gene,2310479,2311534,,-,,1056,gene-b2214,"ECOCYC:EG12073,GeneID:946711",,ftp,Gene,,,,,ftp,protein_coding,"apbE,ECK2206,yojK,yojL",b2214,,,,,,,,,,
NC_000913.3,RefSeq,gene,2311646,2312749,,-,,1104,gene-b2215,"ECOCYC:EG10670,GeneID:946716",,ompC,Gene,,,,,ompC,protein_coding,"ECK2207,meoA,par",b2215,,,,,,,,,,
NC_000913.3,RefSeq,gene,2313084,2313176,,+,,93,gene-b4439,"ECOCYC:EG30063,GeneID:2847742",,micF,Gene,,,,,micF,ncRNA,"ECK2208,stc",b4439,,,,,,,,,,
NC_000913.3,RefSeq,gene,2313488,2316160,,+,,2673,gene-b2216,"ECOCYC:EG12385,GeneID:946717",,rcsD,Gene,,,,,rcsD,protein_coding,"ECK2209,yojN,yojP,yojQ",b2216,,,,,,,,,,
NC_000913.3,RefSeq,gene,2316177,2316827,,+,,651,gene-b2217,"ECOCYC:EG10821,GeneID:947441",,rcsB,Gene,,,,,rcsB,protein_coding,ECK2210,b2217,,,,,,,,,,
NC_000913.3,RefSeq,gene,2317027,2319876,,-,,2850,gene-b2218,"ECOCYC:EG10822,GeneID:948993",,rcsC,Gene,,,,,rcsC,protein_coding,ECK2211,b2218,,,,,,,,,,
NC_000913.3,RefSeq,gene,2320043,2321869,,+,,1827,gene-b2219,"ECOCYC:EG11667,GeneID:949011",,atoS,Gene,,,,,atoS,protein_coding,ECK2212,b2219,,,,,,,,,,
NC_000913.3,RefSeq,gene,2321866,2323251,,+,,1386,gene-b2220,"ECOCYC:EG11668,GeneID:947444",,atoC,Gene,,,,,atoC,protein_coding,ECK2213,b2220,,,,,,,,,,
NC_000913.3,RefSeq,gene,2323447,2324109,,+,,663,gene-b2221,"ECOCYC:EG11669,GeneID:947525",,atoD,Gene,,,,,atoD,protein_coding,ECK2214,b2221,,,,,,,,,,
NC_000913.3,RefSeq,gene,2324109,2324759,,+,,651,gene-b2222,"ECOCYC:EG11670,GeneID:946719",,atoA,Gene,,,,,atoA,protein_coding,ECK2215,b2222,,,,,,,,,,
NC_000913.3,RefSeq,gene,2324756,2326078,,+,,1323,gene-b2223,"ECOCYC:EG11671,GeneID:946721",,atoE,Gene,,,,,atoE,protein_coding,ECK2216,b2223,,,,,,,,,,
NC_000913.3,RefSeq,gene,2326109,2327293,,+,,1185,gene-b2224,"ECOCYC:EG11672,GeneID:946727",,atoB,Gene,,,,,atoB,protein_coding,ECK2217,b2224,,,,,,,,,,
NC_000913.3,RefSeq,gene,2327367,2328143,,-,,777,gene-b2225,"ECOCYC:G7152,GeneID:946728",,yfaP,Gene,,,,,yfaP,protein_coding,ECK2218,b2225,,,,,,,,,,
NC_000913.3,RefSeq,gene,2328148,2329797,,-,,1650,gene-b2226,"ECOCYC:G7153,GeneID:946730",,yfaQ,Gene,,,,,yfaQ,protein_coding,ECK2219,b2226,,,,,,,,,,
NC_000913.3,RefSeq,gene,2334336,2334959,,-,,624,gene-b2229,"ECOCYC:G7156,GeneID:946622",,yfaT,Gene,,,,,yfaT,protein_coding,ECK2221,b2229,,,,,,,,,,
NC_000913.3,RefSeq,gene,2334956,2336644,,-,,1689,gene-b2230,"ECOCYC:EG11142,GeneID:946618",,yfaA,Gene,,,,,yfaA,protein_coding,"ECK2222,pufY",b2230,,,,,,,,,,
NC_000913.3,RefSeq,gene,2336793,2339420,,-,,2628,gene-b2231,"ECOCYC:EG10423,GeneID:946614",,gyrA,Gene,,,,,gyrA,protein_coding,"ECK2223,hisW,nalA,nfxA,norA,parD",b2231,,,,,,,,,,
NC_000913.3,RefSeq,gene,2339567,2340289,,+,,723,gene-b2232,"ECOCYC:EG11143,GeneID:946607",,ubiG,Gene,,,,,ubiG,protein_coding,"ECK2224,pufX,yfaB",b2232,,,,,,,,,,
NC_000913.3,RefSeq,gene,2340417,2344169,,-,,3753,gene-b2233,"ECOCYC:EG12850,GeneID:946595",,yfaL,Gene,,,,,yfaL,protein_coding,"ECK2225,yfaF,yfaJ,yfaK",b2233,,,,,,,,,,
NC_000913.3,RefSeq,gene,2344594,2344737,,-,,144,gene-b4605,"ECOCYC:G0-10596,GeneID:5061511",,ypaB,Gene,,,,,ypaB,protein_coding,ECK4414,b4605,,,,,,,,,,
NC_000913.3,RefSeq,gene,2344865,2347150,,+,,2286,gene-b2234,"ECOCYC:EG10660,GeneID:946612",,nrdA,Gene,,,,,nrdA,protein_coding,"dnaF,ECK2226",b2234,,,,,,,,,,
NC_000913.3,RefSeq,gene,2347350,2347385,,-,,36,gene-b4779,"ECOCYC:G0-17025,GeneID:63925641",,yoaM,Gene,,,,,yoaM,protein_coding,ECK4636,b4779,,,,,,,,,,
NC_000913.3,RefSeq,gene,2347384,2348514,,+,,1131,gene-b2235,"ECOCYC:EG10661,GeneID:946732",,nrdB,Gene,,,,,nrdB,protein_coding,"ECK2227,ftsB",b2235,,,,,,,,,,
NC_000913.3,RefSeq,gene,2348514,2348768,,+,,255,gene-b2236,"ECOCYC:EG12360,GeneID:946729",,yfaE,Gene,,,,,yfaE,protein_coding,ECK2228,b2236,,,,,,,,,,
NC_000913.3,RefSeq,gene,2348822,2349472,,-,,651,gene-b2237,"ECOCYC:EG11422,GeneID:946731",,inaA,Gene,,,,,inaA,protein_coding,"ECK2229,yfaG",b2237,,,,,,,,,,
NC_000913.3,RefSeq,gene,2349935,2351011,,-,,1077,gene-b2239,"ECOCYC:EG10399,GeneID:946725",,glpQ,Gene,,,,,glpQ,protein_coding,ECK2231,b2239,,,,,,,,,,
NC_000913.3,RefSeq,gene,2351016,2352374,,-,,1359,gene-b2240,"ECOCYC:EG10401,GeneID:946704",,glpT,Gene,,,,,glpT,protein_coding,ECK2232,b2240,,,,,,,,,,
NC_000913.3,RefSeq,gene,2352647,2354275,,+,,1629,gene-b2241,"ECOCYC:EG10391,GeneID:946713",,glpA,Gene,,,,,glpA,protein_coding,ECK2233,b2241,,,,,,,,,,
NC_000913.3,RefSeq,gene,2354265,2355524,,+,,1260,gene-b2242,"ECOCYC:EG10392,GeneID:946733",,glpB,Gene,,,,,glpB,protein_coding,"ECK2234,psi-51",b2242,,,,,,,,,,
NC_000913.3,RefSeq,gene,2355521,2356711,,+,,1191,gene-b2243,"ECOCYC:EG10393,GeneID:946735",,glpC,Gene,,,,,glpC,protein_coding,ECK2235,b2243,,,,,,,,,,
NC_000913.3,RefSeq,gene,2356904,2357803,,+,,900,gene-b2244,"ECOCYC:EG12323,GeneID:946737",,rpnE,Gene,,,,,rpnE,protein_coding,"ECK2236,yfaD",b2244,,,,,,,,,,
NC_000913.3,RefSeq,gene,2358042,2358845,,-,,804,gene-b2245,"ECOCYC:G7158,GeneID:948054",,yfaU,Gene,,,,,yfaU,protein_coding,ECK2238,b2245,,,,,,,,,,
NC_000913.3,RefSeq,gene,2358863,2360152,,-,,1290,gene-b2246,"ECOCYC:G7159,GeneID:945796",,yfaV,Gene,,,,,yfaV,protein_coding,ECK2239,b2246,,,,,,,,,,
NC_000913.3,RefSeq,gene,2360209,2361414,,-,,1206,gene-b2247,"ECOCYC:G7160,GeneID:945881",,rhmD,Gene,,,,,rhmD,protein_coding,"ECK2240,yfaW",b2247,,,,,,,,,,
NC_000913.3,RefSeq,gene,2361429,2362211,,-,,783,gene-b2248,"ECOCYC:G7161,GeneID:944752",,yfaX,Gene,,,,,yfaX,protein_coding,ECK2241,b2248,,,,,,,,,,
NC_000913.3,RefSeq,gene,2362431,2363633,,-,,1203,gene-b2249,"ECOCYC:G7162,GeneID:945478",,yfaY,Gene,,,,,yfaY,protein_coding,ECK2242,b2249,,,,,,,,,,
NC_000913.3,RefSeq,gene,2363733,2364275,,-,,543,gene-b2250,"ECOCYC:G7163,GeneID:946739",,yfaZ,Gene,,,,,yfaZ,protein_coding,ECK2243,b2250,,,,,,,,,,
NC_000913.3,RefSeq,gene,2364554,2364979,,+,,426,gene-b2251,"ECOCYC:G7164,GeneID:946740",,nudI,Gene,,,,,nudI,protein_coding,"ECK2244,yfaO",b2251,,,,,,,,,,
NC_000913.3,RefSeq,gene,2365018,2365620,,-,,603,gene-b2252,"ECOCYC:G7165,GeneID:944945",,ais,Gene,,,,,ais,protein_coding,"ECK2245,pagH,pmrG",b2252,,,,,,,,,,
NC_000913.3,RefSeq,gene,2365910,2367067,,+,,1158,gene-b2253,"ECOCYC:G7166,GeneID:947375",,arnB,Gene,,,,,arnB,protein_coding,"ECK2246,pmrH,yfbE",b2253,,,,,,,,,,
NC_000913.3,RefSeq,gene,2367071,2368039,,+,,969,gene-b2254,"ECOCYC:G7167,GeneID:945275",,arnC,Gene,,,,,arnC,protein_coding,"ECK2247,pmrF,yfbF",b2254,,,,,,,,,,
NC_000913.3,RefSeq,gene,2368039,2370021,,+,,1983,gene-b2255,"ECOCYC:G7168,GeneID:947683",,arnA,Gene,,,,,arnA,protein_coding,"ECK2248,pmrI,SAF,yfbG",b2255,,,,,,,,,,
NC_000913.3,RefSeq,gene,2370018,2370908,,+,,891,gene-b2256,"ECOCYC:G7169,GeneID:945334",,arnD,Gene,,,,,arnD,protein_coding,"ECK2249,pmrJ,yfbH",b2256,,,,,,,,,,
NC_000913.3,RefSeq,gene,2370908,2372560,,+,,1653,gene-b2257,"ECOCYC:G7170,GeneID:947297",,arnT,Gene,,,,,arnT,protein_coding,"ECK2250,pmrK,yfbI",b2257,,,,,,,,,,
NC_000913.3,RefSeq,gene,2372557,2372892,,+,,336,gene-b4544,"ECOCYC:G0-10460,GeneID:1450282",,arnE,Gene,,,,,arnE,protein_coding,"ECK2251,yfbW",b4544,,,,,,,,,,
NC_000913.3,RefSeq,gene,2372892,2373278,,+,,387,gene-b2258,"ECOCYC:G7171,GeneID:945344",,arnF,Gene,,,,,arnF,protein_coding,"ECK2252,yfbJ",b2258,,,,,,,,,,
NC_000913.3,RefSeq,gene,2373272,2373538,,-,,267,gene-b2259,"ECOCYC:G7172,GeneID:945130",,pmrD,Gene,,,,,pmrD,protein_coding,ECK2253,b2259,,,,,,,,,,
NC_000913.3,RefSeq,gene,2373648,2375003,,-,,1356,gene-b2260,"ECOCYC:EG12437,GeneID:946741",,menE,Gene,,,,,menE,protein_coding,ECK2254,b2260,,,,,,,,,,
NC_000913.3,RefSeq,gene,2375000,2375962,,-,,963,gene-b2261,"ECOCYC:EG11532,GeneID:946734",,menC,Gene,,,,,menC,protein_coding,ECK2255,b2261,,,,,,,,,,
NC_000913.3,RefSeq,gene,2375962,2376819,,-,,858,gene-b2262,"ECOCYC:EG11368,GeneID:946747",,menB,Gene,,,,,menB,protein_coding,ECK2256,b2262,,,,,,,,,,
NC_000913.3,RefSeq,gene,2376834,2377592,,-,,759,gene-b2263,"ECOCYC:EG12438,GeneID:946736",,menH,Gene,,,,,menH,protein_coding,"ECK2257,yfbB",b2263,,,,,,,,,,
NC_000913.3,RefSeq,gene,2377589,2379259,,-,,1671,gene-b2264,"ECOCYC:EG10579,GeneID:946720",,menD,Gene,,,,,menD,protein_coding,ECK2258,b2264,,,,,,,,,,
NC_000913.3,RefSeq,gene,2379348,2380643,,-,,1296,gene-b2265,"ECOCYC:EG12362,GeneID:946712",,menF,Gene,,,,,menF,protein_coding,"ECK2259,yfbA",b2265,,,,,,,,,,
NC_000913.3,RefSeq,gene,2380722,2381027,,-,,306,gene-b2266,"ECOCYC:G7173,GeneID:946751",,elaB,Gene,,,,,elaB,protein_coding,"ECK2260,yfbD",b2266,,,,,,,,,,
NC_000913.3,RefSeq,gene,2381082,2381543,,-,,462,gene-b2267,"ECOCYC:G7174,GeneID:946750",,elaA,Gene,,,,,elaA,protein_coding,"ECK2261,yfbC",b2267,,,,,,,,,,
NC_000913.3,RefSeq,gene,2381608,2382525,,+,,918,gene-b2268,"ECOCYC:G7175,GeneID:946760",,rbn,Gene,,,,,rbn,protein_coding,"ECK2262,ecoZ,elaC,rnz,zipD",b2268,,,,,,,,,,
NC_000913.3,RefSeq,gene,2382713,2383924,,+,,1212,gene-b2269,"ECOCYC:G7176,GeneID:946742",,elaD,Gene,,,,,elaD,protein_coding,ECK2263,b2269,,,,,,,,,,
NC_000913.3,RefSeq,gene,2383995,2385722,,-,,1728,gene-b2270,"ECOCYC:G7177,GeneID:946743",,yfbK,Gene,,,,,yfbK,protein_coding,ECK2264,b2270,,,,,,,,,,
NC_000913.3,RefSeq,gene,2385860,2386831,,+,,972,gene-b2271,"ECOCYC:G7178,GeneID:945832",,yfbL,Gene,,,,,yfbL,protein_coding,ECK2265,b2271,,,,,,,,,,
NC_000913.3,RefSeq,gene,2386934,2387437,,+,,504,gene-b2272,"ECOCYC:G7179,GeneID:946745",,yfbM,Gene,,,,,yfbM,protein_coding,ECK2266,b2272,,,,,,,,,,
NC_000913.3,RefSeq,gene,2387710,2388426,,-,,717,gene-b2273,"ECOCYC:G7180,GeneID:946748",,yfbN,Gene,,,,,yfbN,protein_coding,ECK2267,b2273,,,,,,,,,,
NC_000913.3,RefSeq,gene,2388635,2389057,,+,,423,gene-b2274,"ECOCYC:G7181,GeneID:946752",,yfbO,Gene,,,,,yfbO,protein_coding,ECK2268,b2274,,,,,,,,,,
NC_000913.3,RefSeq,gene,2389116,2389964,,+,,849,gene-b2275,"ECOCYC:G7182,GeneID:946754",,yfbP,Gene,,,,,yfbP,protein_coding,ECK2269,b2275,,,,,,,,,,
NC_000913.3,RefSeq,gene,2390048,2391505,,-,,1458,gene-b2276,"ECOCYC:EG12093,GeneID:945136",,nuoN,Gene,,,,,nuoN,protein_coding,ECK2270,b2276,,,,,,,,,,
NC_000913.3,RefSeq,gene,2391512,2393041,,-,,1530,gene-b2277,"ECOCYC:EG11773,GeneID:947731",,nuoM,Gene,,,,,nuoM,protein_coding,"ECK2271,nuoA",b2277,,,,,,,,,,
NC_000913.3,RefSeq,gene,2393205,2395046,,-,,1842,gene-b2278,"ECOCYC:EG12092,GeneID:945540",,nuoL,Gene,,,,,nuoL,protein_coding,ECK2272,b2278,,,,,,,,,,
NC_000913.3,RefSeq,gene,2395043,2395345,,-,,303,gene-b2279,"ECOCYC:EG12091,GeneID:947580",,nuoK,Gene,,,,,nuoK,protein_coding,ECK2273,b2279,,,,,,,,,,
NC_000913.3,RefSeq,gene,2395342,2395896,,-,,555,gene-b2280,"ECOCYC:EG12090,GeneID:946756",,nuoJ,Gene,,,,,nuoJ,protein_coding,ECK2274,b2280,,,,,,,,,,
NC_000913.3,RefSeq,gene,2395908,2396450,,-,,543,gene-b2281,"ECOCYC:EG12089,GeneID:946757",,nuoI,Gene,,,,,nuoI,protein_coding,ECK2275,b2281,,,,,,,,,,
NC_000913.3,RefSeq,gene,2396465,2397442,,-,,978,gene-b2282,"ECOCYC:EG12088,GeneID:946761",,nuoH,Gene,,,,,nuoH,protein_coding,ECK2276,b2282,,,,,,,,,,
NC_000913.3,RefSeq,gene,2397439,2400165,,-,,2727,gene-b2283,"ECOCYC:EG12087,GeneID:946762",,nuoG,Gene,,,,,nuoG,protein_coding,ECK2277,b2283,,,,,,,,,,
NC_000913.3,RefSeq,gene,2400218,2401555,,-,,1338,gene-b2284,"ECOCYC:EG11774,GeneID:946753",,nuoF,Gene,,,,,nuoF,protein_coding,ECK2278,b2284,,,,,,,,,,
NC_000913.3,RefSeq,gene,2401552,2402052,,-,,501,gene-b2285,"ECOCYC:EG12086,GeneID:946746",,nuoE,Gene,,,,,nuoE,protein_coding,ECK2279,b2285,,,,,,,,,,
NC_000913.3,RefSeq,gene,2402055,2403845,,-,,1791,gene-b2286,"ECOCYC:EG12084,GeneID:946759",,nuoC,Gene,,,,,nuoC,protein_coding,"ECK2280,nuoD",b2286,,,,,,,,,,
NC_000913.3,RefSeq,gene,2403951,2404613,,-,,663,gene-b2287,"ECOCYC:EG12083,GeneID:946738",,nuoB,Gene,,,,,nuoB,protein_coding,ECK2281,b2287,,,,,,,,,,
NC_000913.3,RefSeq,gene,2404629,2405072,,-,,444,gene-b2288,"ECOCYC:EG12082,GeneID:946764",,nuoA,Gene,,,,,nuoA,protein_coding,ECK2282,b2288,,,,,,,,,,
NC_000913.3,RefSeq,gene,2405703,2406641,,-,,939,gene-b2289,"ECOCYC:EG12123,GeneID:946769",,lrhA,Gene,,,,,lrhA,protein_coding,"ECK2283,genR",b2289,,,,,,,,,,
NC_000913.3,RefSeq,gene,2407561,2408778,,+,,1218,gene-b2290,"ECOCYC:G7184,GeneID:946772",,alaA,Gene,,,,,alaA,protein_coding,"ECK2284,yfbQ",b2290,,,,,,,,,,
NC_000913.3,RefSeq,gene,2408862,2409461,,+,,600,gene-b2291,"ECOCYC:G7185,GeneID:946771",,yfbR,Gene,,,,,yfbR,protein_coding,ECK2285,b2291,,,,,,,,,,
NC_000913.3,RefSeq,gene,2409520,2411352,,-,,1833,gene-b2292,"ECOCYC:G7186,GeneID:946766",,yfbS,Gene,,,,,yfbS,protein_coding,ECK2286,b2292,,,,,,,,,,
NC_000913.3,RefSeq,gene,2411439,2412089,,-,,651,gene-b2293,"ECOCYC:G7187,GeneID:946777",,hxpA,Gene,,,,,hxpA,protein_coding,"ECK2287,yfbT",b2293,,,,,,,,,,
NC_000913.3,RefSeq,gene,2412100,2412594,,-,,495,gene-b2294,"ECOCYC:G7188,GeneID:946767",,yfbU,Gene,,,,,yfbU,protein_coding,ECK2288,b2294,,,,,,,,,,
NC_000913.3,RefSeq,gene,2412677,2413132,,-,,456,gene-b2295,"ECOCYC:G7189,GeneID:946774",,yfbV,Gene,,,,,yfbV,protein_coding,ECK2289,b2295,,,,,,,,,,
NC_000913.3,RefSeq,gene,2413470,2414672,,+,,1203,gene-b2296,"ECOCYC:EG10027,GeneID:946775",,ackA,Gene,,,,,ackA,protein_coding,ECK2290,b2296,,,,,,,,,,
NC_000913.3,RefSeq,gene,2414747,2416891,,+,,2145,gene-b2297,"ECOCYC:EG20173,GeneID:946778",,pta,Gene,,,,,pta,protein_coding,ECK2291,b2297,,,,,,,,,,
NC_000913.3,RefSeq,gene,2417081,2418601,,+,,1521,gene-b2298,"ECOCYC:G7190,GeneID:946780",,yfcC,Gene,,,,,yfcC,protein_coding,ECK2292,b2298,,,,,,,,,,
NC_000913.3,RefSeq,gene,2418634,2419176,,-,,543,gene-b2299,"ECOCYC:G7191,GeneID:946783",,yfcD,Gene,,,,,yfcD,protein_coding,ECK2293,b2299,,,,,,,,,,
NC_000913.3,RefSeq,gene,2419234,2419788,,-,,555,gene-b2300,"ECOCYC:G7192,GeneID:946755",,yfcE,Gene,,,,,yfcE,protein_coding,ECK2294,b2300,,,,,,,,,,
NC_000913.3,RefSeq,gene,2419841,2420485,,-,,645,gene-b2301,"ECOCYC:G7193,GeneID:946749",,yfcF,Gene,,,,,yfcF,protein_coding,ECK2295,b2301,,,,,,,,,,
NC_000913.3,RefSeq,gene,2420621,2421268,,+,,648,gene-b2302,"ECOCYC:G7194,GeneID:946763",,yfcG,Gene,,,,,yfcG,protein_coding,ECK2296,b2302,,,,,,,,,,
NC_000913.3,RefSeq,gene,2421325,2421687,,+,,363,gene-b2303,"ECOCYC:G7195,GeneID:946781",,folX,Gene,,,,,folX,protein_coding,ECK2297,b2303,,,,,,,,,,
NC_000913.3,RefSeq,gene,2421708,2422601,,+,,894,gene-b2304,"ECOCYC:G7196,GeneID:946784",,yfcH,Gene,,,,,yfcH,protein_coding,ECK2298,b2304,,,,,,,,,,
NC_000913.3,RefSeq,gene,2422649,2423539,,-,,891,gene-b2305,"ECOCYC:G7197,GeneID:946787",,rpnB,Gene,,,,,rpnB,protein_coding,"ECK2299,yfcI",b2305,,,,,,,,,,
NC_000913.3,RefSeq,gene,2423736,2424509,,-,,774,gene-b2306,"ECOCYC:EG10452,GeneID:946789",,hisP,Gene,,,,,hisP,protein_coding,ECK2300,b2306,,,,,,,,,,
NC_000913.3,RefSeq,gene,2424517,2425233,,-,,717,gene-b2307,"ECOCYC:EG10007,GeneID:946790",,hisM,Gene,,,,,hisM,protein_coding,ECK2301,b2307,,,,,,,,,,
NC_000913.3,RefSeq,gene,2425230,2425916,,-,,687,gene-b2308,"ECOCYC:EG12125,GeneID:947235",,hisQ,Gene,,,,,hisQ,protein_coding,ECK2302,b2308,,,,,,,,,,
NC_000913.3,RefSeq,gene,2426006,2426788,,-,,783,gene-b2309,"ECOCYC:EG12124,GeneID:945309",,hisJ,Gene,,,,,hisJ,protein_coding,ECK2303,b2309,,,,,,,,,,
NC_000913.3,RefSeq,gene,2427009,2427791,,-,,783,gene-b2310,"ECOCYC:EG10072,GeneID:949030",,argT,Gene,,,,,argT,protein_coding,ECK2304,b2310,,,,,,,,,,
NC_000913.3,RefSeq,gene,2428057,2428626,,-,,570,gene-b2311,"ECOCYC:EG11044,GeneID:949033",,ubiX,Gene,,,,,ubiX,protein_coding,"dedF,ECK2305",b2311,,,,,,,,,,
NC_000913.3,RefSeq,gene,2428721,2430238,,-,,1518,gene-b2312,"ECOCYC:EG10794,GeneID:946794",,purF,Gene,,,,,purF,protein_coding,"ade,ECK2306,purC",b2312,,,,,,,,,,
NC_000913.3,RefSeq,gene,2430275,2430763,,-,,489,gene-b2313,"ECOCYC:EG10169,GeneID:945055",,cvpA,Gene,,,,,cvpA,protein_coding,"dedE,ECK2307",b2313,,,,,,,,,,
NC_000913.3,RefSeq,gene,2431022,2431684,,-,,663,gene-b2314,"ECOCYC:EG10218,GeneID:944971",,dedD,Gene,,,,,dedD,protein_coding,ECK2308,b2314,,,,,,,,,,
NC_000913.3,RefSeq,gene,2431674,2432942,,-,,1269,gene-b2315,"ECOCYC:EG10327,GeneID:945451",,folC,Gene,,,,,folC,protein_coding,"dedC,ECK2309",b2315,,,,,,,,,,
NC_000913.3,RefSeq,gene,2433012,2433926,,-,,915,gene-b2316,"ECOCYC:EG10217,GeneID:946796",,accD,Gene,,,,,accD,protein_coding,"dedB,ECK2310,usg",b2316,,,,,,,,,,
NC_000913.3,RefSeq,gene,2434082,2434741,,-,,660,gene-b2317,"ECOCYC:EG10216,GeneID:946798",,dedA,Gene,,,,,dedA,protein_coding,ECK2311,b2317,,,,,,,,,,
NC_000913.3,RefSeq,gene,2434824,2435636,,-,,813,gene-b2318,"ECOCYC:EG10454,GeneID:946793",,truA,Gene,,,,,truA,protein_coding,"asuC,ECK2312,hisT,leuK",b2318,,,,,,,,,,
NC_000913.3,RefSeq,gene,2435636,2436649,,-,,1014,gene-b2319,"ECOCYC:EG11059,GeneID:946797",,usg,Gene,,,,,usg,protein_coding,"ECK2313,usg-1",b2319,,,,,,,,,,
NC_000913.3,RefSeq,gene,2436715,2437851,,-,,1137,gene-b2320,"ECOCYC:G0-9461,GeneID:946785",,pdxB,Gene,,,,,pdxB,protein_coding,"ECK2314,usg-2",b2320,,,,,,,,,,
NC_000913.3,RefSeq,gene,2437950,2438945,,+,,996,gene-b2321,"ECOCYC:EG10229,GeneID:946776",,flk,Gene,,,,,flk,protein_coding,"div,ECK2315",b2321,,,,,,,,,,
NC_000913.3,RefSeq,gene,2438942,2440120,,-,,1179,gene-b2322,"ECOCYC:G7198,GeneID:946791",,yfcJ,Gene,,,,,yfcJ,protein_coding,ECK2316,b2322,,,,,,,,,,
NC_000913.3,RefSeq,gene,2440385,2441605,,-,,1221,gene-b2323,"ECOCYC:EG10274,GeneID:946799",,fabB,Gene,,,,,fabB,protein_coding,"ECK2317,fabC",b2323,,,,,,,,,,
NC_000913.3,RefSeq,gene,2441764,2443770,,+,,2007,gene-b2324,"ECOCYC:G7199,GeneID:946800",,mnmC,Gene,,,,,mnmC,protein_coding,"ECK2318,trmC,yfcK",b2324,,,,,,,,,,
NC_000913.3,RefSeq,gene,2443891,2444169,,-,,279,gene-b2325,"ECOCYC:G7200,GeneID:946804",,yfcL,Gene,,,,,yfcL,protein_coding,ECK2319,b2325,,,,,,,,,,
NC_000913.3,RefSeq,gene,2444203,2444751,,-,,549,gene-b2326,"ECOCYC:G7201,GeneID:946807",,epmC,Gene,,,,,epmC,protein_coding,"ECK2320,yfcM",b2326,,,,,,,,,,
NC_000913.3,RefSeq,gene,2444751,2445560,,-,,810,gene-b2327,"ECOCYC:EG11144,GeneID:946808",,yfcA,Gene,,,,,yfcA,protein_coding,ECK2321,b2327,,,,,,,,,,
NC_000913.3,RefSeq,gene,2445560,2446384,,-,,825,gene-b2328,"ECOCYC:EG10580,GeneID:946812",,mepA,Gene,,,,,mepA,protein_coding,ECK2322,b2328,,,,,,,,,,
NC_000913.3,RefSeq,gene,2446388,2447473,,-,,1086,gene-b2329,"ECOCYC:EG10075,GeneID:946814",,aroC,Gene,,,,,aroC,protein_coding,ECK2323,b2329,,,,,,,,,,
NC_000913.3,RefSeq,gene,2447508,2448440,,-,,933,gene-b2330,"ECOCYC:EG12449,GeneID:946805",,prmB,Gene,,,,,prmB,protein_coding,"ECK2324,yfcB",b2330,,,,,,,,,,
NC_000913.3,RefSeq,gene,2448606,2449157,,+,,552,gene-b2331,"ECOCYC:G7202,GeneID:944847",,smrB,Gene,,,,,smrB,protein_coding,"ECK2325,yfcN",b2331,,,,,,,,,,
NC_000913.3,RefSeq,gene,2449228,2450049,,-,,822,gene-b2332,"ECOCYC:G7203,GeneID:946620",,yfcO,Gene,,,,,yfcO,protein_coding,ECK2326,b2332,,,,,,,,,,
NC_000913.3,RefSeq,gene,2450051,2450590,,-,,540,gene-b2333,"ECOCYC:G7204,GeneID:946788",,yfcP,Gene,,,,,yfcP,protein_coding,ECK2327,b2333,,,,,,,,,,
NC_000913.3,RefSeq,gene,2450587,2451075,,-,,489,gene-b2334,"ECOCYC:G7205,GeneID:946779",,yfcQ,Gene,,,,,yfcQ,protein_coding,ECK2328,b2334,,,,,,,,,,
NC_000913.3,RefSeq,gene,2451072,2451584,,-,,513,gene-b2335,"ECOCYC:G7206,GeneID:946818",,yfcR,Gene,,,,,yfcR,protein_coding,ECK2329,b2335,,,,,,,,,,
NC_000913.3,RefSeq,gene,2451584,2452336,,-,,753,gene-b2336,"ECOCYC:G7207,GeneID:946418",,yfcS,Gene,,,,,yfcS,protein_coding,ECK2330,b2336,,,,,,,,,,
NC_000913.3,RefSeq,gene,2455083,2455646,,-,,564,gene-b2339,"ECOCYC:G7210,GeneID:949109",,yfcV,Gene,,,,,yfcV,protein_coding,ECK2333,b2339,,,,,,,,,,
NC_000913.3,RefSeq,gene,2456327,2456812,,-,,486,gene-b2340,"ECOCYC:G7211,GeneID:946815",,sixA,Gene,,,,,sixA,protein_coding,"ECK2334,yfcW",b2340,,,,,,,,,,
NC_000913.3,RefSeq,gene,2457015,2459159,,-,,2145,gene-b2341,"ECOCYC:G7212,GeneID:949097",,fadJ,Gene,,,,,fadJ,protein_coding,"ECK2335,yfcX",b2341,,,,,,,,,,
NC_000913.3,RefSeq,gene,2459159,2460469,,-,,1311,gene-b2342,"ECOCYC:G7213,GeneID:948823",,fadI,Gene,,,,,fadI,protein_coding,"ECK2336,yfcY",b2342,,,,,,,,,,
NC_000913.3,RefSeq,gene,2460650,2460934,,-,,285,gene-b2343,"ECOCYC:G7214,GeneID:948817",,yfcZ,Gene,,,,,yfcZ,protein_coding,ECK2337,b2343,,,,,,,,,,
NC_000913.3,RefSeq,gene,2461306,2462646,,+,,1341,gene-b2344,"ECOCYC:EG10280,GeneID:946820",,fadL,Gene,,,,,fadL,protein_coding,"ECK2338,ttr",b2344,,,,,,,,,,
NC_000913.3,RefSeq,gene,2463012,2464070,,+,,1059,gene-b2345,"ECOCYC:G7215,GeneID:946819",,yfdF,Gene,,,,,yfdF,protein_coding,ECK2339,b2345,,,,,,,,,,
NC_000913.3,RefSeq,gene,2464252,2465007,,-,,756,gene-b2346,"ECOCYC:G7216,GeneID:945582",,mlaA,Gene,,,,,mlaA,protein_coding,"ECK2340,vacJ",b2346,,,,,,,,,,
NC_000913.3,RefSeq,gene,2465301,2466233,,+,,933,gene-b2347,"ECOCYC:G7217,GeneID:944801",,yfdC,Gene,,,,,yfdC,protein_coding,ECK2341,b2347,,,,,,,,,,
NC_000913.3,RefSeq,gene,2466309,2466383,,+,,75,gene-b2348,"ECOCYC:EG30016,GeneID:945486",,argW,Gene,,,,,argW,tRNA,ECK2342,b2348,,,,,,,,,,
NC_000913.3,RefSeq,gene,2466545,2467702,,+,,1158,gene-b2349,"ECOCYC:G7218,GeneID:946821",,intS,Gene,,,,,intS,protein_coding,"ECK2343,intC,yfdB",b2349,,,,,,,,,,
NC_000913.3,RefSeq,gene,2467855,2468217,,+,,363,gene-b2350,"ECOCYC:G7219,GeneID:948821",,yfdG,Gene,,,,,yfdG,protein_coding,"ECK2344,gtrA",b2350,,,,,,,,,,
NC_000913.3,RefSeq,gene,2468214,2469134,,+,,921,gene-b2351,"ECOCYC:G7220,GeneID:949098",,yfdH,Gene,,,,,yfdH,protein_coding,"ECK2345,gtrB",b2351,,,,,,,,,,
NC_000913.3,RefSeq,gene,2469131,2470462,,+,,1332,gene-b2352,"ECOCYC:G7221,GeneID:946822",,yfdI,Gene,,,,,yfdI,protein_coding,"ECK2346,gtrIV,gtrS",b2352,,,,,,,,,,
NC_000913.3,RefSeq,gene,2470497,2470643,,-,,147,gene-b4780,"ECOCYC:G0-17026,GeneID:63925642",,yodE,Gene,,,,,yodE,protein_coding,ECK4637,b4780,,,,,,,,,,
NC_000913.3,RefSeq,gene,2471077,2471517,,-,,441,gene-b2354,"ECOCYC:G7223,GeneID:948822",,yfdK,Gene,,,,,yfdK,protein_coding,ECK2348,b2354,,,,,,,,,,
NC_000913.3,RefSeq,gene,2472112,2472387,,-,,276,gene-b2356,"ECOCYC:G7225,GeneID:945416",,yfdM,Gene,,,,,yfdM,protein_coding,"ECK2350,yzyB",b2356,,,,,,,,,,
NC_000913.3,RefSeq,gene,2472387,2472881,,-,,495,gene-b2357,"ECOCYC:G7226,GeneID:946419",,yfdN,Gene,,,,,yfdN,protein_coding,"ECK2351,yzyA",b2357,,,,,,,,,,
NC_000913.3,RefSeq,gene,2472878,2473246,,-,,369,gene-b2358,"ECOCYC:G7227,GeneID:947403",,yfdO,Gene,,,,,yfdO,protein_coding,"ECK2352,oweS",b2358,,,,,,,,,,
NC_000913.3,RefSeq,gene,2473604,2473966,,+,,363,gene-b2359,"ECOCYC:G7228,GeneID:945565",,yfdP,Gene,,,,,yfdP,protein_coding,ECK2353,b2359,,,,,,,,,,
NC_000913.3,RefSeq,gene,2474032,2474856,,+,,825,gene-b2360,"ECOCYC:G7229,GeneID:946827",,yfdQ,Gene,,,,,yfdQ,protein_coding,ECK2354,b2360,,,,,,,,,,
NC_000913.3,RefSeq,gene,2474984,2475520,,+,,537,gene-b2361,"ECOCYC:G7230,GeneID:946834",,yfdR,Gene,,,,,yfdR,protein_coding,ECK2355,b2361,,,,,,,,,,
NC_000913.3,RefSeq,gene,2475511,2475873,,+,,363,gene-b2362,"ECOCYC:G7231,GeneID:946426",,yfdS,Gene,,,,,yfdS,protein_coding,ECK2356,b2362,,,,,,,,,,
NC_000913.3,RefSeq,gene,2475873,2476178,,+,,306,gene-b2363,"ECOCYC:G7232,GeneID:946836",,yfdT,Gene,,,,,yfdT,protein_coding,ECK2357,b2363,,,,,,,,,,
NC_000913.3,RefSeq,gene,2476094,2476234,,+,,141,gene-b4545,"ECOCYC:G0-10461,GeneID:1450283",,ypdJ,Gene,,,,,ypdJ,protein_coding,ECK2358,b4545,,,,,,,,,,
NC_000913.3,RefSeq,gene,2476310,2476510,,+,,201,gene-b4501,"ECOCYC:G0-9621,GeneID:1450232",,torI,Gene,,,,,torI,protein_coding,ECK2359,b4501,,,,,,,,,,
NC_000913.3,RefSeq,gene,2476694,2477629,,-,,936,gene-b2364,"ECOCYC:EG13161,GeneID:948828",,dsdC,Gene,,,,,dsdC,protein_coding,ECK2360,b2364,,,,,,,,,,
NC_000913.3,RefSeq,gene,2477847,2479184,,+,,1338,gene-b2365,"ECOCYC:EG10250,GeneID:949103",,dsdX,Gene,,,,,dsdX,protein_coding,"dsdC,ECK2361,yfdA,yfdD",b2365,,,,,,,,,,
NC_000913.3,RefSeq,gene,2479202,2480530,,+,,1329,gene-b2366,"ECOCYC:EG10249,GeneID:946837",,dsdA,Gene,,,,,dsdA,protein_coding,ECK2362,b2366,,,,,,,,,,
NC_000913.3,RefSeq,gene,2480638,2482176,,-,,1539,gene-b2367,"ECOCYC:EG13283,GeneID:946835",,emrY,Gene,,,,,emrY,protein_coding,ECK2363,b2367,,,,,,,,,,
NC_000913.3,RefSeq,gene,2482176,2483339,,-,,1164,gene-b2368,"ECOCYC:G7233,GeneID:946840",,emrK,Gene,,,,,emrK,protein_coding,ECK2364,b2368,,,,,,,,,,
NC_000913.3,RefSeq,gene,2483729,2483758,,+,,30,gene-b4781,"ECOCYC:G0-17027,GeneID:63925643",,evgL,Gene,,,,,evgL,protein_coding,ECK4638,b4781,,,,,,,,,,
NC_000913.3,RefSeq,gene,2483755,2484369,,+,,615,gene-b2369,"ECOCYC:EG11609,GeneID:946841",,evgA,Gene,,,,,evgA,protein_coding,ECK2365,b2369,,,,,,,,,,
NC_000913.3,RefSeq,gene,2484374,2487967,,+,,3594,gene-b2370,"ECOCYC:EG11610,GeneID:946844",,evgS,Gene,,,,,evgS,protein_coding,ECK2366,b2370,,,,,,,,,,
NC_000913.3,RefSeq,gene,2488023,2489168,,-,,1146,gene-b2371,"ECOCYC:G7234,GeneID:946432",,yfdE,Gene,,,,,yfdE,protein_coding,ECK2367,b2371,,,,,,,,,,
NC_000913.3,RefSeq,gene,2489242,2490186,,-,,945,gene-b2372,"ECOCYC:G7235,GeneID:949110",,yfdV,Gene,,,,,yfdV,protein_coding,ECK2368,b2372,,,,,,,,,,
NC_000913.3,RefSeq,gene,2490256,2491950,,-,,1695,gene-b2373,"ECOCYC:G7236,GeneID:946845",,oxc,Gene,,,,,oxc,protein_coding,"ECK2369,yfdU",b2373,,,,,,,,,,
NC_000913.3,RefSeq,gene,2492004,2493254,,-,,1251,gene-b2374,"ECOCYC:G7237,GeneID:946842",,frc,Gene,,,,,frc,protein_coding,"ECK2370,yfdW",b2374,,,,,,,,,,
NC_000913.3,RefSeq,gene,2493767,2494402,,-,,636,gene-b2375,"ECOCYC:G7238,GeneID:949108",,yfdX,Gene,,,,,yfdX,protein_coding,ECK2371,b2375,,,,,,,,,,
NC_000913.3,RefSeq,gene,2494698,2494973,,+,,276,gene-b2376,"ECOCYC:G7239,GeneID:949107",,ypdI,Gene,,,,,ypdI,protein_coding,ECK2372,b2376,,,,,,,,,,
NC_000913.3,RefSeq,gene,2495050,2495292,,-,,243,gene-b2377,"ECOCYC:G7240,GeneID:948842",,yfdY,Gene,,,,,yfdY,protein_coding,ECK2373,b2377,,,,,,,,,,
NC_000913.3,RefSeq,gene,2495645,2496565,,+,,921,gene-b2378,"ECOCYC:G7241,GeneID:946847",,lpxP,Gene,,,,,lpxP,protein_coding,"ddg,ECK2374",b2378,,,,,,,,,,
NC_000913.3,RefSeq,gene,2496921,2496992,,+,,72,gene-b4680,"ECOCYC:G0-10647,GeneID:7751622",,ypdK,Gene,,,,,ypdK,protein_coding,ECK4495,b4680,,,,,,,,,,
NC_000913.3,RefSeq,gene,2497057,2498295,,-,,1239,gene-b2379,"ECOCYC:G7242,GeneID:946850",,alaC,Gene,,,,,alaC,protein_coding,"ECK2375,yfdZ",b2379,,,,,,,,,,
NC_000913.3,RefSeq,gene,2498671,2500368,,+,,1698,gene-b2380,"ECOCYC:G7243,GeneID:946723",,pyrS,Gene,,,,,pyrS,protein_coding,"ECK2376,ypdA",b2380,,,,,,,,,,
NC_000913.3,RefSeq,gene,2500383,2501117,,+,,735,gene-b2381,"ECOCYC:G7244,GeneID:947395",,pyrR,Gene,,,,,pyrR,protein_coding,"ECK2377,ypdB",b2381,,,,,,,,,,
NC_000913.3,RefSeq,gene,2501130,2501987,,+,,858,gene-b2382,"ECOCYC:G7245,GeneID:946856",,ypdC,Gene,,,,,ypdC,protein_coding,ECK2378,b2382,,,,,,,,,,
NC_000913.3,RefSeq,gene,2501990,2504485,,-,,2496,gene-b2383,"ECOCYC:G7246,GeneID:946852",,fryA,Gene,,,,,fryA,protein_coding,"ECK2379,ypdD",b2383,,,,,,,,,,
NC_000913.3,RefSeq,gene,2504510,2505547,,-,,1038,gene-b2384,"ECOCYC:G7247,GeneID:946848",,ypdE,Gene,,,,,ypdE,protein_coding,ECK2380,b2384,,,,,,,,,,
NC_000913.3,RefSeq,gene,2505547,2506632,,-,,1086,gene-b2385,"ECOCYC:G7248,GeneID:946853",,ypdF,Gene,,,,,ypdF,protein_coding,ECK2381,b2385,,,,,,,,,,
NC_000913.3,RefSeq,gene,2506647,2507894,,-,,1248,gene-b2386,"ECOCYC:G7249,GeneID:949111",,fryC,Gene,,,,,fryC,protein_coding,"ECK2382,ypdG",b2386,,,,,,,,,,
NC_000913.3,RefSeq,gene,2507916,2508242,,-,,327,gene-b2387,"ECOCYC:G7250,GeneID:949087",,fryB,Gene,,,,,fryB,protein_coding,"ECK2383,ypdH",b2387,,,,,,,,,,
NC_000913.3,RefSeq,gene,2508461,2509426,,-,,966,gene-b2388,"ECOCYC:EG12957,GeneID:946858",,glk,Gene,,,,,glk,protein_coding,ECK2384,b2388,,,,,,,,,,
NC_000913.3,RefSeq,gene,2509630,2510886,,+,,1257,gene-b2389,"ECOCYC:G7251,GeneID:946854",,yfeO,Gene,,,,,yfeO,protein_coding,ECK2385,b2389,,,,,,,,,,
NC_000913.3,RefSeq,gene,2511001,2511327,,+,,327,gene-b2390,"ECOCYC:G7252,GeneID:946855",,ypeC,Gene,,,,,ypeC,protein_coding,ECK2386,b2390,,,,,,,,,,
NC_000913.3,RefSeq,gene,2511468,2512706,,-,,1239,gene-b2392,"ECOCYC:G7254,GeneID:946899",,mntH,Gene,,,,,mntH,protein_coding,"ECK2387,mntA,yfeP",b2392,,,,,,,,,,
NC_000913.3,RefSeq,gene,2512687,2512776,,-,,90,gene-b4819,"ECOCYC:G0-17094,GeneID:71004568",,ypeD,Gene,,,,,ypeD,protein_coding,ECK4676,b4819,,,,,,,,,,
NC_000913.3,RefSeq,gene,2513042,2514244,,+,,1203,gene-b2393,"ECOCYC:EG11971,GeneID:946895",,nupC,Gene,,,,,nupC,protein_coding,"cru,ECK2388",b2393,,,,,,,,,,
NC_000913.3,RefSeq,gene,2514331,2515443,,+,,1113,gene-b2394,"ECOCYC:G7255,GeneID:946896",,insL3,Gene,,,,,insL3,protein_coding,"ECK0016,yi81-3",b2394,,,,,,,,,,
NC_000913.3,RefSeq,gene,2515643,2517832,,-,,2190,gene-b2395,"ECOCYC:EG11145,GeneID:946864",,pdeA,Gene,,,,,pdeA,protein_coding,"ECK2389,yfeA",b2395,,,,,,,,,,
NC_000913.3,RefSeq,gene,2518041,2518116,,-,,76,gene-b2396,"ECOCYC:EG30012,GeneID:946859",,alaX,Gene,,,,,alaX,tRNA,"alaWbeta,ECK2390",b2396,,,,,,,,,,
NC_000913.3,RefSeq,gene,2518156,2518231,,-,,76,gene-b2397,"ECOCYC:EG30011,GeneID:946860",,alaW,Gene,,,,,alaW,tRNA,"alaWalpha,ECK2391",b2397,,,,,,,,,,
NC_000913.3,RefSeq,gene,2518467,2518811,,+,,345,gene-b2398,"ECOCYC:EG11431,GeneID:946857",,yfeC,Gene,,,,,yfeC,protein_coding,ECK2392,b2398,,,,,,,,,,
NC_000913.3,RefSeq,gene,2518813,2519205,,+,,393,gene-b2399,"ECOCYC:EG11432,GeneID:946865",,yfeD,Gene,,,,,yfeD,protein_coding,ECK2393,b2399,,,,,,,,,,
NC_000913.3,RefSeq,gene,2519257,2520672,,-,,1416,gene-b2400,"ECOCYC:EG10407,GeneID:946906",,gltX,Gene,,,,,gltX,protein_coding,"ECK2394,gltM,gluRS",b2400,,,,,,,,,,
NC_000913.3,RefSeq,gene,2520931,2521006,,+,,76,gene-b2401,"ECOCYC:EG30110,GeneID:946824",,valU,Gene,,,,,valU,tRNA,"ECK2395,valUalpha",b2401,,,,,,,,,,
NC_000913.3,RefSeq,gene,2521051,2521126,,+,,76,gene-b2402,"ECOCYC:EG30113,GeneID:946817",,valX,Gene,,,,,valX,tRNA,"ECK2396,valU-beta,valUbeta",b2402,,,,,,,,,,
NC_000913.3,RefSeq,gene,2521173,2521248,,+,,76,gene-b2403,"ECOCYC:EG30114,GeneID:946870",,valY,Gene,,,,,valY,tRNA,"ECK2397,valUgamma",b2403,,,,,,,,,,
NC_000913.3,RefSeq,gene,2521253,2521328,,+,,76,gene-b2404,"ECOCYC:EG30056,GeneID:946866",,lysV,Gene,,,,,lysV,tRNA,"ECK2398,supN",b2404,,,,,,,,,,
NC_000913.3,RefSeq,gene,2521593,2522477,,-,,885,gene-b2405,"ECOCYC:EG11146,GeneID:946862",,xapR,Gene,,,,,xapR,protein_coding,"ECK2399,pndR,pRndR,yfeB",b2405,,,,,,,,,,
NC_000913.3,RefSeq,gene,2522729,2523985,,-,,1257,gene-b2406,"ECOCYC:EG13159,GeneID:946868",,xapB,Gene,,,,,xapB,protein_coding,ECK2400,b2406,,,,,,,,,,
NC_000913.3,RefSeq,gene,2524045,2524878,,-,,834,gene-b2407,"ECOCYC:G85,GeneID:946878",,xapA,Gene,,,,,xapA,protein_coding,"ECK2401,pndA",b2407,,,,,,,,,,
NC_000913.3,RefSeq,gene,2525127,2525891,,+,,765,gene-b2408,"ECOCYC:G7256,GeneID:946872",,yfeN,Gene,,,,,yfeN,protein_coding,ECK2402,b2408,,,,,,,,,,
NC_000913.3,RefSeq,gene,2525930,2526856,,-,,927,gene-b2409,"ECOCYC:G7257,GeneID:946873",,yfeR,Gene,,,,,yfeR,protein_coding,ECK2403,b2409,,,,,,,,,,
NC_000913.3,RefSeq,gene,2526946,2527944,,+,,999,gene-b2410,"ECOCYC:EG12376,GeneID:946874",,yfeH,Gene,,,,,yfeH,protein_coding,ECK2404,b2410,,,,,,,,,,
NC_000913.3,RefSeq,gene,2527941,2528159,,-,,219,gene-b4546,"ECOCYC:G0-10462,GeneID:1450285",,ypeB,Gene,,,,,ypeB,protein_coding,ECK2405,b4546,,,,,,,,,,
NC_000913.3,RefSeq,gene,2528161,2530176,,-,,2016,gene-b2411,"ECOCYC:EG10534,GeneID:946885",,ligA,Gene,,,,,ligA,protein_coding,"dnaL,ECK2406,lig,lop,pdeC",b2411,,,,,,,,,,
NC_000913.3,RefSeq,gene,2530247,2531233,,-,,987,gene-b2412,"ECOCYC:G7258,GeneID:946869",,zipA,Gene,,,,,zipA,protein_coding,ECK2407,b2412,,,,,,,,,,
NC_000913.3,RefSeq,gene,2531463,2532224,,+,,762,gene-b2413,"ECOCYC:EG10003,GeneID:946875",,cysZ,Gene,,,,,cysZ,protein_coding,ECK2408,b2413,,,,,,,,,,
NC_000913.3,RefSeq,gene,2532409,2533380,,+,,972,gene-b2414,"ECOCYC:EG10192,GeneID:946877",,cysK,Gene,,,,,cysK,protein_coding,"ECK2409,ssi5",b2414,,,,,,,,,,
NC_000913.3,RefSeq,gene,2533764,2534021,,+,,258,gene-b2415,"ECOCYC:EG10788,GeneID:946886",,ptsH,Gene,,,,,ptsH,protein_coding,"ctr,ECK2410,hpr",b2415,,,,,,,,,,
NC_000913.3,RefSeq,gene,2534066,2535793,,+,,1728,gene-b2416,"ECOCYC:EG10789,GeneID:946879",,ptsI,Gene,,,,,ptsI,protein_coding,"ctr,ECK2411",b2416,,,,,,,,,,
NC_000913.3,RefSeq,gene,2535834,2536343,,+,,510,gene-b2417,"ECOCYC:EG10165,GeneID:946880",,crr,Gene,,,,,crr,protein_coding,"ECK2412,gsr,iex,tgs,treD",b2417,,,,,,,,,,
NC_000913.3,RefSeq,gene,2536386,2537237,,-,,852,gene-b2418,"ECOCYC:G7259,GeneID:946881",,pdxK,Gene,,,,,pdxK,protein_coding,"ECK2413,pdxL,yfeI",b2418,,,,,,,,,,
NC_000913.3,RefSeq,gene,2537342,2537716,,+,,375,gene-b2419,"ECOCYC:G7260,GeneID:946876",,yfeK,Gene,,,,,yfeK,protein_coding,ECK2414,b2419,,,,,,,,,,
NC_000913.3,RefSeq,gene,2537749,2538483,,+,,735,gene-b2420,"ECOCYC:G7261,GeneID:946887",,yfeS,Gene,,,,,yfeS,protein_coding,ECK2415,b2420,,,,,,,,,,
NC_000913.3,RefSeq,gene,2538672,2539583,,-,,912,gene-b2421,"ECOCYC:EG10193,GeneID:946888",,cysM,Gene,,,,,cysM,protein_coding,ECK2416,b2421,,,,,,,,,,
NC_000913.3,RefSeq,gene,2539717,2540814,,-,,1098,gene-b2422,"ECOCYC:EG10183,GeneID:946889",,cysA,Gene,,,,,cysA,protein_coding,ECK2417,b2422,,,,,,,,,,
NC_000913.3,RefSeq,gene,2540804,2541679,,-,,876,gene-b2423,"ECOCYC:EG10198,GeneID:2847743",,cysW,Gene,,,,,cysW,protein_coding,ECK2418,b2423,,,,,,,,,,
NC_000913.3,RefSeq,gene,2541679,2542512,,-,,834,gene-b2424,"ECOCYC:EG10197,GeneID:946882",,cysU,Gene,,,,,cysU,protein_coding,"cysT,ECK2419",b2424,,,,,,,,,,
NC_000913.3,RefSeq,gene,2542512,2543528,,-,,1017,gene-b2425,"ECOCYC:EG10195,GeneID:946883",,cysP,Gene,,,,,cysP,protein_coding,ECK2420,b2425,,,,,,,,,,
NC_000913.3,RefSeq,gene,2543832,2544623,,-,,792,gene-b2426,"ECOCYC:EG12133,GeneID:946898",,ucpA,Gene,,,,,ucpA,protein_coding,"ECK2421,yfeF",b2426,,,,,,,,,,
NC_000913.3,RefSeq,gene,2544752,2545609,,-,,858,gene-b2427,"ECOCYC:G7262,GeneID:946568",,murR,Gene,,,,,murR,protein_coding,"ECK2422,yfeT",b2427,,,,,,,,,,
NC_000913.3,RefSeq,gene,2545773,2546669,,+,,897,gene-b2428,"ECOCYC:G7263,GeneID:946893",,murQ,Gene,,,,,murQ,protein_coding,"ECK2423,yfeU",b2428,,,,,,,,,,
NC_000913.3,RefSeq,gene,2546673,2548097,,+,,1425,gene-b2429,"ECOCYC:G7264,GeneID:946894",,murP,Gene,,,,,murP,protein_coding,"ECK2424,yfeV",b2429,,,,,,,,,,
NC_000913.3,RefSeq,gene,2548102,2549406,,+,,1305,gene-b2430,"ECOCYC:G7265,GeneID:946907",,yfeW,Gene,,,,,yfeW,protein_coding,ECK2425,b2430,,,,,,,,,,
NC_000913.3,RefSeq,gene,2549646,2550545,,-,,900,gene-b2431,"ECOCYC:G7266,GeneID:946913",,yfeX,Gene,,,,,yfeX,protein_coding,ECK2426,b2431,,,,,,,,,,
NC_000913.3,RefSeq,gene,2550641,2551216,,-,,576,gene-b2432,"ECOCYC:G7267,GeneID:946919",,yfeY,Gene,,,,,yfeY,protein_coding,ECK2427,b2432,,,,,,,,,,
NC_000913.3,RefSeq,gene,2551277,2551726,,-,,450,gene-b2433,"ECOCYC:G7268,GeneID:946918",,yfeZ,Gene,,,,,yfeZ,protein_coding,ECK2428,b2433,,,,,,,,,,
NC_000913.3,RefSeq,gene,2551713,2552138,,-,,426,gene-b2434,"ECOCYC:G7269,GeneID:946917",,ypeA,Gene,,,,,ypeA,protein_coding,ECK2429,b2434,,,,,,,,,,
NC_000913.3,RefSeq,gene,2552352,2553221,,+,,870,gene-b2435,"ECOCYC:EG11823,GeneID:946916",,amiA,Gene,,,,,amiA,protein_coding,"ECK2430,yfeE",b2435,,,,,,,,,,
NC_000913.3,RefSeq,gene,2553225,2554124,,+,,900,gene-b2436,"ECOCYC:EG12189,GeneID:946908",,hemF,Gene,,,,,hemF,protein_coding,"ECK2431,popB,sec",b2436,,,,,,,,,,
NC_000913.3,RefSeq,gene,2554130,2555182,,-,,1053,gene-b2437,"ECOCYC:EG12190,GeneID:946911",,eutR,Gene,,,,,eutR,protein_coding,"ECK2432,yfeG",b2437,,,,,,,,,,
NC_000913.3,RefSeq,gene,2555228,2555728,,-,,501,gene-b2438,"ECOCYC:G7270,GeneID:946912",,eutK,Gene,,,,,eutK,protein_coding,"ECK2433,yffI",b2438,,,,,,,,,,
NC_000913.3,RefSeq,gene,2555741,2556400,,-,,660,gene-b2439,"ECOCYC:G7271,GeneID:946914",,eutL,Gene,,,,,eutL,protein_coding,"ECK2434,yffJ",b2439,,,,,,,,,,
NC_000913.3,RefSeq,gene,2556410,2557297,,-,,888,gene-b2440,"ECOCYC:EG50007,GeneID:946925",,eutC,Gene,,,,,eutC,protein_coding,ECK2435,b2440,,,,,,,,,,
NC_000913.3,RefSeq,gene,2557318,2558679,,-,,1362,gene-b2441,"ECOCYC:EG50006,GeneID:946924",,eutB,Gene,,,,,eutB,protein_coding,ECK2436,b2441,,,,,,,,,,
NC_000913.3,RefSeq,gene,2558858,2560066,,+,,1209,gene-b2442,"ECOCYC:G7272,GeneID:946923",,intZ,Gene,,,,,intZ,protein_coding,ECK2437,b2442,,,,,,,,,,
NC_000913.3,RefSeq,gene,2560257,2560898,,+,,642,gene-b2443,"ECOCYC:G7273,GeneID:946922",,yffL,Gene,,,,,yffL,protein_coding,ECK2438,b2443,,,,,,,,,,
NC_000913.3,RefSeq,gene,2561368,2561613,,+,,246,gene-b2444,"ECOCYC:G7274,GeneID:946921",,yffM,Gene,,,,,yffM,protein_coding,ECK2439,b2444,,,,,,,,,,
NC_000913.3,RefSeq,gene,2561625,2561993,,+,,369,gene-b2445,"ECOCYC:G7275,GeneID:946930",,yffN,Gene,,,,,yffN,protein_coding,ECK2440,b2445,,,,,,,,,,
NC_000913.3,RefSeq,gene,2562111,2562527,,+,,417,gene-b2446,"ECOCYC:G7276,GeneID:946929",,yffO,Gene,,,,,yffO,protein_coding,ECK2441,b2446,,,,,,,,,,
NC_000913.3,RefSeq,gene,2562524,2563117,,+,,594,gene-b2447,"ECOCYC:G7277,GeneID:946928",,yffP,Gene,,,,,yffP,protein_coding,ECK2442,b2447,,,,,,,,,,
NC_000913.3,RefSeq,gene,2563592,2563969,,+,,378,gene-b2448,"ECOCYC:G7278,GeneID:946927",,yffQ,Gene,,,,,yffQ,protein_coding,ECK2443,b2448,,,,,,,,,,
NC_000913.3,RefSeq,gene,2563980,2564372,,+,,393,gene-b2449,"ECOCYC:G7279,GeneID:946931",,yffR,Gene,,,,,yffR,protein_coding,ECK2444,b2449,,,,,,,,,,
NC_000913.3,RefSeq,gene,2564523,2565332,,+,,810,gene-b2450,"ECOCYC:G7280,GeneID:946932",,yffS,Gene,,,,,yffS,protein_coding,ECK2445,b2450,,,,,,,,,,
NC_000913.3,RefSeq,gene,2565481,2566884,,-,,1404,gene-b2451,"ECOCYC:G7281,GeneID:946937",,eutA,Gene,,,,,eutA,protein_coding,"ECK2446,yffT",b2451,,,,,,,,,,
NC_000913.3,RefSeq,gene,2566881,2568107,,-,,1227,gene-b2452,"ECOCYC:G7282,GeneID:944979",,eutH,Gene,,,,,eutH,protein_coding,"ECK2447,yffU",b2452,,,,,,,,,,
NC_000913.3,RefSeq,gene,2568324,2569511,,-,,1188,gene-b2453,"ECOCYC:G7283,GeneID:946233",,eutG,Gene,,,,,eutG,protein_coding,"ECK2448,yffV",b2453,,,,,,,,,,
NC_000913.3,RefSeq,gene,2569501,2570337,,-,,837,gene-b2454,"ECOCYC:G7284,GeneID:947588",,eutJ,Gene,,,,,eutJ,protein_coding,"ECK2449,yffW",b2454,,,,,,,,,,
NC_000913.3,RefSeq,gene,2570348,2571751,,-,,1404,gene-b2455,"ECOCYC:G7285,GeneID:946943",,eutE,Gene,,,,,eutE,protein_coding,"ECK2450,yffX",b2455,,,,,,,,,,
NC_000913.3,RefSeq,gene,2571763,2572050,,-,,288,gene-b2456,"ECOCYC:G7286,GeneID:946945",,eutN,Gene,,,,,eutN,protein_coding,"cchB,ECK2451,yffY",b2456,,,,,,,,,,
NC_000913.3,RefSeq,gene,2572157,2572450,,-,,294,gene-b2457,"ECOCYC:G7287,GeneID:946942",,eutM,Gene,,,,,eutM,protein_coding,"cchA,ECK2452,yffZ",b2457,,,,,,,,,,
NC_000913.3,RefSeq,gene,2572489,2573505,,-,,1017,gene-b2458,"ECOCYC:G7288,GeneID:946940",,eutD,Gene,,,,,eutD,protein_coding,"ECK2453,eutI,ypfA",b2458,,,,,,,,,,
NC_000913.3,RefSeq,gene,2573502,2574305,,-,,804,gene-b2459,"ECOCYC:G7289,GeneID:946939",,eutT,Gene,,,,,eutT,protein_coding,"ECK2454,ypfB",b2459,,,,,,,,,,
NC_000913.3,RefSeq,gene,2574302,2575003,,-,,702,gene-b2460,"ECOCYC:G7290,GeneID:946935",,eutQ,Gene,,,,,eutQ,protein_coding,"ECK2455,ypfC",b2460,,,,,,,,,,
NC_000913.3,RefSeq,gene,2574978,2575457,,-,,480,gene-b2461,"ECOCYC:G7291,GeneID:946933",,eutP,Gene,,,,,eutP,protein_coding,"ECK2456,ypfD",b2461,,,,,,,,,,
NC_000913.3,RefSeq,gene,2575470,2575805,,-,,336,gene-b2462,"ECOCYC:G7292,GeneID:946936",,eutS,Gene,,,,,eutS,protein_coding,"ECK2457,ypfE",b2462,,,,,,,,,,
NC_000913.3,RefSeq,gene,2576098,2578377,,-,,2280,gene-b2463,"ECOCYC:G7293,GeneID:946947",,maeB,Gene,,,,,maeB,protein_coding,"ECK2458,ypfF",b2463,,,,,,,,,,
NC_000913.3,RefSeq,gene,2578666,2579616,,+,,951,gene-b2464,"ECOCYC:EG11797,GeneID:947006",,talA,Gene,,,,,talA,protein_coding,ECK2459,b2464,,,,,,,,,,
NC_000913.3,RefSeq,gene,2579636,2581639,,+,,2004,gene-b2465,"ECOCYC:EG12100,GeneID:945865",,tktB,Gene,,,,,tktB,protein_coding,ECK2460,b2465,,,,,,,,,,
NC_000913.3,RefSeq,gene,2581734,2582777,,-,,1044,gene-b2466,"ECOCYC:G7295,GeneID:946828",,ypfG,Gene,,,,,ypfG,protein_coding,ECK2461,b2466,,,,,,,,,,
NC_000913.3,RefSeq,gene,2582903,2583478,,-,,576,gene-b2467,"ECOCYC:EG12410,GeneID:947072",,nudK,Gene,,,,,nudK,protein_coding,"ECK2462,yffH",b2467,,,,,,,,,,
NC_000913.3,RefSeq,gene,2583546,2585525,,-,,1980,gene-b2468,"ECOCYC:EG12409,GeneID:947383",,aegA,Gene,,,,,aegA,protein_coding,"ECK2463,yffG",b2468,,,,,,,,,,
NC_000913.3,RefSeq,gene,2585731,2587431,,+,,1701,gene-b2469,"ECOCYC:EG11460,GeneID:946948",,narQ,Gene,,,,,narQ,protein_coding,ECK2464,b2469,,,,,,,,,,
NC_000913.3,RefSeq,gene,2587595,2590708,,+,,3114,gene-b2470,"ECOCYC:EG10014,GeneID:945464",,acrD,Gene,,,,,acrD,protein_coding,"ECK2465,yffA",b2470,,,,,,,,,,
NC_000913.3,RefSeq,gene,2590807,2590866,,-,,60,gene-b4606,"ECOCYC:G0-8888,GeneID:5061513",,ypfM,Gene,,,,,ypfM,protein_coding,ECK4415,b4606,,,,,,,,,,
NC_000913.3,RefSeq,gene,2591247,2591603,,+,,357,gene-b2471,"ECOCYC:EG11147,GeneID:946953",,yffB,Gene,,,,,yffB,protein_coding,ECK2466,b2471,,,,,,,,,,
NC_000913.3,RefSeq,gene,2591607,2592734,,+,,1128,gene-b2472,"ECOCYC:EG10208,GeneID:948313",,dapE,Gene,,,,,dapE,protein_coding,"ECK2467,msgB",b2472,,,,,,,,,,
NC_000913.3,RefSeq,gene,2592762,2592962,,+,,201,gene-b4547,"ECOCYC:G0-10463,GeneID:1450286",,ypfN,Gene,,,,,ypfN,protein_coding,ECK2468,b4547,,,,,,,,,,
NC_000913.3,RefSeq,gene,2593072,2593770,,-,,699,gene-b2473,"ECOCYC:G7296,GeneID:947571",,ypfH,Gene,,,,,ypfH,protein_coding,ECK2469,b2473,,,,,,,,,,
NC_000913.3,RefSeq,gene,2593844,2595859,,-,,2016,gene-b2474,"ECOCYC:G7297,GeneID:946053",,tmcA,Gene,,,,,tmcA,protein_coding,"ECK2470,ypfI",b2474,,,,,,,,,,
NC_000913.3,RefSeq,gene,2595874,2596737,,-,,864,gene-b2475,"ECOCYC:G7298,GeneID:946956",,ypfJ,Gene,,,,,ypfJ,protein_coding,ECK2471,b2475,,,,,,,,,,
NC_000913.3,RefSeq,gene,2596905,2597618,,-,,714,gene-b2476,"ECOCYC:EG10791,GeneID:946957",,purC,Gene,,,,,purC,protein_coding,"ade,ade(g),ECK2472",b2476,,,,,,,,,,
NC_000913.3,RefSeq,gene,2597831,2598865,,-,,1035,gene-b2477,"ECOCYC:EG10658,GeneID:946954",,bamC,Gene,,,,,bamC,protein_coding,"dapX,ECK2473,nlpB",b2477,,,,,,,,,,
NC_000913.3,RefSeq,gene,2598882,2599760,,-,,879,gene-b2478,"ECOCYC:EG10205,GeneID:946952",,dapA,Gene,,,,,dapA,protein_coding,ECK2474,b2478,,,,,,,,,,
NC_000913.3,RefSeq,gene,2599906,2600478,,+,,573,gene-b2479,"ECOCYC:EG11149,GeneID:946950",,gcvR,Gene,,,,,gcvR,protein_coding,"ECK2475,yffD",b2479,,,,,,,,,,
NC_000913.3,RefSeq,gene,2600478,2600948,,+,,471,gene-b2480,"ECOCYC:EG10108,GeneID:946949",,bcp,Gene,,,,,bcp,protein_coding,ECK2476,b2480,,,,,,,,,,
NC_000913.3,RefSeq,gene,2601201,2601818,,+,,618,gene-b2481,"ECOCYC:EG11150,GeneID:946959",,hyfA,Gene,,,,,hyfA,protein_coding,"ECK2477,yffE",b2481,,,,,,,,,,
NC_000913.3,RefSeq,gene,2601818,2603836,,+,,2019,gene-b2482,"ECOCYC:EG11282,GeneID:946961",,hyfB,Gene,,,,,hyfB,protein_coding,"ECK2478,yffF",b2482,,,,,,,,,,
NC_000913.3,RefSeq,gene,2603847,2604794,,+,,948,gene-b2483,"ECOCYC:G7300,GeneID:947492",,hyfC,Gene,,,,,hyfC,protein_coding,ECK2479,b2483,,,,,,,,,,
NC_000913.3,RefSeq,gene,2604811,2606250,,+,,1440,gene-b2484,"ECOCYC:G7301,GeneID:947290",,hyfD,Gene,,,,,hyfD,protein_coding,ECK2480,b2484,,,,,,,,,,
NC_000913.3,RefSeq,gene,2606262,2606912,,+,,651,gene-b2485,"ECOCYC:G7302,GeneID:945298",,hyfE,Gene,,,,,hyfE,protein_coding,ECK2481,b2485,,,,,,,,,,
NC_000913.3,RefSeq,gene,2606917,2608497,,+,,1581,gene-b2486,"ECOCYC:G7303,GeneID:946962",,hyfF,Gene,,,,,hyfF,protein_coding,ECK2482,b2486,,,,,,,,,,
NC_000913.3,RefSeq,gene,2608487,2610154,,+,,1668,gene-b2487,"ECOCYC:G7304,GeneID:946964",,hyfG,Gene,,,,,hyfG,protein_coding,ECK2483,b2487,,,,,,,,,,
NC_000913.3,RefSeq,gene,2610164,2610709,,+,,546,gene-b2488,"ECOCYC:G7305,GeneID:946965",,hyfH,Gene,,,,,hyfH,protein_coding,ECK2484,b2488,,,,,,,,,,
NC_000913.3,RefSeq,gene,2610706,2611464,,+,,759,gene-b2489,"ECOCYC:G7306,GeneID:946966",,hyfI,Gene,,,,,hyfI,protein_coding,ECK2485,b2489,,,,,,,,,,
NC_000913.3,RefSeq,gene,2611457,2611870,,+,,414,gene-b2490,"ECOCYC:G7307,GeneID:947713",,hyfJ,Gene,,,,,hyfJ,protein_coding,ECK2486,b2490,,,,,,,,,,
NC_000913.3,RefSeq,gene,2611900,2613912,,+,,2013,gene-b2491,"ECOCYC:G7308,GeneID:948886",,hyfR,Gene,,,,,hyfR,protein_coding,ECK2487,b2491,,,,,,,,,,
NC_000913.3,RefSeq,gene,2613934,2614782,,+,,849,gene-b2492,"ECOCYC:G7309,GeneID:949032",,focB,Gene,,,,,focB,protein_coding,ECK2488,b2492,,,,,,,,,,
NC_000913.3,RefSeq,gene,2614820,2615881,,-,,1062,gene-b2493,"ECOCYC:G7310,GeneID:945894",,yfgO,Gene,,,,,yfgO,protein_coding,"ECK2489,perM",b2493,,,,,,,,,,
NC_000913.3,RefSeq,gene,2616094,2617557,,+,,1464,gene-b2494,"ECOCYC:G7311,GeneID:947029",,bepA,Gene,,,,,bepA,protein_coding,"ECK2490,yfgC",b2494,,,,,,,,,,
NC_000913.3,RefSeq,gene,2617578,2617937,,+,,360,gene-b2495,"ECOCYC:G7312,GeneID:946974",,yfgD,Gene,,,,,yfgD,protein_coding,ECK2491,b2495,,,,,,,,,,
NC_000913.3,RefSeq,gene,2618075,2618776,,-,,702,gene-b2496,"ECOCYC:G7313,GeneID:946977",,hda,Gene,,,,,hda,protein_coding,"ECK2492,idaB,yfgE",b2496,,,,,,,,,,
NC_000913.3,RefSeq,gene,2618871,2620160,,-,,1290,gene-b2497,"ECOCYC:EG12129,GeneID:946978",,uraA,Gene,,,,,uraA,protein_coding,ECK2493,b2497,,,,,,,,,,
NC_000913.3,RefSeq,gene,2620246,2620872,,-,,627,gene-b2498,"ECOCYC:EG11332,GeneID:946979",,upp,Gene,,,,,upp,protein_coding,"ECK2494,uraP",b2498,,,,,,,,,,
NC_000913.3,RefSeq,gene,2621197,2622234,,+,,1038,gene-b2499,"ECOCYC:EG10798,GeneID:946975",,purM,Gene,,,,,purM,protein_coding,"ECK2495,purG,purI",b2499,,,,,,,,,,
NC_000913.3,RefSeq,gene,2622234,2622872,,+,,639,gene-b2500,"ECOCYC:EG10799,GeneID:946973",,purN,Gene,,,,,purN,protein_coding,"ade,ade(c),ECK2496",b2500,,,,,,,,,,
NC_000913.3,RefSeq,gene,2623044,2625110,,+,,2067,gene-b2501,"ECOCYC:EG11510,GeneID:946971",,ppk,Gene,,,,,ppk,protein_coding,ECK2497,b2501,,,,,,,,,,
NC_000913.3,RefSeq,gene,2625115,2626656,,+,,1542,gene-b2502,"ECOCYC:EG11403,GeneID:946970",,ppx,Gene,,,,,ppx,protein_coding,ECK2498,b2502,,,,,,,,,,
NC_000913.3,RefSeq,gene,2626695,2628938,,-,,2244,gene-b2503,"ECOCYC:G7314,GeneID:946968",,pdeF,Gene,,,,,pdeF,protein_coding,"ECK2499,yfgF",b2503,,,,,,,,,,
NC_000913.3,RefSeq,gene,2629290,2629481,,+,,192,gene-b2504,"ECOCYC:G7315,GeneID:946980",,yfgG,Gene,,,,,yfgG,protein_coding,ECK2500,b2504,,,,,,,,,,
NC_000913.3,RefSeq,gene,2629792,2630310,,+,,519,gene-b2505,"ECOCYC:G7316,GeneID:945709",,yfgH,Gene,,,,,yfgH,protein_coding,ECK2501,b2505,,,,,,,,,,
NC_000913.3,RefSeq,gene,2630326,2630865,,+,,540,gene-b2506,"ECOCYC:G7317,GeneID:945168",,yfgI,Gene,,,,,yfgI,protein_coding,ECK2502,b2506,,,,,,,,,,
NC_000913.3,RefSeq,gene,2630958,2632535,,-,,1578,gene-b2507,"ECOCYC:EG10420,GeneID:947334",,guaA,Gene,,,,,guaA,protein_coding,ECK2503,b2507,,,,,,,,,,
NC_000913.3,RefSeq,gene,2632604,2634070,,-,,1467,gene-b2508,"ECOCYC:EG10421,GeneID:946985",,guaB,Gene,,,,,guaB,protein_coding,"ECK2504,guaR",b2508,,,,,,,,,,
NC_000913.3,RefSeq,gene,2634232,2635602,,+,,1371,gene-b2509,"ECOCYC:EG11072,GeneID:946988",,xseA,Gene,,,,,xseA,protein_coding,"ECK2505,xse",b2509,,,,,,,,,,
NC_000913.3,RefSeq,gene,2635599,2635814,,-,,216,gene-b2510,"ECOCYC:G7318,GeneID:946984",,yfgJ,Gene,,,,,yfgJ,protein_coding,ECK2506,b2510,,,,,,,,,,
NC_000913.3,RefSeq,gene,2635884,2637356,,-,,1473,gene-b2511,"ECOCYC:G7319,GeneID:946983",,der,Gene,,,,,der,protein_coding,"ECK2507,engA,yfgK",b2511,,,,,,,,,,
NC_000913.3,RefSeq,gene,2637474,2638652,,-,,1179,gene-b2512,"ECOCYC:G7320,GeneID:946982",,bamB,Gene,,,,,bamB,protein_coding,"ECK2508,yfgL",b2512,,,,,,,,,,
NC_000913.3,RefSeq,gene,2638663,2639283,,-,,621,gene-b2513,"ECOCYC:G7321,GeneID:946981",,yfgM,Gene,,,,,yfgM,protein_coding,ECK2509,b2513,,,,,,,,,,
NC_000913.3,RefSeq,gene,2639301,2640575,,-,,1275,gene-b2514,"ECOCYC:EG10453,GeneID:946989",,hisS,Gene,,,,,hisS,protein_coding,ECK2510,b2514,,,,,,,,,,
NC_000913.3,RefSeq,gene,2640595,2640686,,-,,92,gene-b4761,"ECOCYC:G0-9385,GeneID:63925644",,sroE,Gene,,,,,sroE,ncRNA,"ECK4618,k20",b4761,,,,,,,,,,
NC_000913.3,RefSeq,gene,2640686,2641804,,-,,1119,gene-b2515,"ECOCYC:EG10370,GeneID:946991",,ispG,Gene,,,,,ispG,protein_coding,"ECK2511,gcpE",b2515,,,,,,,,,,
NC_000913.3,RefSeq,gene,2641831,2642844,,-,,1014,gene-b2516,"ECOCYC:EG10015,GeneID:946992",,rodZ,Gene,,,,,rodZ,protein_coding,"ECK2512,yfgA",b2516,,,,,,,,,,
NC_000913.3,RefSeq,gene,2643129,2644283,,-,,1155,gene-b2517,"ECOCYC:EG12401,GeneID:946249",,rlmN,Gene,,,,,rlmN,protein_coding,"ECK2513,yfgB",b2517,,,,,,,,,,
NC_000913.3,RefSeq,gene,2644433,2644864,,-,,432,gene-b2518,"ECOCYC:EG10650,GeneID:945611",,ndk,Gene,,,,,ndk,protein_coding,ECK2514,b2518,,,,,,,,,,
NC_000913.3,RefSeq,gene,2645013,2647325,,-,,2313,gene-b2519,"ECOCYC:G7322,GeneID:947152",,pbpC,Gene,,,,,pbpC,protein_coding,"ECK2515,yfgN",b2519,,,,,,,,,,
NC_000913.3,RefSeq,gene,2647326,2652287,,-,,4962,gene-b2520,"ECOCYC:G7323,GeneID:947302",,yfhM,Gene,,,,,yfhM,protein_coding,ECK2516,b2520,,,,,,,,,,
NC_000913.3,RefSeq,gene,2652494,2653339,,+,,846,gene-b2521,"ECOCYC:EG11600,GeneID:946993",,sseA,Gene,,,,,sseA,protein_coding,"ECK2517,mstA",b2521,,,,,,,,,,
NC_000913.3,RefSeq,gene,2653356,2653455,,-,,100,gene-b4811,"ECOCYC:G0-17086,GeneID:71004569",,timR,Gene,,,,,timR,ncRNA,ECK4668,b4811,,,,,,,,,,
NC_000913.3,RefSeq,gene,2653855,2654158,,+,,304,gene-b4440,"ECOCYC:G0-8879,GeneID:2847714",,ryfA,Gene,,,,,ryfA,ncRNA,"ECK2518,PAIR3b,tp1",b4440,,,,,,,,,,
NC_000913.3,RefSeq,gene,2654001,2654126,,+,,126,gene-b4812,"ECOCYC:G0-17087,GeneID:71004570",,timP,Gene,,,,,timP,protein_coding,ECK4669,b4812,,,,,,,,,,
NC_000913.3,RefSeq,gene,2654157,2654933,,-,,777,gene-b2522,"ECOCYC:EG11601,GeneID:946994",,sseB,Gene,,,,,sseB,protein_coding,ECK2519,b2522,,,,,,,,,,
NC_000913.3,RefSeq,gene,2655075,2656358,,-,,1284,gene-b2523,"ECOCYC:EG12310,GeneID:948766",,pepB,Gene,,,,,pepB,protein_coding,"ECK2520,yfhI",b2523,,,,,,,,,,
NC_000913.3,RefSeq,gene,2656536,2656736,,-,,201,gene-b2524,"ECOCYC:EG12311,GeneID:945196",,iscX,Gene,,,,,iscX,protein_coding,"ECK2521,yfhJ",b2524,,,,,,,,,,
NC_000913.3,RefSeq,gene,2656748,2657083,,-,,336,gene-b2525,"ECOCYC:EG11328,GeneID:947160",,fdx,Gene,,,,,fdx,protein_coding,ECK2522,b2525,,,,,,,,,,
NC_000913.3,RefSeq,gene,2657085,2658935,,-,,1851,gene-b2526,"ECOCYC:EG12130,GeneID:944885",,hscA,Gene,,,,,hscA,protein_coding,"ECK2523,hsc",b2526,,,,,,,,,,
NC_000913.3,RefSeq,gene,2658952,2659467,,-,,516,gene-b2527,"ECOCYC:EG12131,GeneID:946995",,hscB,Gene,,,,,hscB,protein_coding,"ECK2524,yfhE",b2527,,,,,,,,,,
NC_000913.3,RefSeq,gene,2659563,2659886,,-,,324,gene-b2528,"ECOCYC:EG12132,GeneID:946999",,iscA,Gene,,,,,iscA,protein_coding,"ECK2525,yfhF",b2528,,,,,,,,,,
NC_000913.3,RefSeq,gene,2659903,2660289,,-,,387,gene-b2529,"ECOCYC:G7324,GeneID:947002",,iscU,Gene,,,,,iscU,protein_coding,"ECK2526,nifU,yfhN",b2529,,,,,,,,,,
NC_000913.3,RefSeq,gene,2660317,2661531,,-,,1215,gene-b2530,"ECOCYC:G7325,GeneID:947004",,iscS,Gene,,,,,iscS,protein_coding,"ECK2527,nuvC,yfhO,yzzO",b2530,,,,,,,,,,
NC_000913.3,RefSeq,gene,2661643,2662131,,-,,489,gene-b2531,"ECOCYC:G7326,GeneID:945279",,iscR,Gene,,,,,iscR,protein_coding,"ECK2528,yfhP",b2531,,,,,,,,,,
NC_000913.3,RefSeq,gene,2662583,2663323,,-,,741,gene-b2532,"ECOCYC:G7327,GeneID:948610",,trmJ,Gene,,,,,trmJ,protein_coding,"ECK2529,yfhQ",b2532,,,,,,,,,,
NC_000913.3,RefSeq,gene,2663442,2664245,,+,,804,gene-b2533,"ECOCYC:EG10983,GeneID:947285",,suhB,Gene,,,,,suhB,protein_coding,"ECK2530,ssyA",b2533,,,,,,,,,,
NC_000913.3,RefSeq,gene,2664390,2665244,,+,,855,gene-b2534,"ECOCYC:G7328,GeneID:945059",,yfhR,Gene,,,,,yfhR,protein_coding,ECK2531,b2534,,,,,,,,,,
NC_000913.3,RefSeq,gene,2665435,2666715,,+,,1281,gene-b2535,"ECOCYC:G7329,GeneID:947009",,csiE,Gene,,,,,csiE,protein_coding,"csi-16,ECK2532",b2535,,,,,,,,,,
NC_000913.3,RefSeq,gene,2666707,2667846,,-,,1140,gene-b2536,"ECOCYC:G7330,GeneID:947007",,hcaT,Gene,,,,,hcaT,protein_coding,"ECK2533,yfhS",b2536,,,,,,,,,,
NC_000913.3,RefSeq,gene,2668006,2668896,,-,,891,gene-b2537,"ECOCYC:G7331,GeneID:947000",,hcaR,Gene,,,,,hcaR,protein_coding,"ECK2534,phdR,yfhT",b2537,,,,,,,,,,
NC_000913.3,RefSeq,gene,2668006,2668071,,-,,66,gene-b4706,"ECOCYC:G0-10716,GeneID:14678510",,iroK,Gene,,,,,iroK,protein_coding,ECK4518,b4706,,,,,,,,,,
NC_000913.3,RefSeq,gene,2669032,2670393,,+,,1362,gene-b2538,"ECOCYC:M009,GeneID:946998",,hcaE,Gene,,,,,hcaE,protein_coding,"digA,ECK2535,hcaA,hcaA1,phdC1,yfhU",b2538,,,,,,,,,,
NC_000913.3,RefSeq,gene,2670390,2670908,,+,,519,gene-b2539,"ECOCYC:M015,GeneID:946997",,hcaF,Gene,,,,,hcaF,protein_coding,"digB,ECK2536,hcaA,hcaA2,hcaB,phdC2,yfhV",b2539,,,,,,,,,,
NC_000913.3,RefSeq,gene,2670908,2671228,,+,,321,gene-b2540,"ECOCYC:G7334,GeneID:947015",,hcaC,Gene,,,,,hcaC,protein_coding,"ECK2537,hcaa3,phdB,yfhW",b2540,,,,,,,,,,
NC_000913.3,RefSeq,gene,2671225,2672037,,+,,813,gene-b2541,"ECOCYC:G7335,GeneID:945346",,hcaB,Gene,,,,,hcaB,protein_coding,"ECK2538,phdD,yfhX",b2541,,,,,,,,,,
NC_000913.3,RefSeq,gene,2672047,2673249,,+,,1203,gene-b2542,"ECOCYC:G7336,GeneID:945427",,hcaD,Gene,,,,,hcaD,protein_coding,"ECK2539,hcaa4,phdA,yfhY",b2542,,,,,,,,,,
NC_000913.3,RefSeq,gene,2673346,2673768,,+,,423,gene-b2543,"ECOCYC:G7337,GeneID:947365",,yphA,Gene,,,,,yphA,protein_coding,ECK2540,b2543,,,,,,,,,,
NC_000913.3,RefSeq,gene,2673816,2674688,,-,,873,gene-b2544,"ECOCYC:G7338,GeneID:947017",,yphB,Gene,,,,,yphB,protein_coding,ECK2541,b2544,,,,,,,,,,
NC_000913.3,RefSeq,gene,2674700,2675761,,-,,1062,gene-b2545,"ECOCYC:G7339,GeneID:947019",,yphC,Gene,,,,,yphC,protein_coding,ECK2542,b2545,,,,,,,,,,
NC_000913.3,RefSeq,gene,2675827,2676825,,-,,999,gene-b2546,"ECOCYC:G7340,GeneID:949063",,yphD,Gene,,,,,yphD,protein_coding,ECK2543,b2546,,,,,,,,,,
NC_000913.3,RefSeq,gene,2676850,2678361,,-,,1512,gene-b2547,"ECOCYC:G7341,GeneID:948990",,yphE,Gene,,,,,yphE,protein_coding,ECK2544,b2547,,,,,,,,,,
NC_000913.3,RefSeq,gene,2678384,2679367,,-,,984,gene-b2548,"ECOCYC:G7342,GeneID:947020",,yphF,Gene,,,,,yphF,protein_coding,ECK2545,b2548,,,,,,,,,,
NC_000913.3,RefSeq,gene,2679464,2682745,,-,,3282,gene-b2549,"ECOCYC:G7343,GeneID:947021",,yphG,Gene,,,,,yphG,protein_coding,ECK2546,b2549,,,,,,,,,,
NC_000913.3,RefSeq,gene,2682863,2684056,,+,,1194,gene-b2550,"ECOCYC:G7344,GeneID:947023",,yphH,Gene,,,,,yphH,protein_coding,ECK2547,b2550,,,,,,,,,,
NC_000913.3,RefSeq,gene,2684254,2685507,,-,,1254,gene-b2551,"ECOCYC:EG10408,GeneID:947022",,glyA,Gene,,,,,glyA,protein_coding,ECK2548,b2551,,,,,,,,,,
NC_000913.3,RefSeq,gene,2685835,2687025,,+,,1191,gene-b2552,"ECOCYC:EG10456,GeneID:947018",,hmp,Gene,,,,,hmp,protein_coding,"ECK2549,fsrB,hmpA",b2552,,,,,,,,,,
NC_000913.3,RefSeq,gene,2687070,2687408,,-,,339,gene-b2553,"ECOCYC:EG10384,GeneID:947016",,glnB,Gene,,,,,glnB,protein_coding,ECK2550,b2553,,,,,,,,,,
NC_000913.3,RefSeq,gene,2687469,2688803,,-,,1335,gene-b2554,"ECOCYC:EG11285,GeneID:947042",,glrR,Gene,,,,,glrR,protein_coding,"ECK2551,qseF,yfhA",b2554,,,,,,,,,,
NC_000913.3,RefSeq,gene,2688793,2689506,,-,,714,gene-b2555,"ECOCYC:EG12139,GeneID:947010",,qseG,Gene,,,,,qseG,protein_coding,"ECK2552,yfhG",b2555,,,,,,,,,,
NC_000913.3,RefSeq,gene,2689671,2691098,,-,,1428,gene-b2556,"ECOCYC:G7345,GeneID:947013",,glrK,Gene,,,,,glrK,protein_coding,"ECK2553,qseE,yfhK,yfhZ",b2556,,,,,,,,,,
NC_000913.3,RefSeq,gene,2691157,2691340,,-,,184,gene-b4441,"ECOCYC:G0-8910,GeneID:2847700",,glmY,Gene,,,,,glmY,ncRNA,"ECK2554,sroF,tke1",b4441,,,,,,,,,,
NC_000913.3,RefSeq,gene,2691656,2695543,,-,,3888,gene-b2557,"ECOCYC:EG10797,GeneID:947032",,purL,Gene,,,,,purL,protein_coding,"ECK2555,purI",b2557,,,,,,,,,,
NC_000913.3,RefSeq,gene,2695801,2697357,,+,,1557,gene-b2558,"ECOCYC:EG11373,GeneID:947028",,mltF,Gene,,,,,mltF,protein_coding,"ECK2556,yfhD",b2558,,,,,,,,,,
NC_000913.3,RefSeq,gene,2697354,2697857,,-,,504,gene-b2559,"ECOCYC:EG11372,GeneID:947027",,tadA,Gene,,,,,tadA,protein_coding,"ECK2557,yfhC",b2559,,,,,,,,,,
NC_000913.3,RefSeq,gene,2697915,2698550,,-,,636,gene-b2560,"ECOCYC:EG11371,GeneID:947026",,pgpC,Gene,,,,,pgpC,protein_coding,"ECK2558,yfhB",b2560,,,,,,,,,,
NC_000913.3,RefSeq,gene,2698759,2699607,,+,,849,gene-b2561,"ECOCYC:EG12308,GeneID:947030",,yfhH,Gene,,,,,yfhH,protein_coding,ECK2559,b2561,,,,,,,,,,
NC_000913.3,RefSeq,gene,2699663,2699923,,+,,261,gene-b2562,"ECOCYC:G7346,GeneID:947031",,yfhL,Gene,,,,,yfhL,protein_coding,ECK2560,b2562,,,,,,,,,,
NC_000913.3,RefSeq,gene,2700117,2700197,,-,,81,gene-b4687,"ECOCYC:G0-10634,GeneID:7751620",,shoB,Gene,,,,,shoB,protein_coding,"b4681,ECK4502,ryfB,yphI",b4687,,,,,,,,,,
NC_000913.3,RefSeq,gene,2700520,2700598,,+,,79,gene-b4608,"ECOCYC:G0-10598,GeneID:5061518",,ohsC,Gene,,,,,ohsC,ncRNA,"ECK4417,ryfC",b4608,,,,,,,,,,
NC_000913.3,RefSeq,gene,2700618,2700998,,-,,381,gene-b2563,"ECOCYC:EG10247,GeneID:947037",,acpS,Gene,,,,,acpS,protein_coding,"dpj,ECK2561",b2563,,,,,,,,,,
NC_000913.3,RefSeq,gene,2700998,2701729,,-,,732,gene-b2564,"ECOCYC:EG10693,GeneID:947039",,pdxJ,Gene,,,,,pdxJ,protein_coding,ECK2562,b2564,,,,,,,,,,
NC_000913.3,RefSeq,gene,2701741,2702469,,-,,729,gene-b2565,"ECOCYC:EG10832,GeneID:947038",,recO,Gene,,,,,recO,protein_coding,ECK2563,b2565,,,,,,,,,,
NC_000913.3,RefSeq,gene,2702481,2703386,,-,,906,gene-b2566,"ECOCYC:EG10270,GeneID:947036",,era,Gene,,,,,era,protein_coding,"ECK2564,rbaA,sdgE",b2566,,,,,,,,,,
NC_000913.3,RefSeq,gene,2703383,2704063,,-,,681,gene-b2567,"ECOCYC:EG10857,GeneID:947033",,rnc,Gene,,,,,rnc,protein_coding,ECK2565,b2567,,,,,,,,,,
NC_000913.3,RefSeq,gene,2704335,2705309,,-,,975,gene-b2568,"ECOCYC:EG10530,GeneID:947040",,lepB,Gene,,,,,lepB,protein_coding,"ECK2566,lep",b2568,,,,,,,,,,
NC_000913.3,RefSeq,gene,2705325,2707124,,-,,1800,gene-b2569,"ECOCYC:EG10529,GeneID:947051",,lepA,Gene,,,,,lepA,protein_coding,ECK2567,b2569,,,,,,,,,,
NC_000913.3,RefSeq,gene,2707322,2707801,,-,,480,gene-b2570,"ECOCYC:G7347,GeneID:947052",,rseC,Gene,,,,,rseC,protein_coding,ECK2568,b2570,,,,,,,,,,
NC_000913.3,RefSeq,gene,2707798,2708754,,-,,957,gene-b2571,"ECOCYC:G7348,GeneID:947054",,rseB,Gene,,,,,rseB,protein_coding,ECK2569,b2571,,,,,,,,,,
NC_000913.3,RefSeq,gene,2708754,2709404,,-,,651,gene-b2572,"ECOCYC:EG12341,GeneID:947053",,rseA,Gene,,,,,rseA,protein_coding,"ECK2570,mclA,yfiJ",b2572,,,,,,,,,,
NC_000913.3,RefSeq,gene,2709437,2710012,,-,,576,gene-b2573,"ECOCYC:EG11897,GeneID:947050",,rpoE,Gene,,,,,rpoE,protein_coding,"ECK2571,sigE",b2573,,,,,,,,,,
NC_000913.3,RefSeq,gene,2710009,2710164,,-,,156,gene-b4725,"ECOCYC:G0-16690,GeneID:38094969",,rseD,Gene,,,,,rseD,protein_coding,ECK4582,b4725,,,,,,,,,,
NC_000913.3,RefSeq,gene,2710420,2712042,,+,,1623,gene-b2574,"ECOCYC:EG10631,GeneID:947049",,nadB,Gene,,,,,nadB,protein_coding,"ECK2572,nic,nicB",b2574,,,,,,,,,,
NC_000913.3,RefSeq,gene,2712027,2712764,,-,,738,gene-b2575,"ECOCYC:EG11538,GeneID:947047",,yfiC,Gene,,,,,yfiC,protein_coding,"ECK2573,trmM",b2575,,,,,,,,,,
NC_000913.3,RefSeq,gene,2712896,2714230,,+,,1335,gene-b2576,"ECOCYC:EG10975,GeneID:947055",,srmB,Gene,,,,,srmB,protein_coding,"ECK2574,rbaB,rhlA",b2576,,,,,,,,,,
NC_000913.3,RefSeq,gene,2714439,2715320,,-,,882,gene-b2577,"ECOCYC:EG11785,GeneID:947064",,yfiE,Gene,,,,,yfiE,protein_coding,ECK2575,b2577,,,,,,,,,,
NC_000913.3,RefSeq,gene,2715423,2716010,,+,,588,gene-b2578,"ECOCYC:EG12445,GeneID:947065",,eamB,Gene,,,,,eamB,protein_coding,"ECK2576,yfiK",b2578,,,,,,,,,,
NC_000913.3,RefSeq,gene,2716066,2716449,,-,,384,gene-b2579,"ECOCYC:EG11784,GeneID:947068",,grcA,Gene,,,,,grcA,protein_coding,"ECK2577,yfiD",b2579,,,,,,,,,,
NC_000913.3,RefSeq,gene,2716754,2717443,,+,,690,gene-b2580,"ECOCYC:EG11058,GeneID:947067",,ung,Gene,,,,,ung,protein_coding,ECK2578,b2580,,,,,,,,,,
NC_000913.3,RefSeq,gene,2717491,2718528,,-,,1038,gene-b2581,"ECOCYC:EG11786,GeneID:947066",,yfiF,Gene,,,,,yfiF,protein_coding,ECK2579,b2581,,,,,,,,,,
NC_000913.3,RefSeq,gene,2718735,2719154,,+,,420,gene-b2582,"ECOCYC:EG11887,GeneID:947062",,trxC,Gene,,,,,trxC,protein_coding,"ECK2580,yfiG",b2582,,,,,,,,,,
NC_000913.3,RefSeq,gene,2719223,2719921,,+,,699,gene-b2583,"ECOCYC:G7349,GeneID:947057",,tapT,Gene,,,,,tapT,protein_coding,"ECK2581,tuaA,yfiP",b2583,,,,,,,,,,
NC_000913.3,RefSeq,gene,2719953,2722613,,+,,2661,gene-b2584,"ECOCYC:G7350,GeneID:947056",,patZ,Gene,,,,,patZ,protein_coding,"ECK2582,pka,yfiQ",b2584,,,,,,,,,,
NC_000913.3,RefSeq,gene,2722702,2722743,,+,,42,gene-b4782,"ECOCYC:G0-17028,GeneID:63925645",,pssL,Gene,,,,,pssL,protein_coding,ECK4639,b4782,,,,,,,,,,
NC_000913.3,RefSeq,gene,2722727,2724082,,+,,1356,gene-b2585,"ECOCYC:EG10781,GeneID:947059",,pssA,Gene,,,,,pssA,protein_coding,"ECK2583,pss",b2585,,,,,,,,,,
NC_000913.3,RefSeq,gene,2724128,2724451,,+,,324,gene-b2586,"ECOCYC:EG12857,GeneID:947060",,yfiM,Gene,,,,,yfiM,protein_coding,ECK2584,b2586,,,,,,,,,,
NC_000913.3,RefSeq,gene,2724448,2725746,,-,,1299,gene-b2587,"ECOCYC:EG10522,GeneID:947069",,kgtP,Gene,,,,,kgtP,protein_coding,"ECK2585,witA",b2587,,,,,,,,,,
NC_000913.3,RefSeq,gene,2725925,2725987,,+,,63,gene-b4783,"ECOCYC:G0-17029,GeneID:63925646",,yfiS,Gene,,,,,yfiS,protein_coding,ECK4639,b4783,,,,,,,,,,
NC_000913.3,RefSeq,gene,2726069,2726188,,-,,120,gene-b2588,"ECOCYC:EG30075,GeneID:947070",,rrfG,Gene,,,,,rrfG,rRNA,ECK2586,b2588,,,,,,,,,,
NC_000913.3,RefSeq,gene,2726281,2729184,,-,,2904,gene-b2589,"ECOCYC:EG30082,GeneID:947585",,rrlG,Gene,,,,,rrlG,rRNA,ECK2587,b2589,,,,,,,,,,
NC_000913.3,RefSeq,gene,2729369,2729444,,-,,76,gene-b2590,"ECOCYC:EG30035,GeneID:947076",,gltW,Gene,,,,,gltW,tRNA,ECK2588,b2590,,,,,,,,,,
NC_000913.3,RefSeq,gene,2729616,2731157,,-,,1542,gene-b2591,"ECOCYC:EG30089,GeneID:947071",,rrsG,Gene,,,,,rrsG,rRNA,ECK2589,b2591,,,,,,,,,,
NC_000913.3,RefSeq,gene,2731600,2734173,,-,,2574,gene-b2592,"ECOCYC:EG10157,GeneID:947077",,clpB,Gene,,,,,clpB,protein_coding,"ECK2590,htpM",b2592,,,,,,,,,,
NC_000913.3,RefSeq,gene,2734153,2734295,,-,,143,gene-b4609,"ECOCYC:G0-10600,GeneID:5061506",,ryfD,Gene,,,,,ryfD,ncRNA,ECK4418,b4609,,,,,,,,,,
NC_000913.3,RefSeq,gene,2734303,2735034,,-,,732,gene-b2593,"ECOCYC:EG12097,GeneID:947089",,yfiH,Gene,,,,,yfiH,protein_coding,"ECK2591,pgeF",b2593,,,,,,,,,,
NC_000913.3,RefSeq,gene,2735031,2736011,,-,,981,gene-b2594,"ECOCYC:EG12098,GeneID:947087",,rluD,Gene,,,,,rluD,protein_coding,"ECK2592,sfhB,yfiI",b2594,,,,,,,,,,
NC_000913.3,RefSeq,gene,2736146,2736883,,+,,738,gene-b2595,"ECOCYC:G7352,GeneID:947086",,bamD,Gene,,,,,bamD,protein_coding,"ecfD,ECK2593,yfiO",b2595,,,,,,,,,,
NC_000913.3,RefSeq,gene,2737154,2737495,,+,,342,gene-b2597,"ECOCYC:EG11151,GeneID:947129",,raiA,Gene,,,,,raiA,protein_coding,"ECK2594,pY,urf1,yfiA",b2597,,,,,,,,,,
NC_000913.3,RefSeq,gene,2737381,2737542,,+,,162,gene-b4805,"ECOCYC:G0-17078,GeneID:71004571",,raiZ,Gene,,,,,raiZ,ncRNA,ECK4662,b4805,,,,,,,,,,
NC_000913.3,RefSeq,gene,2737599,2737646,,+,,48,gene-b2598,"ECOCYC:EG11271,GeneID:947080",,pheL,Gene,,,,,pheL,protein_coding,"ECK2595,pheAE",b2598,,,,,,,,,,
NC_000913.3,RefSeq,gene,2737745,2738905,,+,,1161,gene-b2599,"ECOCYC:EG10707,GeneID:947081",,pheA,Gene,,,,,pheA,protein_coding,ECK2596,b2599,,,,,,,,,,
NC_000913.3,RefSeq,gene,2738948,2740069,,-,,1122,gene-b2600,"ECOCYC:EG11039,GeneID:947115",,tyrA,Gene,,,,,tyrA,protein_coding,ECK2597,b2600,,,,,,,,,,
NC_000913.3,RefSeq,gene,2740080,2741150,,-,,1071,gene-b2601,"ECOCYC:EG10078,GeneID:947084",,aroF,Gene,,,,,aroF,protein_coding,ECK2598,b2601,,,,,,,,,,
NC_000913.3,RefSeq,gene,2741360,2741725,,+,,366,gene-b2602,"ECOCYC:EG12446,GeneID:947106",,yfiL,Gene,,,,,yfiL,protein_coding,ECK2599,b2602,,,,,,,,,,
NC_000913.3,RefSeq,gene,2741875,2742393,,+,,519,gene-b2603,"ECOCYC:G7354,GeneID:947090",,yfiR,Gene,,,,,yfiR,protein_coding,ECK2600,b2603,,,,,,,,,,
NC_000913.3,RefSeq,gene,2742383,2743609,,+,,1227,gene-b2604,"ECOCYC:EG12880,GeneID:947091",,dgcN,Gene,,,,,dgcN,protein_coding,"ECK2601,yfiN",b2604,,,,,,,,,,
NC_000913.3,RefSeq,gene,2743625,2744107,,+,,483,gene-b2605,"ECOCYC:EG11152,GeneID:947094",,yfiB,Gene,,,,,yfiB,protein_coding,ECK2602,b2605,,,,,,,,,,
NC_000913.3,RefSeq,gene,2744183,2744530,,-,,348,gene-b2606,"ECOCYC:EG10880,GeneID:947096",,rplS,Gene,,,,,rplS,protein_coding,ECK2603,b2606,,,,,,,,,,
NC_000913.3,RefSeq,gene,2744572,2745339,,-,,768,gene-b2607,"ECOCYC:EG11023,GeneID:947099",,trmD,Gene,,,,,trmD,protein_coding,ECK2604,b2607,,,,,,,,,,
NC_000913.3,RefSeq,gene,2745370,2745918,,-,,549,gene-b2608,"ECOCYC:EG11153,GeneID:947101",,rimM,Gene,,,,,rimM,protein_coding,"ECK2605,yfjA",b2608,,,,,,,,,,
NC_000913.3,RefSeq,gene,2745937,2746185,,-,,249,gene-b2609,"ECOCYC:EG10915,GeneID:947103",,rpsP,Gene,,,,,rpsP,protein_coding,ECK2606,b2609,,,,,,,,,,
NC_000913.3,RefSeq,gene,2746434,2747795,,-,,1362,gene-b2610,"ECOCYC:EG10300,GeneID:947102",,ffh,Gene,,,,,ffh,protein_coding,ECK2607,b2610,,,,,,,,,,
NC_000913.3,RefSeq,gene,2747962,2748753,,+,,792,gene-b2611,"ECOCYC:G7355,GeneID:947098",,ypjD,Gene,,,,,ypjD,protein_coding,ECK2608,b2611,,,,,,,,,,
NC_000913.3,RefSeq,gene,2748774,2750060,,+,,1287,gene-b4461,"ECOCYC:EG12442,GeneID:2847739",,yfjD,Gene,,,,,yfjD,protein_coding,"b2612,b2613,ECK2609,ypjE",b4461,,,,,,,,,,
NC_000913.3,RefSeq,gene,2750115,2750708,,-,,594,gene-b2614,"ECOCYC:EG10416,GeneID:947097",,grpE,Gene,,,,,grpE,protein_coding,ECK2610,b2614,,,,,,,,,,
NC_000913.3,RefSeq,gene,2750831,2751709,,+,,879,gene-b2615,"ECOCYC:EG12192,GeneID:947092",,nadK,Gene,,,,,nadK,protein_coding,"ECK2611,yfjB,yfjE",b2615,,,,,,,,,,
NC_000913.3,RefSeq,gene,2751795,2753456,,+,,1662,gene-b2616,"ECOCYC:EG10831,GeneID:947105",,recN,Gene,,,,,recN,protein_coding,"ECK2612,radB",b2616,,,,,,,,,,
NC_000913.3,RefSeq,gene,2753605,2753946,,+,,342,gene-b2617,"ECOCYC:EG10952,GeneID:945583",,bamE,Gene,,,,,bamE,protein_coding,"ECK2613,smpA,smqA",b2617,,,,,,,,,,
NC_000913.3,RefSeq,gene,2754008,2754298,,-,,291,gene-b2618,"ECOCYC:G7357,GeneID:945078",,yfjF,Gene,,,,,yfjF,protein_coding,"ECK2614,ratB",b2618,,,,,,,,,,
NC_000913.3,RefSeq,gene,2754288,2754764,,-,,477,gene-b2619,"ECOCYC:G7358,GeneID:945614",,ratA,Gene,,,,,ratA,protein_coding,"ECK2615,yfjG",b2619,,,,,,,,,,
NC_000913.3,RefSeq,gene,2754896,2755378,,+,,483,gene-b2620,"ECOCYC:EG11782,GeneID:947296",,smpB,Gene,,,,,smpB,protein_coding,"ECK2616,smqB",b2620,,,,,,,,,,
NC_000913.3,RefSeq,gene,2755593,2755955,,+,,363,gene-b2621,"ECOCYC:EG30100,GeneID:945053",,ssrA,Gene,,,,,ssrA,other,"ECK2617,sipB",b2621,,,,,,,,,,
NC_000913.3,RefSeq,gene,2756159,2757400,,+,,1242,gene-b2622,"ECOCYC:EG11783,GeneID:946160",,intA,Gene,,,,,intA,protein_coding,"ECK2618,intX,slpA",b2622,,,,,,,,,,
NC_000913.3,RefSeq,gene,2757644,2758600,,-,,957,gene-b2623,"ECOCYC:G7359,GeneID:946123",,yfjH,Gene,,,,,yfjH,protein_coding,ECK2619,b2623,,,,,,,,,,
NC_000913.3,RefSeq,gene,2758644,2758856,,+,,213,gene-b2624,"ECOCYC:EG12112,GeneID:946758",,alpA,Gene,,,,,alpA,protein_coding,ECK2620,b2624,,,,,,,,,,
NC_000913.3,RefSeq,gene,2758985,2760394,,+,,1410,gene-b2625,"ECOCYC:G7360,GeneID:944764",,yfjI,Gene,,,,,yfjI,protein_coding,ECK2621,b2625,,,,,,,,,,
NC_000913.3,RefSeq,gene,2760547,2761173,,+,,627,gene-b2626,"ECOCYC:G7361,GeneID:947112",,yfjJ,Gene,,,,,yfjJ,protein_coding,ECK2622,b2626,,,,,,,,,,
NC_000913.3,RefSeq,gene,2761351,2763540,,-,,2190,gene-b2627,"ECOCYC:G7362,GeneID:947111",,abpB,Gene,,,,,abpB,protein_coding,"ECK2623,yfjK",b2627,,,,,,,,,,
NC_000913.3,RefSeq,gene,2763537,2765153,,-,,1617,gene-b2628,"ECOCYC:G7363,GeneID:947110",,abpA,Gene,,,,,abpA,protein_coding,"ECK2624,yfjL",b2628,,,,,,,,,,
NC_000913.3,RefSeq,gene,2765513,2765776,,-,,264,gene-b2629,"ECOCYC:G7364,GeneID:947108",,yfjM,Gene,,,,,yfjM,protein_coding,ECK2625,b2629,,,,,,,,,,
NC_000913.3,RefSeq,gene,2765918,2766991,,+,,1074,gene-b2630,"ECOCYC:G7365,GeneID:947107",,rnlA,Gene,,,,,rnlA,protein_coding,"ECK2626,std,yfjN",b2630,,,,,,,,,,
NC_000913.3,RefSeq,gene,2766984,2767355,,+,,372,gene-b2631,"ECOCYC:G7366,GeneID:947113",,rnlB,Gene,,,,,rnlB,protein_coding,"ECK2627,yfjO",b2631,,,,,,,,,,
NC_000913.3,RefSeq,gene,2767710,2768573,,+,,864,gene-b2632,"ECOCYC:G7367,GeneID:947124",,yfjP,Gene,,,,,yfjP,protein_coding,ECK2628,b2632,,,,,,,,,,
NC_000913.3,RefSeq,gene,2768665,2769486,,+,,822,gene-b2633,"ECOCYC:G7368,GeneID:947127",,yfjQ,Gene,,,,,yfjQ,protein_coding,ECK2629,b2633,,,,,,,,,,
NC_000913.3,RefSeq,gene,2769703,2770404,,+,,702,gene-b2634,"ECOCYC:G7369,GeneID:947309",,yfjR,Gene,,,,,yfjR,protein_coding,ECK2630,b2634,,,,,,,,,,
NC_000913.3,RefSeq,gene,2770445,2770681,,+,,237,gene-b2635,"ECOCYC:G7370,GeneID:2847710",,ypjK,Gene,,,,,ypjK,protein_coding,ECK2631,b2635,,,,,,,,,,
NC_000913.3,RefSeq,gene,2770681,2771124,,+,,444,gene-b2636,"ECOCYC:G7371,GeneID:945668",,yfjS,Gene,,,,,yfjS,protein_coding,ECK2632,b2636,,,,,,,,,,
NC_000913.3,RefSeq,gene,2771148,2771615,,+,,468,gene-b2637,"ECOCYC:G7372,GeneID:947616",,yfjT,Gene,,,,,yfjT,protein_coding,ECK2633,b2637,,,,,,,,,,
NC_000913.3,RefSeq,gene,2771840,2772154,,-,,315,gene-b2638,"ECOCYC:G7373,GeneID:945062",,yfjU,Gene,,,,,yfjU,protein_coding,ECK2634,b2638,,,,,,,,,,
NC_000913.3,RefSeq,gene,2773318,2775021,,+,,1704,gene-b2642,"ECOCYC:G7377,GeneID:947128",,yfjW,Gene,,,,,yfjW,protein_coding,ECK2638,b2642,,,,,,,,,,
NC_000913.3,RefSeq,gene,2775919,2776377,,+,,459,gene-b2643,"ECOCYC:G7378,GeneID:947126",,lfgA,Gene,,,,,lfgA,protein_coding,"ECK2639,yfjX",b2643,,,,,,,,,,
NC_000913.3,RefSeq,gene,2776386,2776868,,+,,483,gene-b2644,"ECOCYC:G7379,GeneID:947125",,lfgB,Gene,,,,,lfgB,protein_coding,"ECK2640,yfjY",b2644,,,,,,,,,,
NC_000913.3,RefSeq,gene,2776877,2777077,,+,,201,gene-b4548,"ECOCYC:G0-10464,GeneID:1450287",,ypjJ,Gene,,,,,ypjJ,protein_coding,"ECK2641,lfgC",b4548,,,,,,,,,,
NC_000913.3,RefSeq,gene,2777115,2777432,,+,,318,gene-b2645,"ECOCYC:G7380,GeneID:947123",,yfjZ,Gene,,,,,yfjZ,protein_coding,"ECK2642,lfgD",b2645,,,,,,,,,,
NC_000913.3,RefSeq,gene,2777453,2777782,,+,,330,gene-b2646,"ECOCYC:G7381,GeneID:947131",,ypjF,Gene,,,,,ypjF,protein_coding,"ECK2643,lfgE",b2646,,,,,,,,,,
NC_000913.3,RefSeq,gene,2778146,2782726,,-,,4581,gene-b2647,"ECOCYC:G7382,GeneID:948630",,ypjA,Gene,,,,,ypjA,protein_coding,ECK2644,b2647,,,,,,,,,,
NC_000913.3,RefSeq,gene,2783638,2784429,,-,,792,gene-b2649,"ECOCYC:G7384,GeneID:945242",,ypjB,Gene,,,,,ypjB,protein_coding,ECK2646,b2649,,,,,,,,,,
NC_000913.3,RefSeq,gene,2784529,2785011,,-,,483,gene-b2650,"ECOCYC:G7385,GeneID:947640",,ypjC,Gene,,,,,ypjC,protein_coding,ECK2647,b2650,,,,,,,,,,
NC_000913.3,RefSeq,gene,2785762,2785837,,-,,76,gene-b2652,"ECOCYC:G7387,GeneID:947163",,ileY,Gene,,,,,ileY,tRNA,ECK2648,b2652,,,,,,,,,,
NC_000913.3,RefSeq,gene,2788985,2789962,,+,,978,gene-b2659,"ECOCYC:G7394,GeneID:948076",,glaH,Gene,,,,,glaH,protein_coding,"csi-12,csiD,ECK2653,ygaT",b2659,,,,,,,,,,
NC_000913.3,RefSeq,gene,2789982,2791250,,+,,1269,gene-b2660,"ECOCYC:EG12387,GeneID:948069",,lhgD,Gene,,,,,lhgD,protein_coding,"ECK2654,lhgO,ygaF",b2660,,,,,,,,,,
NC_000913.3,RefSeq,gene,2791273,2792721,,+,,1449,gene-b2661,"ECOCYC:EG11329,GeneID:948060",,gabD,Gene,,,,,gabD,protein_coding,ECK2655,b2661,,,,,,,,,,
NC_000913.3,RefSeq,gene,2792735,2794015,,+,,1281,gene-b2662,"ECOCYC:EG10361,GeneID:948067",,gabT,Gene,,,,,gabT,protein_coding,ECK2656,b2662,,,,,,,,,,
NC_000913.3,RefSeq,gene,2794253,2795653,,+,,1401,gene-b2663,"ECOCYC:EG11330,GeneID:948049",,gabP,Gene,,,,,gabP,protein_coding,ECK2657,b2663,,,,,,,,,,
NC_000913.3,RefSeq,gene,2795674,2796336,,+,,663,gene-b2664,"ECOCYC:EG12386,GeneID:948055",,glaR,Gene,,,,,glaR,protein_coding,"csiR,ECK2658,gabC,ygaE",b2664,,,,,,,,,,
NC_000913.3,RefSeq,gene,2796337,2796786,,-,,450,gene-b2665,"ECOCYC:G7395,GeneID:947144",,kbp,Gene,,,,,kbp,protein_coding,"ECK2659,ygaU,yzzM",b2665,,,,,,,,,,
NC_000913.3,RefSeq,gene,2796870,2797028,,-,,159,gene-b2666,"ECOCYC:G7396,GeneID:947138",,yqaE,Gene,,,,,yqaE,protein_coding,ECK2660,b2666,,,,,,,,,,
NC_000913.3,RefSeq,gene,2797211,2797510,,+,,300,gene-b2667,"ECOCYC:G7397,GeneID:947136",,ygaV,Gene,,,,,ygaV,protein_coding,ECK2661,b2667,,,,,,,,,,
NC_000913.3,RefSeq,gene,2797520,2798044,,+,,525,gene-b2668,"ECOCYC:G7398,GeneID:947135",,ygaP,Gene,,,,,ygaP,protein_coding,ECK2662,b2668,,,,,,,,,,
NC_000913.3,RefSeq,gene,2798091,2798495,,-,,405,gene-b2669,"ECOCYC:EG11554,GeneID:947130",,stpA,Gene,,,,,stpA,protein_coding,"ECK2663,hnsB",b2669,,,,,,,,,,
NC_000913.3,RefSeq,gene,2799164,2799613,,+,,450,gene-b2670,"ECOCYC:G7399,GeneID:947147",,alaE,Gene,,,,,alaE,protein_coding,"ECK2664,ygaW",b2670,,,,,,,,,,
NC_000913.3,RefSeq,gene,2799650,2799994,,-,,345,gene-b2671,"ECOCYC:EG12201,GeneID:947156",,ygaC,Gene,,,,,ygaC,protein_coding,ECK2665,b2671,,,,,,,,,,
NC_000913.3,RefSeq,gene,2800146,2800475,,+,,330,gene-b2672,"ECOCYC:G7400,GeneID:947157",,ygaM,Gene,,,,,ygaM,protein_coding,ECK2666,b2672,,,,,,,,,,
NC_000913.3,RefSeq,gene,2800723,2800968,,+,,246,gene-b2673,"ECOCYC:G7401,GeneID:947161",,nrdH,Gene,,,,,nrdH,protein_coding,"ECK2667,ygaN",b2673,,,,,,,,,,
NC_000913.3,RefSeq,gene,2800965,2801375,,+,,411,gene-b2674,"ECOCYC:G7402,GeneID:947158",,nrdI,Gene,,,,,nrdI,protein_coding,"ECK2668,ygaO",b2674,,,,,,,,,,
NC_000913.3,RefSeq,gene,2801348,2803492,,+,,2145,gene-b2675,"ECOCYC:EG20257,GeneID:947155",,nrdE,Gene,,,,,nrdE,protein_coding,ECK2669,b2675,,,,,,,,,,
NC_000913.3,RefSeq,gene,2803502,2804461,,+,,960,gene-b2676,"ECOCYC:EG12381,GeneID:947149",,nrdF,Gene,,,,,nrdF,protein_coding,"ECK2670,ygaD",b2676,,,,,,,,,,
NC_000913.3,RefSeq,gene,2804815,2806017,,+,,1203,gene-b2677,"ECOCYC:EG10771,GeneID:947148",,proV,Gene,,,,,proV,protein_coding,"ECK2671,osrA,proU",b2677,,,,,,,,,,
NC_000913.3,RefSeq,gene,2806010,2807074,,+,,1065,gene-b2678,"ECOCYC:EG10772,GeneID:947145",,proW,Gene,,,,,proW,protein_coding,"ECK2672,osrA,proU",b2678,,,,,,,,,,
NC_000913.3,RefSeq,gene,2807132,2808124,,+,,993,gene-b2679,"ECOCYC:EG10773,GeneID:947165",,proX,Gene,,,,,proX,protein_coding,"ECK2673,osrA,proU",b2679,,,,,,,,,,
NC_000913.3,RefSeq,gene,2809617,2810354,,+,,738,gene-b2682,"ECOCYC:G7405,GeneID:945093",,ygaZ,Gene,,,,,ygaZ,protein_coding,ECK2676,b2682,,,,,,,,,,
NC_000913.3,RefSeq,gene,2810344,2810679,,+,,336,gene-b2683,"ECOCYC:G7406,GeneID:945111",,ygaH,Gene,,,,,ygaH,protein_coding,ECK2677,b2683,,,,,,,,,,
NC_000913.3,RefSeq,gene,2810770,2811300,,+,,531,gene-b2684,"ECOCYC:EG10603,GeneID:945282",,mprA,Gene,,,,,mprA,protein_coding,"ECK2678,emrR",b2684,,,,,,,,,,
NC_000913.3,RefSeq,gene,2811427,2812599,,+,,1173,gene-b2685,"ECOCYC:EG11354,GeneID:947166",,emrA,Gene,,,,,emrA,protein_coding,ECK2679,b2685,,,,,,,,,,
NC_000913.3,RefSeq,gene,2812616,2814154,,+,,1539,gene-b2686,"ECOCYC:EG11439,GeneID:947167",,emrB,Gene,,,,,emrB,protein_coding,ECK2680,b2686,,,,,,,,,,
NC_000913.3,RefSeq,gene,2814218,2814733,,-,,516,gene-b2687,"ECOCYC:EG12712,GeneID:947168",,luxS,Gene,,,,,luxS,protein_coding,"ECK2681,ygaG",b2687,,,,,,,,,,
NC_000913.3,RefSeq,gene,2814802,2814874,,+,,73,gene-b4442,"ECOCYC:G0-8866,GeneID:2847697",,micA,Gene,,,,,micA,ncRNA,"ECK2682,psrA10,sraD",b4442,,,,,,,,,,
NC_000913.3,RefSeq,gene,2814883,2816439,,-,,1557,gene-b2688,"ECOCYC:EG10418,GeneID:944881",,gshA,Gene,,,,,gshA,protein_coding,"ECK2683,gsh-I",b2688,,,,,,,,,,
NC_000913.3,RefSeq,gene,2816512,2816940,,-,,429,gene-b2689,"ECOCYC:G7407,GeneID:945419",,yqaA,Gene,,,,,yqaA,protein_coding,ECK2684,b2689,,,,,,,,,,
NC_000913.3,RefSeq,gene,2816937,2817503,,-,,567,gene-b2690,"ECOCYC:G7408,GeneID:945776",,yqaB,Gene,,,,,yqaB,protein_coding,ECK2685,b2690,,,,,,,,,,
NC_000913.3,RefSeq,gene,2817784,2817860,,-,,77,gene-b2691,"ECOCYC:EG30013,GeneID:947150",,argQ,Gene,,,,,argQ,tRNA,"argVdelta,ECK2686",b2691,,,,,,,,,,
NC_000913.3,RefSeq,gene,2818059,2818135,,-,,77,gene-b2692,"ECOCYC:EG30019,GeneID:947171",,argZ,Gene,,,,,argZ,tRNA,"argVgamma,ECK2687",b2692,,,,,,,,,,
NC_000913.3,RefSeq,gene,2818198,2818274,,-,,77,gene-b2693,"ECOCYC:EG30018,GeneID:946596",,argY,Gene,,,,,argY,tRNA,"argVbeta,ECK2688",b2693,,,,,,,,,,
NC_000913.3,RefSeq,gene,2818473,2818549,,-,,77,gene-b2694,"ECOCYC:EG30015,GeneID:947209",,argV,Gene,,,,,argV,tRNA,"argValpha,ECK2689",b2694,,,,,,,,,,
NC_000913.3,RefSeq,gene,2818553,2818645,,-,,93,gene-b2695,"ECOCYC:EG30095,GeneID:947173",,serV,Gene,,,,,serV,tRNA,"ECK2690,supD",b2695,,,,,,,,,,
NC_000913.3,RefSeq,gene,2818961,2819146,,-,,186,gene-b2696,"ECOCYC:EG11447,GeneID:947176",,csrA,Gene,,,,,csrA,protein_coding,"ECK2691,zfiA",b2696,,,,,,,,,,
NC_000913.3,RefSeq,gene,2819381,2822011,,-,,2631,gene-b2697,"ECOCYC:EG10034,GeneID:947175",,alaS,Gene,,,,,alaS,protein_coding,"act,ala-act,ECK2692,lovB",b2697,,,,,,,,,,
NC_000913.3,RefSeq,gene,2822139,2822639,,-,,501,gene-b2698,"ECOCYC:EG12080,GeneID:947172",,recX,Gene,,,,,recX,protein_coding,"ECK2693,oraA",b2698,,,,,,,,,,
NC_000913.3,RefSeq,gene,2822708,2823769,,-,,1062,gene-b2699,"ECOCYC:EG10823,GeneID:947170",,recA,Gene,,,,,recA,protein_coding,"ECK2694,lexB,recH,rnmB,srf,tif,umuB,zab",b2699,,,,,,,,,,
NC_000913.3,RefSeq,gene,2823849,2824346,,-,,498,gene-b2700,"ECOCYC:G7409,GeneID:947169",,pncC,Gene,,,,,pncC,protein_coding,"ECK2695,ygaD",b2700,,,,,,,,,,
NC_000913.3,RefSeq,gene,2824491,2825576,,-,,1086,gene-b2701,"ECOCYC:G7410,GeneID:947184",,mltB,Gene,,,,,mltB,protein_coding,"ECK2696,slt",b2701,,,,,,,,,,
NC_000913.3,RefSeq,gene,2825832,2826395,,+,,564,gene-b2702,"ECOCYC:G8210,GeneID:947575",,srlA,Gene,,,,,srlA,protein_coding,"ECK2697,gutA,sbl,srlA-1",b2702,,,,,,,,,,
NC_000913.3,RefSeq,gene,2826392,2827351,,+,,960,gene-b2703,"ECOCYC:EG10969,GeneID:948933",,srlE,Gene,,,,,srlE,protein_coding,"ECK2698,gutA,gutE,sbl,srlA,srlA-2",b2703,,,,,,,,,,
NC_000913.3,RefSeq,gene,2827362,2827733,,+,,372,gene-b2704,"ECOCYC:EG10970,GeneID:948971",,srlB,Gene,,,,,srlB,protein_coding,"ECK2699,gutB",b2704,,,,,,,,,,
NC_000913.3,RefSeq,gene,2827737,2828516,,+,,780,gene-b2705,"ECOCYC:EG10971,GeneID:948937",,srlD,Gene,,,,,srlD,protein_coding,"ECK2700,gutD",b2705,,,,,,,,,,
NC_000913.3,RefSeq,gene,2828621,2828980,,+,,360,gene-b2706,"ECOCYC:EG10972,GeneID:948938",,gutM,Gene,,,,,gutM,protein_coding,"ECK2701,gut,srlM",b2706,,,,,,,,,,
NC_000913.3,RefSeq,gene,2829047,2829820,,+,,774,gene-b2707,"ECOCYC:EG10974,GeneID:948942",,srlR,Gene,,,,,srlR,protein_coding,"ECK2702,gutR",b2707,,,,,,,,,,
NC_000913.3,RefSeq,gene,2829813,2830778,,+,,966,gene-b2708,"ECOCYC:EG10973,GeneID:947587",,gutQ,Gene,,,,,gutQ,protein_coding,"ECK2703,srlQ",b2708,,,,,,,,,,
NC_000913.3,RefSeq,gene,2830775,2832289,,-,,1515,gene-b2709,"ECOCYC:EG12108,GeneID:947186",,norR,Gene,,,,,norR,protein_coding,"ECK2704,ygaA",b2709,,,,,,,,,,
NC_000913.3,RefSeq,gene,2832476,2833915,,+,,1440,gene-b2710,"ECOCYC:G7413,GeneID:948979",,norV,Gene,,,,,norV,protein_coding,"ECK2705,ygaI,ygaJ,ygaK",b2710,,,,,,,,,,
NC_000913.3,RefSeq,gene,2833912,2835045,,+,,1134,gene-b2711,"ECOCYC:EG12450,GeneID:947088",,norW,Gene,,,,,norW,protein_coding,"ECK2706,ygaL,ygbD",b2711,,,,,,,,,,
NC_000913.3,RefSeq,gene,2835173,2837425,,-,,2253,gene-b2712,"ECOCYC:EG11551,GeneID:944963",,hypF,Gene,,,,,hypF,protein_coding,"ECK2707,hydA",b2712,,,,,,,,,,
NC_000913.3,RefSeq,gene,2837578,2838105,,-,,528,gene-b2713,"ECOCYC:EG11552,GeneID:947190",,hydN,Gene,,,,,hydN,protein_coding,ECK2708,b2713,,,,,,,,,,
NC_000913.3,RefSeq,gene,2838254,2839264,,-,,1011,gene-b2714,"ECOCYC:EG10087,GeneID:947305",,ascG,Gene,,,,,ascG,protein_coding,"ECK2709,sac",b2714,,,,,,,,,,
NC_000913.3,RefSeq,gene,2839524,2840981,,+,,1458,gene-b2715,"ECOCYC:EG10086,GeneID:947154",,ascF,Gene,,,,,ascF,protein_coding,"ECK2710,sac",b2715,,,,,,,,,,
NC_000913.3,RefSeq,gene,2840990,2842414,,+,,1425,gene-b2716,"ECOCYC:EG10085,GeneID:947460",,ascB,Gene,,,,,ascB,protein_coding,"ECK2711,sac",b2716,,,,,,,,,,
NC_000913.3,RefSeq,gene,2842573,2843043,,-,,471,gene-b2717,"ECOCYC:G7414,GeneID:947428",,hycI,Gene,,,,,hycI,protein_coding,ECK2712,b2717,,,,,,,,,,
NC_000913.3,RefSeq,gene,2843036,2843446,,-,,411,gene-b2718,"ECOCYC:EG10481,GeneID:947438",,hycH,Gene,,,,,hycH,protein_coding,"ECK2713,hevH",b2718,,,,,,,,,,
NC_000913.3,RefSeq,gene,2843443,2844210,,-,,768,gene-b2719,"ECOCYC:EG10480,GeneID:947191",,hycG,Gene,,,,,hycG,protein_coding,"ECK2714,hevG",b2719,,,,,,,,,,
NC_000913.3,RefSeq,gene,2844210,2844752,,-,,543,gene-b2720,"ECOCYC:EG10479,GeneID:947048",,hycF,Gene,,,,,hycF,protein_coding,"ECK2715,hevF",b2720,,,,,,,,,,
NC_000913.3,RefSeq,gene,2844762,2846471,,-,,1710,gene-b2721,"ECOCYC:EG10478,GeneID:947396",,hycE,Gene,,,,,hycE,protein_coding,"ECK2716,hevE",b2721,,,,,,,,,,
NC_000913.3,RefSeq,gene,2846489,2847412,,-,,924,gene-b2722,"ECOCYC:EG10477,GeneID:948994",,hycD,Gene,,,,,hycD,protein_coding,"ECK2717,hevD",b2722,,,,,,,,,,
NC_000913.3,RefSeq,gene,2847415,2849241,,-,,1827,gene-b2723,"ECOCYC:EG10476,GeneID:945327",,hycC,Gene,,,,,hycC,protein_coding,"ECK2718,hevC",b2723,,,,,,,,,,
NC_000913.3,RefSeq,gene,2849238,2849849,,-,,612,gene-b2724,"ECOCYC:EG10475,GeneID:948002",,hycB,Gene,,,,,hycB,protein_coding,"ECK2719,hevB",b2724,,,,,,,,,,
NC_000913.3,RefSeq,gene,2849974,2850435,,-,,462,gene-b2725,"ECOCYC:EG10474,GeneID:947193",,hycA,Gene,,,,,hycA,protein_coding,"ECK2720,hevA",b2725,,,,,,,,,,
NC_000913.3,RefSeq,gene,2850647,2850997,,+,,351,gene-b2726,"ECOCYC:EG10483,GeneID:947195",,hypA,Gene,,,,,hypA,protein_coding,ECK2721,b2726,,,,,,,,,,
NC_000913.3,RefSeq,gene,2851001,2851873,,+,,873,gene-b2727,"ECOCYC:EG10484,GeneID:947194",,hypB,Gene,,,,,hypB,protein_coding,"ECK2722,hydB",b2727,,,,,,,,,,
NC_000913.3,RefSeq,gene,2851864,2852136,,+,,273,gene-b2728,"ECOCYC:EG10485,GeneID:947192",,hypC,Gene,,,,,hypC,protein_coding,ECK2723,b2728,,,,,,,,,,
NC_000913.3,RefSeq,gene,2852136,2853257,,+,,1122,gene-b2729,"ECOCYC:EG10486,GeneID:947189",,hypD,Gene,,,,,hypD,protein_coding,"ECK2724,hydF",b2729,,,,,,,,,,
NC_000913.3,RefSeq,gene,2853254,2854264,,+,,1011,gene-b2730,"ECOCYC:EG10487,GeneID:947182",,hypE,Gene,,,,,hypE,protein_coding,"ECK2725,hydB",b2730,,,,,,,,,,
NC_000913.3,RefSeq,gene,2854338,2856416,,+,,2079,gene-b2731,"ECOCYC:EG10301,GeneID:947181",,fhlA,Gene,,,,,fhlA,protein_coding,"ECK2726,fhl",b2731,,,,,,,,,,
NC_000913.3,RefSeq,gene,2856453,2856806,,-,,354,gene-b2732,"ECOCYC:EG11287,GeneID:947187",,ygbA,Gene,,,,,ygbA,protein_coding,ECK2727,b2732,,,,,,,,,,
NC_000913.3,RefSeq,gene,2857093,2859654,,+,,2562,gene-b2733,"ECOCYC:EG10625,GeneID:947206",,mutS,Gene,,,,,mutS,protein_coding,"ant,ECK2728,fdv,plm",b2733,,,,,,,,,,
NC_000913.3,RefSeq,gene,2859760,2860416,,+,,657,gene-b2734,"ECOCYC:G7415,GeneID:947196",,pphB,Gene,,,,,pphB,protein_coding,"ECK2729,prpB,ygbH",b2734,,,,,,,,,,
NC_000913.3,RefSeq,gene,2860467,2861234,,-,,768,gene-b2735,"ECOCYC:G7416,GeneID:947204",,ygbI,Gene,,,,,ygbI,protein_coding,ECK2730,b2735,,,,,,,,,,
NC_000913.3,RefSeq,gene,2861430,2862338,,+,,909,gene-b2736,"ECOCYC:G7417,GeneID:947200",,ygbJ,Gene,,,,,ygbJ,protein_coding,ECK2731,b2736,,,,,,,,,,
NC_000913.3,RefSeq,gene,2862335,2863501,,+,,1167,gene-b2737,"ECOCYC:G7418,GeneID:947199",,ygbK,Gene,,,,,ygbK,protein_coding,ECK2732,b2737,,,,,,,,,,
NC_000913.3,RefSeq,gene,2863593,2864231,,+,,639,gene-b2738,"ECOCYC:G7419,GeneID:947197",,ygbL,Gene,,,,,ygbL,protein_coding,ECK2733,b2738,,,,,,,,,,
NC_000913.3,RefSeq,gene,2864236,2865012,,+,,777,gene-b2739,"ECOCYC:G7420,GeneID:947207",,ygbM,Gene,,,,,ygbM,protein_coding,ECK2734,b2739,,,,,,,,,,
NC_000913.3,RefSeq,gene,2865101,2866465,,+,,1365,gene-b2740,"ECOCYC:G7421,GeneID:947208",,ygbN,Gene,,,,,ygbN,protein_coding,ECK2735,b2740,,,,,,,,,,
NC_000913.3,RefSeq,gene,2866559,2867551,,-,,993,gene-b2741,"ECOCYC:EG10510,GeneID:947210",,rpoS,Gene,,,,,rpoS,protein_coding,"abrD,appR,csi2,dpeB,ECK2736,katF,nur,otsX,sigS",b2741,,,,,,,,,,
NC_000913.3,RefSeq,gene,2867614,2868753,,-,,1140,gene-b2742,"ECOCYC:EG12111,GeneID:947011",,nlpD,Gene,,,,,nlpD,protein_coding,ECK2737,b2742,,,,,,,,,,
NC_000913.3,RefSeq,gene,2868893,2869519,,-,,627,gene-b2743,"ECOCYC:EG10689,GeneID:944923",,pcm,Gene,,,,,pcm,protein_coding,ECK2738,b2743,,,,,,,,,,
NC_000913.3,RefSeq,gene,2869513,2870274,,-,,762,gene-b2744,"ECOCYC:EG11817,GeneID:947211",,umpG,Gene,,,,,umpG,protein_coding,"ECK2739,surE,ygbC",b2744,,,,,,,,,,
NC_000913.3,RefSeq,gene,2870255,2871304,,-,,1050,gene-b2745,"ECOCYC:G7422,GeneID:947214",,truD,Gene,,,,,truD,protein_coding,"ECK2740,ygbO",b2745,,,,,,,,,,
NC_000913.3,RefSeq,gene,2871301,2871780,,-,,480,gene-b2746,"ECOCYC:EG11816,GeneID:945057",,ispF,Gene,,,,,ispF,protein_coding,"ECK2741,ygbB",b2746,,,,,,,,,,
NC_000913.3,RefSeq,gene,2871780,2872490,,-,,711,gene-b2747,"ECOCYC:G7423,GeneID:948269",,ispD,Gene,,,,,ispD,protein_coding,"ECK2742,ygbP",b2747,,,,,,,,,,
NC_000913.3,RefSeq,gene,2872509,2872820,,-,,312,gene-b2748,"ECOCYC:G7424,GeneID:946033",,ftsB,Gene,,,,,ftsB,protein_coding,"ECK2743,ygbQ",b2748,,,,,,,,,,
NC_000913.3,RefSeq,gene,2873014,2873337,,-,,324,gene-b2749,"ECOCYC:EG12707,GeneID:947268",,ygbE,Gene,,,,,ygbE,protein_coding,ECK2744,b2749,,,,,,,,,,
NC_000913.3,RefSeq,gene,2873387,2873992,,-,,606,gene-b2750,"ECOCYC:EG10185,GeneID:947221",,cysC,Gene,,,,,cysC,protein_coding,ECK2745,b2750,,,,,,,,,,
NC_000913.3,RefSeq,gene,2873992,2875419,,-,,1428,gene-b2751,"ECOCYC:EG10194,GeneID:947219",,cysN,Gene,,,,,cysN,protein_coding,ECK2746,b2751,,,,,,,,,,
NC_000913.3,RefSeq,gene,2875421,2876329,,-,,909,gene-b2752,"ECOCYC:EG10186,GeneID:947217",,cysD,Gene,,,,,cysD,protein_coding,ECK2747,b2752,,,,,,,,,,
NC_000913.3,RefSeq,gene,2876581,2877618,,+,,1038,gene-b2753,"ECOCYC:EG10488,GeneID:947215",,iap,Gene,,,,,iap,protein_coding,ECK2748,b2753,,,,,,,,,,
NC_000913.3,RefSeq,gene,2878569,2878853,,-,,285,gene-b2754,"ECOCYC:EG12845,GeneID:947213",,cas2,Gene,,,,,cas2,protein_coding,"ECK2749,ygbF",b2754,,,,,,,,,,
NC_000913.3,RefSeq,gene,2878855,2879772,,-,,918,gene-b2755,"ECOCYC:G7425,GeneID:947228",,cas1,Gene,,,,,cas1,protein_coding,"ECK2750,ygbT",b2755,,,,,,,,,,
NC_000913.3,RefSeq,gene,2879788,2880387,,-,,600,gene-b2756,"ECOCYC:G7426,GeneID:947226",,casE,Gene,,,,,casE,protein_coding,"cas6e,cse3,ECK2751,ygcH",b2756,,,,,,,,,,
NC_000913.3,RefSeq,gene,2880374,2881048,,-,,675,gene-b2757,"ECOCYC:G7427,GeneID:947225",,casD,Gene,,,,,casD,protein_coding,"cas5e,ECK2752,ygcI",b2757,,,,,,,,,,
NC_000913.3,RefSeq,gene,2881051,2882142,,-,,1092,gene-b2758,"ECOCYC:G7428,GeneID:947224",,casC,Gene,,,,,casC,protein_coding,"cas7,cse4,ECK2753,ygcJ",b2758,,,,,,,,,,
NC_000913.3,RefSeq,gene,2882155,2882637,,-,,483,gene-b2759,"ECOCYC:G7429,GeneID:947223",,casB,Gene,,,,,casB,protein_coding,"cse2,ECK2754,ygcK",b2759,,,,,,,,,,
NC_000913.3,RefSeq,gene,2882630,2884138,,-,,1509,gene-b2760,"ECOCYC:G7430,GeneID:947222",,casA,Gene,,,,,casA,protein_coding,"cse1,ECK2755,ygcL",b2760,,,,,,,,,,
NC_000913.3,RefSeq,gene,2884553,2887219,,-,,2667,gene-b2761,"ECOCYC:EG12634,GeneID:947229",,cas3,Gene,,,,,cas3,protein_coding,"ECK2756,ygcB",b2761,,,,,,,,,,
NC_000913.3,RefSeq,gene,2887353,2887411,,+,,59,gene-b4701,"ECOCYC:G0-10695,GeneID:8764970",,sokX,Gene,,,,,sokX,ncRNA,ECK4514,b4701,,,,,,,,,,
NC_000913.3,RefSeq,gene,2887578,2888312,,-,,735,gene-b2762,"ECOCYC:EG10189,GeneID:947230",,cysH,Gene,,,,,cysH,protein_coding,ECK2757,b2762,,,,,,,,,,
NC_000913.3,RefSeq,gene,2888387,2890099,,-,,1713,gene-b2763,"ECOCYC:EG10190,GeneID:947231",,cysI,Gene,,,,,cysI,protein_coding,ECK2758,b2763,,,,,,,,,,
NC_000913.3,RefSeq,gene,2890099,2891898,,-,,1800,gene-b2764,"ECOCYC:EG10191,GeneID:947239",,cysJ,Gene,,,,,cysJ,protein_coding,ECK2759,b2764,,,,,,,,,,
NC_000913.3,RefSeq,gene,2892214,2892579,,+,,366,gene-b2765,"ECOCYC:G7431,GeneID:945123",,queD,Gene,,,,,queD,protein_coding,"ECK2760,sscR,ygcM",b2765,,,,,,,,,,
NC_000913.3,RefSeq,gene,2892657,2893928,,+,,1272,gene-b2766,"ECOCYC:G7432,GeneID:946114",,ygcN,Gene,,,,,ygcN,protein_coding,ECK2761,b2766,,,,,,,,,,
NC_000913.3,RefSeq,gene,2893919,2894179,,+,,261,gene-b2767,"ECOCYC:G7433,GeneID:945120",,ygcO,Gene,,,,,ygcO,protein_coding,ECK2762,b2767,,,,,,,,,,
NC_000913.3,RefSeq,gene,2894196,2894771,,+,,576,gene-b2768,"ECOCYC:G7434,GeneID:947536",,ygcP,Gene,,,,,ygcP,protein_coding,ECK2763,b2768,,,,,,,,,,
NC_000913.3,RefSeq,gene,2894919,2895779,,-,,861,gene-b2769,"ECOCYC:G7435,GeneID:946413",,ygcQ,Gene,,,,,ygcQ,protein_coding,ECK2764,b2769,,,,,,,,,,
NC_000913.3,RefSeq,gene,2895776,2896555,,-,,780,gene-b2770,"ECOCYC:G7436,GeneID:947240",,ygcR,Gene,,,,,ygcR,protein_coding,ECK2765,b2770,,,,,,,,,,
NC_000913.3,RefSeq,gene,2896533,2897870,,-,,1338,gene-b2771,"ECOCYC:G7437,GeneID:947238",,ygcS,Gene,,,,,ygcS,protein_coding,ECK2766,b2771,,,,,,,,,,
NC_000913.3,RefSeq,gene,2897964,2899418,,-,,1455,gene-b4463,"ECOCYC:G7439,GeneID:2847709",,ygcU,Gene,,,,,ygcU,protein_coding,"b2772,b2773,ECK2767,ygcT,ygcV",b4463,,,,,,,,,,
NC_000913.3,RefSeq,gene,2899488,2900273,,-,,786,gene-b2774,"ECOCYC:G7440,GeneID:947232",,ygcW,Gene,,,,,ygcW,protein_coding,ECK2768,b2774,,,,,,,,,,
NC_000913.3,RefSeq,gene,2900592,2901869,,+,,1278,gene-b2775,"ECOCYC:EG13174,GeneID:947248",,yqcE,Gene,,,,,yqcE,protein_coding,"ECK2769,yqcF",b2775,,,,,,,,,,
NC_000913.3,RefSeq,gene,2901896,2903374,,+,,1479,gene-b2776,"ECOCYC:G7442,GeneID:946193",,ygcE,Gene,,,,,ygcE,protein_coding,ECK2770,b2776,,,,,,,,,,
NC_000913.3,RefSeq,gene,2904747,2905418,,-,,672,gene-b2777,"ECOCYC:G7443,GeneID:947527",,queE,Gene,,,,,queE,protein_coding,"ECK2771,ygcF",b2777,,,,,,,,,,
NC_000913.3,RefSeq,gene,2905557,2905697,,+,,141,gene-b4682,"ECOCYC:G0-10655,GeneID:7751618",,yqcG,Gene,,,,,yqcG,protein_coding,ECK4497,b4682,,,,,,,,,,
NC_000913.3,RefSeq,gene,2905711,2906583,,+,,873,gene-b2778,"ECOCYC:G7444,GeneID:945247",,ygcG,Gene,,,,,ygcG,protein_coding,ECK2772,b2778,,,,,,,,,,
NC_000913.3,RefSeq,gene,2906643,2907941,,-,,1299,gene-b2779,"ECOCYC:EG10258,GeneID:945032",,eno,Gene,,,,,eno,protein_coding,ECK2773,b2779,,,,,,,,,,
NC_000913.3,RefSeq,gene,2908029,2909666,,-,,1638,gene-b2780,"ECOCYC:EG10810,GeneID:946116",,pyrG,Gene,,,,,pyrG,protein_coding,ECK2774,b2780,,,,,,,,,,
NC_000913.3,RefSeq,gene,2909894,2910685,,-,,792,gene-b2781,"ECOCYC:EG10572,GeneID:947254",,mazG,Gene,,,,,mazG,protein_coding,ECK2775,b2781,,,,,,,,,,
NC_000913.3,RefSeq,gene,2910756,2911091,,-,,336,gene-b2782,"ECOCYC:EG11249,GeneID:947252",,mazF,Gene,,,,,mazF,protein_coding,"chpA,chpAK,ECK2776",b2782,,,,,,,,,,
NC_000913.3,RefSeq,gene,2911051,2911450,,+,,400,gene-b4844,"ECOCYC:G0-17125,GeneID:302211667",,ameF,Gene,,,,,ameF,ncRNA,ECK4701,b4844,,,,,,,,,,
NC_000913.3,RefSeq,gene,2911091,2911339,,-,,249,gene-b2783,"ECOCYC:EG10571,GeneID:947245",,mazE,Gene,,,,,mazE,protein_coding,"chpAI,chpR,ECK2777",b2783,,,,,,,,,,
NC_000913.3,RefSeq,gene,2911417,2913651,,-,,2235,gene-b2784,"ECOCYC:EG10835,GeneID:947244",,relA,Gene,,,,,relA,protein_coding,"ECK2778,RC",b2784,,,,,,,,,,
NC_000913.3,RefSeq,gene,2913699,2915000,,-,,1302,gene-b2785,"ECOCYC:EG11247,GeneID:947243",,rlmD,Gene,,,,,rlmD,protein_coding,"ECK2779,rumA,ygcA",b2785,,,,,,,,,,
NC_000913.3,RefSeq,gene,2915057,2917813,,+,,2757,gene-b2786,"ECOCYC:EG11367,GeneID:947255",,barA,Gene,,,,,barA,protein_coding,"airS,ECK2780",b2786,,,,,,,,,,
NC_000913.3,RefSeq,gene,2918045,2919385,,-,,1341,gene-b2787,"ECOCYC:G7445,GeneID:947258",,gudD,Gene,,,,,gudD,protein_coding,"ECK2781,ygcX",b2787,,,,,,,,,,
NC_000913.3,RefSeq,gene,2919406,2920746,,-,,1341,gene-b2788,"ECOCYC:G7446,GeneID:947261",,gudX,Gene,,,,,gudX,protein_coding,"ECK2782,ygcY",b2788,,,,,,,,,,
NC_000913.3,RefSeq,gene,2920748,2922100,,-,,1353,gene-b2789,"ECOCYC:G7447,GeneID:947265",,gudP,Gene,,,,,gudP,protein_coding,"ECK2783,gudT,ygcZ",b2789,,,,,,,,,,
NC_000913.3,RefSeq,gene,2922535,2922984,,-,,450,gene-b2790,"ECOCYC:G7448,GeneID:947151",,yqcA,Gene,,,,,yqcA,protein_coding,ECK2784,b2790,,,,,,,,,,
NC_000913.3,RefSeq,gene,2923002,2923784,,-,,783,gene-b2791,"ECOCYC:G7449,GeneID:947242",,truC,Gene,,,,,truC,protein_coding,"ECK2785,yqcB",b2791,,,,,,,,,,
NC_000913.3,RefSeq,gene,2923784,2924113,,-,,330,gene-b2792,"ECOCYC:G7450,GeneID:946027",,yqcC,Gene,,,,,yqcC,protein_coding,ECK2786,b2792,,,,,,,,,,
NC_000913.3,RefSeq,gene,2924156,2924524,,-,,369,gene-b4408,"ECOCYC:G0-8785,GeneID:2847719",,csrB,Gene,,,,,csrB,ncRNA,ECK2787,b4408,,,,,,,,,,
NC_000913.3,RefSeq,gene,2924735,2925280,,-,,546,gene-b2793,"ECOCYC:G7451,GeneID:947271",,syd,Gene,,,,,syd,protein_coding,"ECK2788,ydr",b2793,,,,,,,,,,
NC_000913.3,RefSeq,gene,2925348,2926196,,+,,849,gene-b2794,"ECOCYC:G7452,GeneID:947270",,queF,Gene,,,,,queF,protein_coding,"ECK2789,yqcD",b2794,,,,,,,,,,
NC_000913.3,RefSeq,gene,2926308,2927672,,+,,1365,gene-b2795,"ECOCYC:EG12373,GeneID:947266",,ppnN,Gene,,,,,ppnN,protein_coding,"ECK2790,ygdH",b2795,,,,,,,,,,
NC_000913.3,RefSeq,gene,2928229,2929518,,+,,1290,gene-b2796,"ECOCYC:EG12142,GeneID:947264",,sdaC,Gene,,,,,sdaC,protein_coding,"dcrA,ECK2791",b2796,,,,,,,,,,
NC_000913.3,RefSeq,gene,2929576,2930943,,+,,1368,gene-b2797,"ECOCYC:EG11623,GeneID:947262",,sdaB,Gene,,,,,sdaB,protein_coding,ECK2792,b2797,,,,,,,,,,
NC_000913.3,RefSeq,gene,2931055,2931810,,+,,756,gene-b2798,"ECOCYC:EG12372,GeneID:947256",,ygdG,Gene,,,,,ygdG,protein_coding,"ECK2793,exo,xni",b2798,,,,,,,,,,
NC_000913.3,RefSeq,gene,2931865,2933013,,-,,1149,gene-b2799,"ECOCYC:EG10351,GeneID:947273",,fucO,Gene,,,,,fucO,protein_coding,ECK2794,b2799,,,,,,,,,,
NC_000913.3,RefSeq,gene,2933041,2933688,,-,,648,gene-b2800,"ECOCYC:EG10348,GeneID:947282",,fucA,Gene,,,,,fucA,protein_coding,"ECK2795,fucC,prd",b2800,,,,,,,,,,
NC_000913.3,RefSeq,gene,2934235,2935551,,+,,1317,gene-b2801,"ECOCYC:EG10352,GeneID:947487",,fucP,Gene,,,,,fucP,protein_coding,ECK2796,b2801,,,,,,,,,,
NC_000913.3,RefSeq,gene,2935584,2937359,,+,,1776,gene-b2802,"ECOCYC:EG10349,GeneID:946195",,fucI,Gene,,,,,fucI,protein_coding,ECK2797,b2802,,,,,,,,,,
NC_000913.3,RefSeq,gene,2937468,2938886,,+,,1419,gene-b2803,"ECOCYC:EG10350,GeneID:946022",,fucK,Gene,,,,,fucK,protein_coding,ECK2798,b2803,,,,,,,,,,
NC_000913.3,RefSeq,gene,2938888,2939310,,+,,423,gene-b2804,"ECOCYC:EG10355,GeneID:945842",,fucU,Gene,,,,,fucU,protein_coding,ECK2799,b2804,,,,,,,,,,
NC_000913.3,RefSeq,gene,2939368,2940099,,+,,732,gene-b2805,"ECOCYC:EG10353,GeneID:946905",,fucR,Gene,,,,,fucR,protein_coding,ECK2800,b2805,,,,,,,,,,
NC_000913.3,RefSeq,gene,2940143,2941243,,-,,1101,gene-b2806,"ECOCYC:EG11794,GeneID:947283",,rlmM,Gene,,,,,rlmM,protein_coding,"ECK2801,ygdE",b2806,,,,,,,,,,
NC_000913.3,RefSeq,gene,2941236,2941631,,-,,396,gene-b2807,"ECOCYC:EG11793,GeneID:947279",,ygdD,Gene,,,,,ygdD,protein_coding,ECK2802,b2807,,,,,,,,,,
NC_000913.3,RefSeq,gene,2941650,2942567,,-,,918,gene-b2808,"ECOCYC:EG11795,GeneID:947278",,gcvA,Gene,,,,,gcvA,protein_coding,ECK2803,b2808,,,,,,,,,,
NC_000913.3,RefSeq,gene,2942696,2942901,,+,,206,gene-b4443,"ECOCYC:G0-8867,GeneID:2847720",,gcvB,Gene,,,,,gcvB,ncRNA,"ECK2804,IS145,psrA11",b4443,,,,,,,,,,
NC_000913.3,RefSeq,gene,2942918,2943145,,-,,228,gene-b2809,"ECOCYC:G7453,GeneID:947276",,ygdI,Gene,,,,,ygdI,protein_coding,ECK2805,b2809,,,,,,,,,,
NC_000913.3,RefSeq,gene,2943337,2944542,,+,,1206,gene-b2810,"ECOCYC:G7454,GeneID:947275",,csdA,Gene,,,,,csdA,protein_coding,"ECK2806,ygdJ",b2810,,,,,,,,,,
NC_000913.3,RefSeq,gene,2944542,2944985,,+,,444,gene-b2811,"ECOCYC:G7455,GeneID:947274",,csdE,Gene,,,,,csdE,protein_coding,"ECK2807,ygdK",b2811,,,,,,,,,,
NC_000913.3,RefSeq,gene,2945036,2945842,,-,,807,gene-b2812,"ECOCYC:G7456,GeneID:947291",,tcdA,Gene,,,,,tcdA,protein_coding,"csdL,ECK2808,ygdL",b2812,,,,,,,,,,
NC_000913.3,RefSeq,gene,2946081,2947178,,-,,1098,gene-b2813,"ECOCYC:G7457,GeneID:944964",,mltA,Gene,,,,,mltA,protein_coding,"ECK2809,mlt,ygdM",b2813,,,,,,,,,,
NC_000913.3,RefSeq,gene,2947387,2947463,,+,,77,gene-b2814,"ECOCYC:EG30062,GeneID:947198",,metZ,Gene,,,,,metZ,tRNA,"ECK2810,metZalpha",b2814,,,,,,,,,,
NC_000913.3,RefSeq,gene,2947497,2947573,,+,,77,gene-b2815,"ECOCYC:EG31117,GeneID:947292",,metW,Gene,,,,,metW,tRNA,ECK2811,b2815,,,,,,,,,,
NC_000913.3,RefSeq,gene,2947607,2947683,,+,,77,gene-b2816,"ECOCYC:EG30060,GeneID:946037",,metV,Gene,,,,,metV,tRNA,"ECK2812,metX,metZ-beta,metZb,metZbeta",b2816,,,,,,,,,,
NC_000913.3,RefSeq,gene,2947757,2949010,,-,,1254,gene-b2817,"ECOCYC:G7458,GeneID:947293",,amiC,Gene,,,,,amiC,protein_coding,"ECK2813,ygdN",b2817,,,,,,,,,,
NC_000913.3,RefSeq,gene,2949242,2950573,,+,,1332,gene-b2818,"ECOCYC:EG10063,GeneID:947289",,argA,Gene,,,,,argA,protein_coding,"Arg1,Arg2,ECK2814",b2818,,,,,,,,,,
NC_000913.3,RefSeq,gene,2950635,2952461,,-,,1827,gene-b2819,"ECOCYC:EG10826,GeneID:947287",,recD,Gene,,,,,recD,protein_coding,"ECK2815,hopE",b2819,,,,,,,,,,
NC_000913.3,RefSeq,gene,2952461,2956003,,-,,3543,gene-b2820,"ECOCYC:EG10824,GeneID:947286",,recB,Gene,,,,,recB,protein_coding,"ECK2816,ior,rorA",b2820,,,,,,,,,,
NC_000913.3,RefSeq,gene,2955996,2958884,,-,,2889,gene-b2821,"ECOCYC:EG10786,GeneID:947284",,ptrA,Gene,,,,,ptrA,protein_coding,"ECK2817,ptr",b2821,,,,,,,,,,
NC_000913.3,RefSeq,gene,2959060,2962428,,-,,3369,gene-b2822,"ECOCYC:EG10825,GeneID:947294",,recC,Gene,,,,,recC,protein_coding,ECK2818,b2822,,,,,,,,,,
NC_000913.3,RefSeq,gene,2962441,2962764,,-,,324,gene-b2823,"ECOCYC:EG11154,GeneID:945797",,ppdC,Gene,,,,,ppdC,protein_coding,"ECK2819,ygdA",b2823,,,,,,,,,,
NC_000913.3,RefSeq,gene,2962749,2963156,,-,,408,gene-b2824,"ECOCYC:EG11155,GeneID:944763",,ygdB,Gene,,,,,ygdB,protein_coding,ECK2820,b2824,,,,,,,,,,
NC_000913.3,RefSeq,gene,2963153,2963716,,-,,564,gene-b2825,"ECOCYC:EG11156,GeneID:948985",,ppdB,Gene,,,,,ppdB,protein_coding,"ECK2821,ygdC",b2825,,,,,,,,,,
NC_000913.3,RefSeq,gene,2963707,2964177,,-,,471,gene-b2826,"ECOCYC:EG12081,GeneID:945393",,ppdA,Gene,,,,,ppdA,protein_coding,ECK2822,b2826,,,,,,,,,,
NC_000913.3,RefSeq,gene,2964361,2965155,,-,,795,gene-b2827,"ECOCYC:EG11002,GeneID:949035",,thyA,Gene,,,,,thyA,protein_coding,ECK2823,b2827,,,,,,,,,,
NC_000913.3,RefSeq,gene,2965162,2966037,,-,,876,gene-b2828,"ECOCYC:EG12128,GeneID:947303",,lgt,Gene,,,,,lgt,protein_coding,"ECK2824,umpA",b2828,,,,,,,,,,
NC_000913.3,RefSeq,gene,2966188,2968434,,-,,2247,gene-b2829,"ECOCYC:EG12188,GeneID:947301",,ptsP,Gene,,,,,ptsP,protein_coding,"ECK2825,ygdF,ygdO",b2829,,,,,,,,,,
NC_000913.3,RefSeq,gene,2968447,2968977,,-,,531,gene-b2830,"ECOCYC:G7459,GeneID:947300",,rppH,Gene,,,,,rppH,protein_coding,"ECK2826,nudH,ygdP",b2830,,,,,,,,,,
NC_000913.3,RefSeq,gene,2969330,2969476,,-,,147,gene-b4610,"ECOCYC:G0-10601,GeneID:5061519",,ygdT,Gene,,,,,ygdT,protein_coding,ECK4419,b4610,,,,,,,,,,
NC_000913.3,RefSeq,gene,2969662,2970351,,+,,690,gene-b2831,"ECOCYC:EG10624,GeneID:947299",,mutH,Gene,,,,,mutH,protein_coding,"ECK2827,mutR,prv",b2831,,,,,,,,,,
NC_000913.3,RefSeq,gene,2970420,2971133,,+,,714,gene-b2832,"ECOCYC:G7460,GeneID:947295",,ygdQ,Gene,,,,,ygdQ,protein_coding,ECK2828,b2832,,,,,,,,,,
NC_000913.3,RefSeq,gene,2971271,2971489,,+,,219,gene-b2833,"ECOCYC:G7461,GeneID:947304",,ygdR,Gene,,,,,ygdR,protein_coding,ECK2829,b2833,,,,,,,,,,
NC_000913.3,RefSeq,gene,2971597,2972637,,+,,1041,gene-b2834,"ECOCYC:G7462,GeneID:947306",,tas,Gene,,,,,tas,protein_coding,"ECK2830,ygdS",b2834,,,,,,,,,,
NC_000913.3,RefSeq,gene,2972669,2973862,,-,,1194,gene-b2835,"ECOCYC:EG12455,GeneID:947317",,lplT,Gene,,,,,lplT,protein_coding,"ECK2831,ygeD",b2835,,,,,,,,,,
NC_000913.3,RefSeq,gene,2973855,2976014,,-,,2160,gene-b2836,"ECOCYC:EG11679,GeneID:947315",,aas,Gene,,,,,aas,protein_coding,ECK2832,b2836,,,,,,,,,,
NC_000913.3,RefSeq,gene,2976102,2976189,,-,,88,gene-b4444,"ECOCYC:G0-8868,GeneID:2847746",,omrA,Gene,,,,,omrA,ncRNA,"ECK2833,PAIR2a,psrA12,rygA,sraE,t59",b4444,,,,,,,,,,
NC_000913.3,RefSeq,gene,2976304,2976385,,-,,82,gene-b4445,"ECOCYC:G0-8882,GeneID:2847747",,omrB,Gene,,,,,omrB,ncRNA,"ECK2834,PAIR2b,rygB,t59",b4445,,,,,,,,,,
NC_000913.3,RefSeq,gene,2976599,2977630,,+,,1032,gene-b2837,"ECOCYC:EG10364,GeneID:947314",,galR,Gene,,,,,galR,protein_coding,"ECK2835,Rgal",b2837,,,,,,,,,,
NC_000913.3,RefSeq,gene,2977637,2978899,,-,,1263,gene-b2838,"ECOCYC:EG10549,GeneID:947313",,lysA,Gene,,,,,lysA,protein_coding,ECK2836,b2838,,,,,,,,,,
NC_000913.3,RefSeq,gene,2979021,2979956,,+,,936,gene-b2839,"ECOCYC:EG10551,GeneID:947311",,lysR,Gene,,,,,lysR,protein_coding,ECK2837,b2839,,,,,,,,,,
NC_000913.3,RefSeq,gene,2979943,2980635,,-,,693,gene-b2840,"ECOCYC:EG11157,GeneID:947348",,ygeA,Gene,,,,,ygeA,protein_coding,ECK2838,b2840,,,,,,,,,,
NC_000913.3,RefSeq,gene,2980764,2982182,,-,,1419,gene-b2841,"ECOCYC:EG10056,GeneID:947341",,araE,Gene,,,,,araE,protein_coding,ECK2839,b2841,,,,,,,,,,
NC_000913.3,RefSeq,gene,2982497,2983258,,-,,762,gene-b2842,"ECOCYC:EG12361,GeneID:947323",,kduD,Gene,,,,,kduD,protein_coding,"ECK2840,ygeC,yqeD",b2842,,,,,,,,,,
NC_000913.3,RefSeq,gene,2983288,2984124,,-,,837,gene-b2843,"ECOCYC:G7463,GeneID:947319",,kduI,Gene,,,,,kduI,protein_coding,"ECK2841,yqeE",b2843,,,,,,,,,,
NC_000913.3,RefSeq,gene,2984411,2985592,,-,,1182,gene-b2844,"ECOCYC:G7464,GeneID:947324",,yqeF,Gene,,,,,yqeF,protein_coding,ECK2842,b2844,,,,,,,,,,
NC_000913.3,RefSeq,gene,2985847,2987076,,+,,1230,gene-b2845,"ECOCYC:G7465,GeneID:945028",,yqeG,Gene,,,,,yqeG,protein_coding,ECK2843,b2845,,,,,,,,,,
NC_000913.3,RefSeq,gene,2987536,2988168,,+,,633,gene-b2846,"ECOCYC:G7466,GeneID:945263",,yqeH,Gene,,,,,yqeH,protein_coding,ECK2844,b2846,,,,,,,,,,
NC_000913.3,RefSeq,gene,2988502,2989311,,+,,810,gene-b2847,"ECOCYC:G7467,GeneID:947327",,yqeI,Gene,,,,,yqeI,protein_coding,ECK2845,b2847,,,,,,,,,,
NC_000913.3,RefSeq,gene,2989304,2989786,,+,,483,gene-b2848,"ECOCYC:G7468,GeneID:947328",,yqeJ,Gene,,,,,yqeJ,protein_coding,ECK2846,b2848,,,,,,,,,,
NC_000913.3,RefSeq,gene,2989819,2989899,,-,,81,gene-b4683,"ECOCYC:G0-10650,GeneID:7751637",,yqeL,Gene,,,,,yqeL,protein_coding,ECK4498,b4683,,,,,,,,,,
NC_000913.3,RefSeq,gene,2989935,2990360,,-,,426,gene-b2849,"ECOCYC:G7469,GeneID:947329",,yqeK,Gene,,,,,yqeK,protein_coding,ECK2847,b2849,,,,,,,,,,
NC_000913.3,RefSeq,gene,2991268,2991759,,+,,492,gene-b2851,"ECOCYC:G7471,GeneID:946986",,ygeG,Gene,,,,,ygeG,protein_coding,ECK2849,b2851,,,,,,,,,,
NC_000913.3,RefSeq,gene,2992094,2993470,,+,,1377,gene-b2852,"ECOCYC:G7472,GeneID:946265",,ygeH,Gene,,,,,ygeH,protein_coding,ECK2850,b2852,,,,,,,,,,
NC_000913.3,RefSeq,gene,2993638,2993856,,+,,219,gene-b2853,"ECOCYC:G7473,GeneID:947336",,ygeI,Gene,,,,,ygeI,protein_coding,ECK2851,b2853,,,,,,,,,,
NC_000913.3,RefSeq,gene,2996372,2997277,,-,,906,gene-b2860,"ECOCYC:G7480,GeneID:947346",,insD4,Gene,,,,,insD4,protein_coding,"ECK0358,yi22-4",b2860,,,,,,,,,,
NC_000913.3,RefSeq,gene,2997235,2997600,,-,,366,gene-b2861,"ECOCYC:G7481,GeneID:947347",,insC4,Gene,,,,,insC4,protein_coding,"ECK0357,yi21-4",b2861,,,,,,,,,,
NC_000913.3,RefSeq,gene,2998034,2998828,,-,,795,gene-b2863,"ECOCYC:G7483,GeneID:947344",,ygeQ,Gene,,,,,ygeQ,protein_coding,ECK2859,b2863,,,,,,,,,,
NC_000913.3,RefSeq,gene,2998984,2999057,,-,,74,gene-b2864,"ECOCYC:EG30037,GeneID:947343",,glyU,Gene,,,,,glyU,tRNA,"ECK2860,suA36,sufD,sumA,sumB,supT",b2864,,,,,,,,,,
NC_000913.3,RefSeq,gene,2999136,2999891,,-,,756,gene-b2865,"ECOCYC:G7484,GeneID:947352",,actS,Gene,,,,,actS,protein_coding,"ECK2861,ygeR",b2865,,,,,,,,,,
NC_000913.3,RefSeq,gene,3000345,3002603,,+,,2259,gene-b2866,"ECOCYC:G7485,GeneID:947116",,xdhA,Gene,,,,,xdhA,protein_coding,"ECK2862,ygeS",b2866,,,,,,,,,,
NC_000913.3,RefSeq,gene,3002614,3003492,,+,,879,gene-b2867,"ECOCYC:G7486,GeneID:947205",,xdhB,Gene,,,,,xdhB,protein_coding,"ECK2863,ygeT",b2867,,,,,,,,,,
NC_000913.3,RefSeq,gene,3003489,3003968,,+,,480,gene-b2868,"ECOCYC:G7487,GeneID:945148",,xdhC,Gene,,,,,xdhC,protein_coding,"ECK2864,ygeU",b2868,,,,,,,,,,
NC_000913.3,RefSeq,gene,3004008,3005786,,-,,1779,gene-b2869,"ECOCYC:G7488,GeneID:947320",,ygeV,Gene,,,,,ygeV,protein_coding,ECK2865,b2869,,,,,,,,,,
NC_000913.3,RefSeq,gene,3006262,3007452,,+,,1191,gene-b2870,"ECOCYC:G7489,GeneID:945826",,ygeW,Gene,,,,,ygeW,protein_coding,ECK2866,b2870,,,,,,,,,,
NC_000913.3,RefSeq,gene,3007510,3008706,,+,,1197,gene-b2871,"ECOCYC:G7490,GeneID:947012",,ygeX,Gene,,,,,ygeX,protein_coding,ECK2867,b2871,,,,,,,,,,
NC_000913.3,RefSeq,gene,3008764,3009975,,+,,1212,gene-b2872,"ECOCYC:G7491,GeneID:947360",,ygeY,Gene,,,,,ygeY,protein_coding,ECK2868,b2872,,,,,,,,,,
NC_000913.3,RefSeq,gene,3010028,3011413,,+,,1386,gene-b2873,"ECOCYC:G7492,GeneID:947359",,hyuA,Gene,,,,,hyuA,protein_coding,"ECK2869,ygeZ",b2873,,,,,,,,,,
NC_000913.3,RefSeq,gene,3011461,3012393,,+,,933,gene-b2874,"ECOCYC:G7493,GeneID:947358",,yqeA,Gene,,,,,yqeA,protein_coding,ECK2870,b2874,,,,,,,,,,
NC_000913.3,RefSeq,gene,3012614,3014239,,-,,1626,gene-b2875,"ECOCYC:G7494,GeneID:947357",,yqeB,Gene,,,,,yqeB,protein_coding,ECK2871,b2875,,,,,,,,,,
NC_000913.3,RefSeq,gene,3014287,3015057,,-,,771,gene-b2876,"ECOCYC:G7495,GeneID:947350",,yqeC,Gene,,,,,yqeC,protein_coding,ECK2872,b2876,,,,,,,,,,
NC_000913.3,RefSeq,gene,3015160,3015738,,+,,579,gene-b2877,"ECOCYC:G7496,GeneID:947356",,mocA,Gene,,,,,mocA,protein_coding,"ECK2873,ygfJ",b2877,,,,,,,,,,
NC_000913.3,RefSeq,gene,3016060,3019158,,+,,3099,gene-b2878,"ECOCYC:G7497,GeneID:949068",,ygfK,Gene,,,,,ygfK,protein_coding,ECK2874,b2878,,,,,,,,,,
NC_000913.3,RefSeq,gene,3019161,3020489,,+,,1329,gene-b2879,"ECOCYC:G7498,GeneID:949072",,ssnA,Gene,,,,,ssnA,protein_coding,"ECK2875,ygfL",b2879,,,,,,,,,,
NC_000913.3,RefSeq,gene,3020540,3021319,,+,,780,gene-b2880,"ECOCYC:G7499,GeneID:949071",,ygfM,Gene,,,,,ygfM,protein_coding,ECK2876,b2880,,,,,,,,,,
NC_000913.3,RefSeq,gene,3021316,3024186,,+,,2871,gene-b2881,"ECOCYC:G7500,GeneID:949079",,xdhD,Gene,,,,,xdhD,protein_coding,"ECK2877,ygfN",b2881,,,,,,,,,,
NC_000913.3,RefSeq,gene,3024351,3025751,,+,,1401,gene-b2882,"ECOCYC:G7501,GeneID:949075",,xanQ,Gene,,,,,xanQ,protein_coding,"ECK2878,ygfO",b2882,,,,,,,,,,
NC_000913.3,RefSeq,gene,3025766,3027085,,+,,1320,gene-b2883,"ECOCYC:G7502,GeneID:947366",,guaD,Gene,,,,,guaD,protein_coding,"ECK2879,ygfP",b2883,,,,,,,,,,
NC_000913.3,RefSeq,gene,3027121,3028488,,+,,1368,gene-b4464,"ECOCYC:G7503,GeneID:2847748",,ghxQ,Gene,,,,,ghxQ,protein_coding,"b2884,b2885,ECK2880,ygfQ,ygfR",b4464,,,,,,,,,,
NC_000913.3,RefSeq,gene,3028524,3029012,,-,,489,gene-b2886,"ECOCYC:G7505,GeneID:949016",,ygfS,Gene,,,,,ygfS,protein_coding,ECK2881,b2886,,,,,,,,,,
NC_000913.3,RefSeq,gene,3029012,3030931,,-,,1920,gene-b2887,"ECOCYC:G7506,GeneID:949018",,ygfT,Gene,,,,,ygfT,protein_coding,ECK2882,b2887,,,,,,,,,,
NC_000913.3,RefSeq,gene,3031367,3032815,,+,,1449,gene-b2888,"ECOCYC:G7507,GeneID:949017",,uacT,Gene,,,,,uacT,protein_coding,"ECK2883,ygfU",b2888,,,,,,,,,,
NC_000913.3,RefSeq,gene,3032817,3032942,,+,,126,gene-b4684,"ECOCYC:G0-10656,GeneID:7751638",,yqfG,Gene,,,,,yqfG,protein_coding,ECK4499,b4684,,,,,,,,,,
NC_000913.3,RefSeq,gene,3032939,3033010,,-,,72,gene-b4753,"ECOCYC:G0-16747,GeneID:38094970",,yqfH,Gene,,,,,yqfH,protein_coding,ECK4610,b4753,,,,,,,,,,
NC_000913.3,RefSeq,gene,3033065,3033613,,+,,549,gene-b2889,"ECOCYC:G7508,GeneID:949020",,idi,Gene,,,,,idi,protein_coding,"ECK2884,ygfV",b2889,,,,,,,,,,
NC_000913.3,RefSeq,gene,3033657,3035174,,-,,1518,gene-b2890,"ECOCYC:EG10552,GeneID:947372",,lysS,Gene,,,,,lysS,protein_coding,"asuD,ECK2885,herC",b2890,,,,,,,,,,
NC_000913.3,RefSeq,gene,3035184,3036282,,-,,1099,gene-b2891,"ECOCYC:EG10762,GeneID:947369",,prfB,Gene,,,,,prfB,protein_coding,"ECK2886,supK",b2891,,,,,,,,,,
NC_000913.3,RefSeq,gene,3036373,3038106,,-,,1734,gene-b2892,"ECOCYC:EG10830,GeneID:947367",,recJ,Gene,,,,,recJ,protein_coding,ECK2887,b2892,,,,,,,,,,
NC_000913.3,RefSeq,gene,3038112,3038822,,-,,711,gene-b2893,"ECOCYC:EG11070,GeneID:947363",,dsbC,Gene,,,,,dsbC,protein_coding,"ECK2888,xprA",b2893,,,,,,,,,,
NC_000913.3,RefSeq,gene,3038847,3039743,,-,,897,gene-b2894,"ECOCYC:EG11071,GeneID:947362",,xerD,Gene,,,,,xerD,protein_coding,"ECK2889,xprB",b2894,,,,,,,,,,
NC_000913.3,RefSeq,gene,3039855,3040376,,+,,522,gene-b2895,"ECOCYC:EG12697,GeneID:947361",,fldB,Gene,,,,,fldB,protein_coding,ECK2890,b2895,,,,,,,,,,
NC_000913.3,RefSeq,gene,3040416,3040823,,-,,408,gene-b2896,"ECOCYC:G7509,GeneID:947379",,ygfX,Gene,,,,,ygfX,protein_coding,"cptA,ECK2891",b2896,,,,,,,,,,
NC_000913.3,RefSeq,gene,3040804,3041070,,-,,267,gene-b2897,"ECOCYC:G7510,GeneID:947382",,sdhE,Gene,,,,,sdhE,protein_coding,"cptB,ECK2892,ygfY",b2897,,,,,,,,,,
NC_000913.3,RefSeq,gene,3041313,3042293,,+,,981,gene-b2898,"ECOCYC:G7511,GeneID:947384",,ygfZ,Gene,,,,,ygfZ,protein_coding,"ECK2893,yzzW",b2898,,,,,,,,,,
NC_000913.3,RefSeq,gene,3042489,3043148,,-,,660,gene-b2899,"ECOCYC:G7512,GeneID:947381",,trhA,Gene,,,,,trhA,protein_coding,"ECK2894,yqfA",b2899,,,,,,,,,,
NC_000913.3,RefSeq,gene,3043312,3043623,,-,,312,gene-b2900,"ECOCYC:G7513,GeneID:947380",,yqfB,Gene,,,,,yqfB,protein_coding,ECK2895,b2900,,,,,,,,,,
NC_000913.3,RefSeq,gene,3043662,3045101,,+,,1440,gene-b2901,"ECOCYC:G495,GeneID:947378",,bglA,Gene,,,,,bglA,protein_coding,"bglD,ECK2896,yqfC",b2901,,,,,,,,,,
NC_000913.3,RefSeq,gene,3045158,3045901,,-,,744,gene-b2902,"ECOCYC:G7514,GeneID:947373",,ygfF,Gene,,,,,ygfF,protein_coding,"ECK2897,yqfD",b2902,,,,,,,,,,
NC_000913.3,RefSeq,gene,3046168,3049041,,-,,2874,gene-b2903,"ECOCYC:EG11810,GeneID:947394",,gcvP,Gene,,,,,gcvP,protein_coding,ECK2898,b2903,,,,,,,,,,
NC_000913.3,RefSeq,gene,3049160,3049549,,-,,390,gene-b2904,"ECOCYC:EG10371,GeneID:947393",,gcvH,Gene,,,,,gcvH,protein_coding,"ECK2899,gcv",b2904,,,,,,,,,,
NC_000913.3,RefSeq,gene,3049573,3050667,,-,,1095,gene-b2905,"ECOCYC:EG11442,GeneID:947390",,gcvT,Gene,,,,,gcvT,protein_coding,ECK2900,b2905,,,,,,,,,,
NC_000913.3,RefSeq,gene,3050958,3051041,,+,,84,gene-b4754,"ECOCYC:G0-16748,GeneID:38094971",,yqfI,Gene,,,,,yqfI,protein_coding,ECK4611,b4754,,,,,,,,,,
NC_000913.3,RefSeq,gene,3051115,3052317,,-,,1203,gene-b2906,"ECOCYC:EG11333,GeneID:947389",,ubiI,Gene,,,,,ubiI,protein_coding,"ECK2901,visC",b2906,,,,,,,,,,
NC_000913.3,RefSeq,gene,3052340,3053518,,-,,1179,gene-b2907,"ECOCYC:EG11324,GeneID:947388",,ubiH,Gene,,,,,ubiH,protein_coding,"acd,ECK2902,visB",b2907,,,,,,,,,,
NC_000913.3,RefSeq,gene,3053515,3054840,,-,,1326,gene-b2908,"ECOCYC:EG10697,GeneID:947385",,pepP,Gene,,,,,pepP,protein_coding,ECK2903,b2908,,,,,,,,,,
NC_000913.3,RefSeq,gene,3054866,3055444,,-,,579,gene-b2909,"ECOCYC:EG11323,GeneID:947400",,ygfB,Gene,,,,,ygfB,protein_coding,ECK2904,b2909,,,,,,,,,,
NC_000913.3,RefSeq,gene,3055612,3055941,,+,,330,gene-b2910,"ECOCYC:EG12878,GeneID:947404",,zapA,Gene,,,,,zapA,protein_coding,"ECK2905,ygfE",b2910,,,,,,,,,,
NC_000913.3,RefSeq,gene,3055983,3056165,,+,,183,gene-b2911,"ECOCYC:EG30099,GeneID:947405",,ssrS,Gene,,,,,ssrS,ncRNA,"ECK2906,ssr",b2911,,,,,,,,,,
NC_000913.3,RefSeq,gene,3056241,3056789,,+,,549,gene-b2912,"ECOCYC:EG11158,GeneID:945167",,fau,Gene,,,,,fau,protein_coding,"ECK2907,ygfA",b2912,,,,,,,,,,
NC_000913.3,RefSeq,gene,3056851,3056991,,+,,141,gene-b4446,"ECOCYC:G0-8886,GeneID:2847749",,sibC,Gene,,,,,sibC,ncRNA,"ECK2908,QUAD1c,rygC,t27",b4446,,,,,,,,,,
NC_000913.3,RefSeq,gene,3056890,3056949,,-,,60,gene-b4665,"ECOCYC:G0-10631,GeneID:7751627",,ibsC,Gene,,,,,ibsC,protein_coding,ECK4480,b4665,,,,,,,,,,
NC_000913.3,RefSeq,gene,3057178,3058410,,-,,1233,gene-b2913,"ECOCYC:EG10944,GeneID:945258",,serA,Gene,,,,,serA,protein_coding,ECK2909,b2913,,,,,,,,,,
NC_000913.3,RefSeq,gene,3058666,3059325,,-,,660,gene-b2914,"ECOCYC:EG11443,GeneID:947407",,rpiA,Gene,,,,,rpiA,protein_coding,"ECK2910,ygfC",b2914,,,,,,,,,,
NC_000913.3,RefSeq,gene,3059753,3060646,,+,,894,gene-b2916,"ECOCYC:EG10490,GeneID:944867",,argP,Gene,,,,,argP,protein_coding,"ECK2912,iciA",b2916,,,,,,,,,,
NC_000913.3,RefSeq,gene,3060850,3062994,,+,,2145,gene-b2917,"ECOCYC:EG11444,GeneID:945576",,scpA,Gene,,,,,scpA,protein_coding,"ECK2913,sbm,yliK",b2917,,,,,,,,,,
NC_000913.3,RefSeq,gene,3062987,3063982,,+,,996,gene-b2918,"ECOCYC:EG11445,GeneID:947412",,argK,Gene,,,,,argK,protein_coding,"ECK2914,ygfD",b2918,,,,,,,,,,
NC_000913.3,RefSeq,gene,3063993,3064778,,+,,786,gene-b2919,"ECOCYC:G7516,GeneID:947408",,scpB,Gene,,,,,scpB,protein_coding,"ECK2915,ygfG",b2919,,,,,,,,,,
NC_000913.3,RefSeq,gene,3064802,3066280,,+,,1479,gene-b2920,"ECOCYC:G7517,GeneID:947402",,scpC,Gene,,,,,scpC,protein_coding,"ECK2916,ygfH",b2920,,,,,,,,,,
NC_000913.3,RefSeq,gene,3066277,3067173,,-,,897,gene-b2921,"ECOCYC:G7518,GeneID:947401",,srsR,Gene,,,,,srsR,protein_coding,"ECK2917,ygfI",b2921,,,,,,,,,,
NC_000913.3,RefSeq,gene,3067340,3068080,,-,,741,gene-b2922,"ECOCYC:EG11244,GeneID:947398",,yggE,Gene,,,,,yggE,protein_coding,ECK2918,b2922,,,,,,,,,,
NC_000913.3,RefSeq,gene,3068173,3068808,,-,,636,gene-b2923,"ECOCYC:EG11159,GeneID:947418",,argO,Gene,,,,,argO,protein_coding,"ECK2919,yggA",b2923,,,,,,,,,,
NC_000913.3,RefSeq,gene,3068947,3069807,,-,,861,gene-b2924,"ECOCYC:EG11160,GeneID:947416",,mscS,Gene,,,,,mscS,protein_coding,"ECK2920,yggB",b2924,,,,,,,,,,
NC_000913.3,RefSeq,gene,3070165,3071244,,-,,1080,gene-b2925,"ECOCYC:EG10282,GeneID:947415",,fbaA,Gene,,,,,fbaA,protein_coding,"ald,ECK2921,fba,fda",b2925,,,,,,,,,,
NC_000913.3,RefSeq,gene,3071459,3072622,,-,,1164,gene-b2926,"ECOCYC:EG10703,GeneID:947414",,pgk,Gene,,,,,pgk,protein_coding,ECK2922,b2926,,,,,,,,,,
NC_000913.3,RefSeq,gene,3072672,3073691,,-,,1020,gene-b2927,"ECOCYC:EG10368,GeneID:947413",,epd,Gene,,,,,epd,protein_coding,"ECK2923,gap2,gapB",b2927,,,,,,,,,,
NC_000913.3,RefSeq,gene,3073976,3074689,,-,,714,gene-b2928,"ECOCYC:EG11161,GeneID:947419",,yggC,Gene,,,,,yggC,protein_coding,ECK2924,b2928,,,,,,,,,,
NC_000913.3,RefSeq,gene,3074686,3075195,,-,,510,gene-b2929,"ECOCYC:EG11162,GeneID:946861",,fumE,Gene,,,,,fumE,protein_coding,"ECK2925,yggD",b2929,,,,,,,,,,
NC_000913.3,RefSeq,gene,3075217,3076182,,-,,966,gene-b2930,"ECOCYC:EG11245,GeneID:947410",,yggF,Gene,,,,,yggF,protein_coding,"ECK2926,yggK",b2930,,,,,,,,,,
NC_000913.3,RefSeq,gene,3076179,3077456,,-,,1278,gene-b4465,"ECOCYC:G7520,GeneID:2847686",,yggP,Gene,,,,,yggP,protein_coding,"b2931,b2932,ECK2927",b4465,,,,,,,,,,
NC_000913.3,RefSeq,gene,3077471,3078859,,-,,1389,gene-b2933,"ECOCYC:EG11792,GeneID:945256",,cmtA,Gene,,,,,cmtA,protein_coding,ECK2928,b2933,,,,,,,,,,
NC_000913.3,RefSeq,gene,3078887,3079330,,-,,444,gene-b2934,"ECOCYC:EG11791,GeneID:945125",,cmtB,Gene,,,,,cmtB,protein_coding,"ECK2929,tolM",b2934,,,,,,,,,,
NC_000913.3,RefSeq,gene,3079644,3081635,,-,,1992,gene-b2935,"ECOCYC:EG11427,GeneID:947420",,tktA,Gene,,,,,tktA,protein_coding,"ECK2930,tkt",b2935,,,,,,,,,,
NC_000913.3,RefSeq,gene,3081913,3082671,,+,,759,gene-b2936,"ECOCYC:EG11291,GeneID:945173",,loiP,Gene,,,,,loiP,protein_coding,"ECK2931,yggG",b2936,,,,,,,,,,
NC_000913.3,RefSeq,gene,3082877,3083797,,-,,921,gene-b2937,"ECOCYC:EG10960,GeneID:947715",,speB,Gene,,,,,speB,protein_coding,ECK2932,b2937,,,,,,,,,,
NC_000913.3,RefSeq,gene,3083935,3085911,,-,,1977,gene-b2938,"ECOCYC:EG10959,GeneID:947432",,speA,Gene,,,,,speA,protein_coding,ECK2933,b2938,,,,,,,,,,
NC_000913.3,RefSeq,gene,3085920,3086051,,-,,132,gene-b2939,"ECOCYC:G7521,GeneID:947433",,yqgB,Gene,,,,,yqgB,protein_coding,ECK2934,b2939,,,,,,,,,,
NC_000913.3,RefSeq,gene,3086145,3086288,,-,,144,gene-b4784,"ECOCYC:G0-17030,GeneID:63925647",,yqgG,Gene,,,,,yqgG,protein_coding,ECK4641,b4784,,,,,,,,,,
NC_000913.3,RefSeq,gene,3086187,3086402,,+,,216,gene-b2940,"ECOCYC:G7522,GeneID:945052",,yqgC,Gene,,,,,yqgC,protein_coding,ECK2935,b2940,,,,,,,,,,
NC_000913.3,RefSeq,gene,3086399,3086650,,-,,252,gene-b2941,"ECOCYC:G7523,GeneID:945430",,yqgD,Gene,,,,,yqgD,protein_coding,ECK2936,b2941,,,,,,,,,,
NC_000913.3,RefSeq,gene,3086706,3087860,,+,,1155,gene-b2942,"ECOCYC:EG10589,GeneID:945389",,metK,Gene,,,,,metK,protein_coding,"ECK2937,metX",b2942,,,,,,,,,,
NC_000913.3,RefSeq,gene,3088284,3089678,,+,,1395,gene-b2943,"ECOCYC:EG12148,GeneID:947434",,galP,Gene,,,,,galP,protein_coding,"ECK2938,Pgal",b2943,,,,,,,,,,
NC_000913.3,RefSeq,gene,3089755,3090252,,+,,498,gene-b2944,"ECOCYC:EG12122,GeneID:947443",,yggI,Gene,,,,,yggI,protein_coding,"ECK2939,sprT",b2944,,,,,,,,,,
NC_000913.3,RefSeq,gene,3090347,3091054,,+,,708,gene-b2945,"ECOCYC:EG11336,GeneID:949092",,endA,Gene,,,,,endA,protein_coding,ECK2940,b2945,,,,,,,,,,
NC_000913.3,RefSeq,gene,3091134,3091865,,+,,732,gene-b2946,"ECOCYC:EG12366,GeneID:945816",,rsmE,Gene,,,,,rsmE,protein_coding,"ECK2941,yggJ",b2946,,,,,,,,,,
NC_000913.3,RefSeq,gene,3091878,3092828,,+,,951,gene-b2947,"ECOCYC:EG10419,GeneID:947445",,gshB,Gene,,,,,gshB,protein_coding,"ECK2942,gsh-II",b2947,,,,,,,,,,
NC_000913.3,RefSeq,gene,3092937,3093500,,+,,564,gene-b2948,"ECOCYC:G7524,GeneID:947442",,yqgE,Gene,,,,,yqgE,protein_coding,ECK2943,b2948,,,,,,,,,,
NC_000913.3,RefSeq,gene,3093500,3093916,,+,,417,gene-b2949,"ECOCYC:G7525,GeneID:947439",,yqgF,Gene,,,,,yqgF,protein_coding,ECK2944,b2949,,,,,,,,,,
NC_000913.3,RefSeq,gene,3094100,3095080,,-,,981,gene-b2950,"ECOCYC:G7526,GeneID:947430",,yggR,Gene,,,,,yggR,protein_coding,ECK2945,b2950,,,,,,,,,,
NC_000913.3,RefSeq,gene,3095098,3095802,,+,,705,gene-b2951,"ECOCYC:G7527,GeneID:947423",,yggS,Gene,,,,,yggS,protein_coding,ECK2946,b2951,,,,,,,,,,
NC_000913.3,RefSeq,gene,3095820,3096386,,+,,567,gene-b2952,"ECOCYC:G7528,GeneID:947421",,yggT,Gene,,,,,yggT,protein_coding,ECK2947,b2952,,,,,,,,,,
NC_000913.3,RefSeq,gene,3096383,3096673,,+,,291,gene-b2953,"ECOCYC:G7529,GeneID:947424",,yggU,Gene,,,,,yggU,protein_coding,ECK2948,b2953,,,,,,,,,,
NC_000913.3,RefSeq,gene,3096681,3097274,,+,,594,gene-b2954,"ECOCYC:G7530,GeneID:947429",,rdgB,Gene,,,,,rdgB,protein_coding,"ECK2949,yggV",b2954,,,,,,,,,,
NC_000913.3,RefSeq,gene,3097267,3098403,,+,,1137,gene-b2955,"ECOCYC:G7531,GeneID:947446",,hemW,Gene,,,,,hemW,protein_coding,"ECK2950,yggW",b2955,,,,,,,,,,
NC_000913.3,RefSeq,gene,3098558,3099565,,-,,1008,gene-b2956,"ECOCYC:EG12704,GeneID:947455",,yggM,Gene,,,,,yggM,protein_coding,ECK2951,b2956,,,,,,,,,,
NC_000913.3,RefSeq,gene,3099682,3100728,,-,,1047,gene-b2957,"ECOCYC:EG10046,GeneID:947454",,ansB,Gene,,,,,ansB,protein_coding,ECK2952,b2957,,,,,,,,,,
NC_000913.3,RefSeq,gene,3100904,3101623,,-,,720,gene-b2958,"ECOCYC:EG12705,GeneID:947453",,yggN,Gene,,,,,yggN,protein_coding,"ecfF,ECK2953",b2958,,,,,,,,,,
NC_000913.3,RefSeq,gene,3101807,3102133,,-,,327,gene-b2959,"ECOCYC:EG12443,GeneID:947449",,yggL,Gene,,,,,yggL,protein_coding,ECK2954,b2959,,,,,,,,,,
NC_000913.3,RefSeq,gene,3102133,3102852,,-,,720,gene-b2960,"ECOCYC:EG11779,GeneID:947448",,trmB,Gene,,,,,trmB,protein_coding,"ECK2955,trmI,yggH",b2960,,,,,,,,,,
NC_000913.3,RefSeq,gene,3103013,3104065,,+,,1053,gene-b2961,"ECOCYC:EG10627,GeneID:947447",,mutY,Gene,,,,,mutY,protein_coding,"ECK2956,micA",b2961,,,,,,,,,,
NC_000913.3,RefSeq,gene,3104093,3104368,,+,,276,gene-b2962,"ECOCYC:G7532,GeneID:947461",,yggX,Gene,,,,,yggX,protein_coding,ECK2957,b2962,,,,,,,,,,
NC_000913.3,RefSeq,gene,3104433,3105512,,+,,1080,gene-b2963,"ECOCYC:G7533,GeneID:945428",,mltC,Gene,,,,,mltC,protein_coding,"ECK2958,yggZ",b2963,,,,,,,,,,
NC_000913.3,RefSeq,gene,3105714,3106970,,+,,1257,gene-b2964,"ECOCYC:EG10664,GeneID:946282",,nupG,Gene,,,,,nupG,protein_coding,"ECK2959,gru",b2964,,,,,,,,,,
NC_000913.3,RefSeq,gene,3107020,3109155,,-,,2136,gene-b2965,"ECOCYC:EG10961,GeneID:947457",,speC,Gene,,,,,speC,protein_coding,ECK2960,b2965,,,,,,,,,,
NC_000913.3,RefSeq,gene,3109317,3109400,,-,,84,gene-b4785,"ECOCYC:G0-17031,GeneID:63925648",,yqgH,Gene,,,,,yqgH,protein_coding,ECK4642,b4785,,,,,,,,,,
NC_000913.3,RefSeq,gene,3109553,3110260,,+,,708,gene-b2966,"ECOCYC:G7534,GeneID:947462",,yqgA,Gene,,,,,yqgA,protein_coding,ECK2961,b2966,,,,,,,,,,
NC_000913.3,RefSeq,gene,3110366,3110441,,+,,76,gene-b2967,"ECOCYC:EG30065,GeneID:947463",,pheV,Gene,,,,,pheV,tRNA,"ECK2962,pheC",b2967,,,,,,,,,,
NC_000913.3,RefSeq,gene,3110590,3111126,,-,,537,gene-b2968,"ECOCYC:G7535,GeneID:947025",,yghD,Gene,,,,,yghD,protein_coding,"ecfC,ECK2963",b2968,,,,,,,,,,
NC_000913.3,RefSeq,gene,3111128,3111988,,-,,861,gene-b2969,"ECOCYC:G7536,GeneID:945897",,yghE,Gene,,,,,yghE,protein_coding,"ecfB,ECK2964",b2969,,,,,,,,,,
NC_000913.3,RefSeq,gene,3111266,3111325,,+,,60,gene-b4786,"ECOCYC:G0-17032,GeneID:63925649",,yqhJ,Gene,,,,,yqhJ,protein_coding,ECK4643,b4786,,,,,,,,,,
NC_000913.3,RefSeq,gene,3112054,3113049,,-,,996,gene-b2970,"ECOCYC:G7537,GeneID:947469",,yghF,Gene,,,,,yghF,protein_coding,"ecfA,ECK2965",b2970,,,,,,,,,,
NC_000913.3,RefSeq,gene,3113067,3113477,,-,,411,gene-b2971,"ECOCYC:G7538,GeneID:947470",,yghG,Gene,,,,,yghG,protein_coding,"ECK2966,gspSbeta",b2971,,,,,,,,,,
NC_000913.3,RefSeq,gene,3113543,3114352,,-,,810,gene-b2972,"ECOCYC:G7539,GeneID:947467",,pppA,Gene,,,,,pppA,protein_coding,"ECK2967,yghH",b2972,,,,,,,,,,
NC_000913.3,RefSeq,gene,3114550,3119112,,-,,4563,gene-b4466,"ECOCYC:G7541,GeneID:2847716",,yghJ,Gene,,,,,yghJ,protein_coding,"b2973,b2974,ECK2968,sslE",b4466,,,,,,,,,,
NC_000913.3,RefSeq,gene,3119597,3121279,,-,,1683,gene-b2975,"ECOCYC:G7542,GeneID:947259",,glcA,Gene,,,,,glcA,protein_coding,"ECK2969,yghK",b2975,,,,,,,,,,
NC_000913.3,RefSeq,gene,3121634,3123805,,-,,2172,gene-b2976,"ECOCYC:EG20080,GeneID:948857",,glcB,Gene,,,,,glcB,protein_coding,"ECK2970,glc",b2976,,,,,,,,,,
NC_000913.3,RefSeq,gene,3123827,3124231,,-,,405,gene-b2977,"ECOCYC:G7543,GeneID:947473",,glcG,Gene,,,,,glcG,protein_coding,"ECK2971,yghC",b2977,,,,,,,,,,
NC_000913.3,RefSeq,gene,3124236,3125459,,-,,1224,gene-b4467,"ECOCYC:G0-8601,GeneID:2847717",,glcF,Gene,,,,,glcF,protein_coding,"b2978,ECK2972,gox,yghL",b4467,,,,,,,,,,
NC_000913.3,RefSeq,gene,3125470,3126522,,-,,1053,gene-b4468,"ECOCYC:G7544,GeneID:2847718",,glcE,Gene,,,,,glcE,protein_coding,"b2978,ECK2973,gox,yghL",b4468,,,,,,,,,,
NC_000913.3,RefSeq,gene,3126522,3128021,,-,,1500,gene-b2979,"ECOCYC:G7545,GeneID:947353",,glcD,Gene,,,,,glcD,protein_coding,"ECK2974,gox,yghM",b2979,,,,,,,,,,
NC_000913.3,RefSeq,gene,3128272,3129036,,+,,765,gene-b2980,"ECOCYC:G7546,GeneID:947466",,glcC,Gene,,,,,glcC,protein_coding,"ECK2975,yghN",b2980,,,,,,,,,,
NC_000913.3,RefSeq,gene,3129043,3130215,,-,,1173,gene-b2981,"ECOCYC:G7547,GeneID:947701",,yghO,Gene,,,,,yghO,protein_coding,ECK2976,b2981,,,,,,,,,,
NC_000913.3,RefSeq,gene,3130214,3131194,,+,,981,gene-b2982,"ECOCYC:G7548,GeneID:947516",,insH9,Gene,,,,,insH9,protein_coding,"ECK0261,trs5-9,yi52_9",b2982,,,,,,,,,,
NC_000913.3,RefSeq,gene,3131341,3132408,,-,,1068,gene-b2983,"ECOCYC:G7549,GeneID:947716",,yghQ,Gene,,,,,yghQ,protein_coding,ECK2977,b2983,,,,,,,,,,
NC_000913.3,RefSeq,gene,3132454,3133212,,-,,759,gene-b2984,"ECOCYC:G7550,GeneID:947310",,yghR,Gene,,,,,yghR,protein_coding,ECK2978,b2984,,,,,,,,,,
NC_000913.3,RefSeq,gene,3133244,3133957,,-,,714,gene-b2985,"ECOCYC:G7551,GeneID:947476",,yghS,Gene,,,,,yghS,protein_coding,ECK2979,b2985,,,,,,,,,,
NC_000913.3,RefSeq,gene,3134131,3134823,,+,,693,gene-b2986,"ECOCYC:G7552,GeneID:947477",,yghT,Gene,,,,,yghT,protein_coding,ECK2980,b2986,,,,,,,,,,
NC_000913.3,RefSeq,gene,3134872,3136371,,-,,1500,gene-b2987,"ECOCYC:EG12883,GeneID:947475",,pitB,Gene,,,,,pitB,protein_coding,ECK2981,b2987,,,,,,,,,,
NC_000913.3,RefSeq,gene,3136663,3138522,,-,,1860,gene-b2988,"ECOCYC:EG12882,GeneID:947474",,gss,Gene,,,,,gss,protein_coding,"ECK2982,gsp",b2988,,,,,,,,,,
NC_000913.3,RefSeq,gene,3138727,3139593,,+,,867,gene-b2989,"ECOCYC:G7553,GeneID:947472",,yghU,Gene,,,,,yghU,protein_coding,ECK2983,b2989,,,,,,,,,,
NC_000913.3,RefSeq,gene,3139716,3139964,,-,,249,gene-b2990,"ECOCYC:EG11805,GeneID:948020",,hybG,Gene,,,,,hybG,protein_coding,ECK2984,b2990,,,,,,,,,,
NC_000913.3,RefSeq,gene,3139977,3140318,,-,,342,gene-b2991,"ECOCYC:EG11804,GeneID:948004",,hybF,Gene,,,,,hybF,protein_coding,ECK2985,b2991,,,,,,,,,,
NC_000913.3,RefSeq,gene,3140311,3140799,,-,,489,gene-b2992,"ECOCYC:EG11803,GeneID:947483",,hybE,Gene,,,,,hybE,protein_coding,ECK2986,b2992,,,,,,,,,,
NC_000913.3,RefSeq,gene,3140792,3141286,,-,,495,gene-b2993,"ECOCYC:EG11802,GeneID:948982",,hybD,Gene,,,,,hybD,protein_coding,ECK2987,b2993,,,,,,,,,,
NC_000913.3,RefSeq,gene,3141286,3142989,,-,,1704,gene-b2994,"ECOCYC:EG11801,GeneID:945182",,hybC,Gene,,,,,hybC,protein_coding,ECK2988,b2994,,,,,,,,,,
NC_000913.3,RefSeq,gene,3142986,3144164,,-,,1179,gene-b2995,"ECOCYC:EG11800,GeneID:948615",,hybB,Gene,,,,,hybB,protein_coding,ECK2989,b2995,,,,,,,,,,
NC_000913.3,RefSeq,gene,3144154,3145140,,-,,987,gene-b2996,"ECOCYC:EG11799,GeneID:944842",,hybA,Gene,,,,,hybA,protein_coding,"ECK2990,hydL",b2996,,,,,,,,,,
NC_000913.3,RefSeq,gene,3145143,3146261,,-,,1119,gene-b2997,"ECOCYC:G7554,GeneID:945902",,hybO,Gene,,,,,hybO,protein_coding,"ECK2991,yghV",b2997,,,,,,,,,,
NC_000913.3,RefSeq,gene,3146450,3146737,,-,,288,gene-b2998,"ECOCYC:G7555,GeneID:947485",,yghW,Gene,,,,,yghW,protein_coding,ECK2992,b2998,,,,,,,,,,
NC_000913.3,RefSeq,gene,3147597,3147740,,-,,144,gene-b4755,"ECOCYC:G0-16749,GeneID:38094972",,yqhI,Gene,,,,,yqhI,protein_coding,ECK4612,b4755,,,,,,,,,,
NC_000913.3,RefSeq,gene,3147897,3148937,,+,,1041,gene-b3001,"ECOCYC:G7558,GeneID:947480",,gpr,Gene,,,,,gpr,protein_coding,"ECK2995,mgrA,yghZ",b3001,,,,,,,,,,
NC_000913.3,RefSeq,gene,3148977,3149471,,-,,495,gene-b3002,"ECOCYC:G7559,GeneID:947479",,yqhA,Gene,,,,,yqhA,protein_coding,ECK2996,b3002,,,,,,,,,,
NC_000913.3,RefSeq,gene,3149662,3150546,,+,,885,gene-b3003,"ECOCYC:EG11292,GeneID:947478",,yghA,Gene,,,,,yghA,protein_coding,ECK2997,b3003,,,,,,,,,,
NC_000913.3,RefSeq,gene,3150818,3151243,,-,,426,gene-b3005,"ECOCYC:EG10272,GeneID:946345",,exbD,Gene,,,,,exbD,protein_coding,ECK2998,b3005,,,,,,,,,,
NC_000913.3,RefSeq,gene,3151250,3151984,,-,,735,gene-b3006,"ECOCYC:EG10271,GeneID:945420",,exbB,Gene,,,,,exbB,protein_coding,ECK2999,b3006,,,,,,,,,,
NC_000913.3,RefSeq,gene,3152236,3153423,,+,,1188,gene-b3008,"ECOCYC:EG10583,GeneID:946240",,metC,Gene,,,,,metC,protein_coding,ECK3000,b3008,,,,,,,,,,
NC_000913.3,RefSeq,gene,3153563,3154222,,+,,660,gene-b3009,"ECOCYC:EG11824,GeneID:947490",,yghB,Gene,,,,,yghB,protein_coding,ECK3001,b3009,,,,,,,,,,
NC_000913.3,RefSeq,gene,3154262,3155218,,-,,957,gene-b3010,"ECOCYC:G7563,GeneID:947491",,yqhC,Gene,,,,,yqhC,protein_coding,ECK3002,b3010,,,,,,,,,,
NC_000913.3,RefSeq,gene,3155355,3156518,,+,,1164,gene-b3011,"ECOCYC:G7564,GeneID:947493",,yqhD,Gene,,,,,yqhD,protein_coding,ECK3003,b3011,,,,,,,,,,
NC_000913.3,RefSeq,gene,3156623,3157450,,+,,828,gene-b3012,"ECOCYC:G7565,GeneID:947495",,dkgA,Gene,,,,,dkgA,protein_coding,"ECK3004,yqhE",b3012,,,,,,,,,,
NC_000913.3,RefSeq,gene,3157650,3158576,,+,,927,gene-b3013,"ECOCYC:G7566,GeneID:945919",,yqhG,Gene,,,,,yqhG,protein_coding,"ECK3005,yqhF",b3013,,,,,,,,,,
NC_000913.3,RefSeq,gene,3158627,3158884,,+,,258,gene-b3014,"ECOCYC:G7567,GeneID:946832",,yqhH,Gene,,,,,yqhH,protein_coding,ECK3006,b3014,,,,,,,,,,
NC_000913.3,RefSeq,gene,3158927,3161146,,-,,2220,gene-b4469,"ECOCYC:G7568,GeneID:948963",,ygiQ,Gene,,,,,ygiQ,protein_coding,"b3015,b3016,ECK3007,ygiR",b4469,,,,,,,,,,
NC_000913.3,RefSeq,gene,3161257,3162669,,-,,1413,gene-b3017,"ECOCYC:EG11376,GeneID:944982",,ftsP,Gene,,,,,ftsP,protein_coding,"ECK3008,sufI,sui",b3017,,,,,,,,,,
NC_000913.3,RefSeq,gene,3162744,3163481,,-,,738,gene-b3018,"ECOCYC:EG11377,GeneID:947496",,plsC,Gene,,,,,plsC,protein_coding,"ECK3009,parF",b3018,,,,,,,,,,
NC_000913.3,RefSeq,gene,3163715,3165973,,-,,2259,gene-b3019,"ECOCYC:EG10686,GeneID:947499",,parC,Gene,,,,,parC,protein_coding,ECK3010,b3019,,,,,,,,,,
NC_000913.3,RefSeq,gene,3166111,3167718,,-,,1608,gene-b3020,"ECOCYC:G7570,GeneID:947140",,ygiS,Gene,,,,,ygiS,protein_coding,ECK3011,b3020,,,,,,,,,,
NC_000913.3,RefSeq,gene,3167851,3168246,,-,,396,gene-b3021,"ECOCYC:G7571,GeneID:945814",,mqsA,Gene,,,,,mqsA,protein_coding,"ECK3012,ygiT",b3021,,,,,,,,,,
NC_000913.3,RefSeq,gene,3168248,3168544,,-,,297,gene-b3022,"ECOCYC:G7572,GeneID:947500",,mqsR,Gene,,,,,mqsR,protein_coding,"ECK3013,ygiU",b3022,,,,,,,,,,
NC_000913.3,RefSeq,gene,3168749,3169231,,-,,483,gene-b3023,"ECOCYC:G7573,GeneID:945805",,ygiV,Gene,,,,,ygiV,protein_coding,ECK3014,b3023,,,,,,,,,,
NC_000913.3,RefSeq,gene,3169284,3169676,,-,,393,gene-b3024,"ECOCYC:G7574,GeneID:946051",,ygiW,Gene,,,,,ygiW,protein_coding,"ECK3015,visP",b3024,,,,,,,,,,
NC_000913.3,RefSeq,gene,3169828,3170487,,+,,660,gene-b3025,"ECOCYC:G7575,GeneID:945369",,qseB,Gene,,,,,qseB,protein_coding,"ECK3016,ygiX",b3025,,,,,,,,,,
NC_000913.3,RefSeq,gene,3170484,3171833,,+,,1350,gene-b3026,"ECOCYC:EG12658,GeneID:947174",,qseC,Gene,,,,,qseC,protein_coding,"ECK3017,ygiY",b3026,,,,,,,,,,
NC_000913.3,RefSeq,gene,3171879,3172211,,-,,333,gene-b3027,"ECOCYC:G7577,GeneID:946450",,ygiZ,Gene,,,,,ygiZ,protein_coding,ECK3018,b3027,,,,,,,,,,
NC_000913.3,RefSeq,gene,3172530,3173111,,+,,582,gene-b3028,"ECOCYC:EG12656,GeneID:947512",,mdaB,Gene,,,,,mdaB,protein_coding,"ECK3019,mda66",b3028,,,,,,,,,,
NC_000913.3,RefSeq,gene,3173142,3173456,,+,,315,gene-b3029,"ECOCYC:EG12657,GeneID:947506",,ygiN,Gene,,,,,ygiN,protein_coding,ECK3020,b3029,,,,,,,,,,
NC_000913.3,RefSeq,gene,3173504,3175396,,-,,1893,gene-b3030,"ECOCYC:EG10687,GeneID:947501",,parE,Gene,,,,,parE,protein_coding,"ECK3021,nfxD",b3030,,,,,,,,,,
NC_000913.3,RefSeq,gene,3175425,3176006,,-,,582,gene-b3031,"ECOCYC:G7578,GeneID:947488",,yqiA,Gene,,,,,yqiA,protein_coding,"ECK3022,yzzI",b3031,,,,,,,,,,
NC_000913.3,RefSeq,gene,3176006,3176833,,-,,828,gene-b3032,"ECOCYC:G7579,GeneID:947515",,cpdA,Gene,,,,,cpdA,protein_coding,"ECK3023,icc",b3032,,,,,,,,,,
NC_000913.3,RefSeq,gene,3176858,3177280,,-,,423,gene-b3033,"ECOCYC:G7580,GeneID:947518",,yqiB,Gene,,,,,yqiB,protein_coding,"ECK3024,yzzH",b3033,,,,,,,,,,
NC_000913.3,RefSeq,gene,3177281,3177910,,-,,630,gene-b3034,"ECOCYC:EG12633,GeneID:947519",,nudF,Gene,,,,,nudF,protein_coding,"aspP,ECK3025,trgB,yqiE",b3034,,,,,,,,,,
NC_000913.3,RefSeq,gene,3178115,3179596,,+,,1482,gene-b3035,"ECOCYC:EG11009,GeneID:947521",,tolC,Gene,,,,,tolC,protein_coding,"colE1-i,ECK3026,mtcB,mukA,refI,toc,weeA",b3035,,,,,,,,,,
NC_000913.3,RefSeq,gene,3179744,3180415,,+,,672,gene-b3037,"ECOCYC:EG11164,GeneID:945086",,ygiB,Gene,,,,,ygiB,protein_coding,ECK3028,b3037,,,,,,,,,,
NC_000913.3,RefSeq,gene,3180421,3181581,,+,,1161,gene-b3038,"ECOCYC:EG11165,GeneID:947249",,ygiC,Gene,,,,,ygiC,protein_coding,ECK3029,b3038,,,,,,,,,,
NC_000913.3,RefSeq,gene,3181619,3182434,,-,,816,gene-b3039,"ECOCYC:EG11166,GeneID:946447",,ygiD,Gene,,,,,ygiD,protein_coding,ECK3030,b3039,,,,,,,,,,
NC_000913.3,RefSeq,gene,3182550,3183323,,+,,774,gene-b3040,"ECOCYC:EG11167,GeneID:947035",,zupT,Gene,,,,,zupT,protein_coding,"ECK3031,ygiE",b3040,,,,,,,,,,
NC_000913.3,RefSeq,gene,3183381,3183551,,-,,171,gene-b4756,"ECOCYC:G0-16750,GeneID:38094973",,yqiD,Gene,,,,,yqiD,protein_coding,ECK4613,b4756,,,,,,,,,,
NC_000913.3,RefSeq,gene,3183813,3184466,,-,,654,gene-b3041,"ECOCYC:EG10465,GeneID:947526",,ribB,Gene,,,,,ribB,protein_coding,"ECK3032,htrP,luxH,luxH-l",b3041,,,,,,,,,,
NC_000913.3,RefSeq,gene,3184840,3185130,,+,,291,gene-b3042,"ECOCYC:G7582,GeneID:947524",,ubiK,Gene,,,,,ubiK,protein_coding,"ECK3033,yqiC",b3042,,,,,,,,,,
NC_000913.3,RefSeq,gene,3185414,3185965,,+,,552,gene-b3043,"ECOCYC:EG12363,GeneID:947522",,ygiL,Gene,,,,,ygiL,protein_coding,ECK3034,b3043,,,,,,,,,,
NC_000913.3,RefSeq,gene,3186187,3186552,,+,,366,gene-b3044,"ECOCYC:G7583,GeneID:947520",,insC5,Gene,,,,,insC5,protein_coding,"ECK0357,yi21-5",b3044,,,,,,,,,,
NC_000913.3,RefSeq,gene,3186510,3187415,,+,,906,gene-b3045,"ECOCYC:G7584,GeneID:947517",,insD5,Gene,,,,,insD5,protein_coding,"ECK0358,yi22-5",b3045,,,,,,,,,,
NC_000913.3,RefSeq,gene,3189881,3190630,,+,,750,gene-b3047,"ECOCYC:G7586,GeneID:947531",,yqiH,Gene,,,,,yqiH,protein_coding,ECK3036,b3047,,,,,,,,,,
NC_000913.3,RefSeq,gene,3190632,3191696,,+,,1065,gene-b3048,"ECOCYC:G7587,GeneID:947535",,yqiI,Gene,,,,,yqiI,protein_coding,ECK3037,b3048,,,,,,,,,,
NC_000913.3,RefSeq,gene,3191739,3191939,,-,,201,gene-b3049,"ECOCYC:EG11381,GeneID:947533",,glgS,Gene,,,,,glgS,protein_coding,"ECK3038,scoR",b3049,,,,,,,,,,
NC_000913.3,RefSeq,gene,3192208,3192837,,+,,630,gene-b3050,"ECOCYC:G7588,GeneID:947530",,yqiJ,Gene,,,,,yqiJ,protein_coding,ECK3039,b3050,,,,,,,,,,
NC_000913.3,RefSeq,gene,3192864,3194525,,+,,1662,gene-b3051,"ECOCYC:G7589,GeneID:947537",,yqiK,Gene,,,,,yqiK,protein_coding,ECK3040,b3051,,,,,,,,,,
NC_000913.3,RefSeq,gene,3194721,3194865,,-,,145,gene-b4447,"ECOCYC:G0-8913,GeneID:2847684",,sibD,Gene,,,,,sibD,ncRNA,"C0730,ECK3041,IS156,QUAD1d,rygD,tp8",b4447,,,,,,,,,,
NC_000913.3,RefSeq,gene,3194766,3194825,,+,,60,gene-b4664,"ECOCYC:G0-10630,GeneID:7751628",,ibsD,Gene,,,,,ibsD,protein_coding,ECK4479,b4664,,,,,,,,,,
NC_000913.3,RefSeq,gene,3195097,3195240,,-,,144,gene-b4611,"ECOCYC:G0-10602,GeneID:5061520",,sibE,Gene,,,,,sibE,ncRNA,"ECK4420,QUAD1e,rygE",b4611,,,,,,,,,,
NC_000913.3,RefSeq,gene,3195141,3195200,,+,,60,gene-b4666,"ECOCYC:G0-10629,GeneID:7751629",,ibsE,Gene,,,,,ibsE,protein_coding,ECK4481,b4666,,,,,,,,,,
NC_000913.3,RefSeq,gene,3195320,3196753,,-,,1434,gene-b3052,"ECOCYC:G7590,GeneID:947548",,hldE,Gene,,,,,hldE,protein_coding,"ECK3042,gmhC,rfaE,waaE,yqiF",b3052,,,,,,,,,,
NC_000913.3,RefSeq,gene,3196801,3199641,,-,,2841,gene-b3053,"ECOCYC:EG11602,GeneID:947552",,glnE,Gene,,,,,glnE,protein_coding,ECK3043,b3053,,,,,,,,,,
NC_000913.3,RefSeq,gene,3199664,3200965,,-,,1302,gene-b3054,"ECOCYC:EG11603,GeneID:947554",,ygiF,Gene,,,,,ygiF,protein_coding,ECK3044,b3054,,,,,,,,,,
NC_000913.3,RefSeq,gene,3201207,3201827,,+,,621,gene-b3055,"ECOCYC:EG12434,GeneID:947555",,ygiM,Gene,,,,,ygiM,protein_coding,"ecfG,ECK3045,htrG",b3055,,,,,,,,,,
NC_000913.3,RefSeq,gene,3201891,3203129,,+,,1239,gene-b3056,"ECOCYC:EG10136,GeneID:947553",,cca,Gene,,,,,cca,protein_coding,ECK3046,b3056,,,,,,,,,,
NC_000913.3,RefSeq,gene,3203310,3204131,,-,,822,gene-b3057,"ECOCYC:EG11665,GeneID:947551",,bacA,Gene,,,,,bacA,protein_coding,"ECK3047,uppP",b3057,,,,,,,,,,
NC_000913.3,RefSeq,gene,3204221,3204589,,-,,369,gene-b3058,"ECOCYC:EG11673,GeneID:947544",,folB,Gene,,,,,folB,protein_coding,"ECK3048,ygiG",b3058,,,,,,,,,,
NC_000913.3,RefSeq,gene,3204694,3205311,,+,,618,gene-b3059,"ECOCYC:EG11674,GeneID:947561",,plsY,Gene,,,,,plsY,protein_coding,"ECK3049,ygiH",b3059,,,,,,,,,,
NC_000913.3,RefSeq,gene,3205324,3206256,,-,,933,gene-b3060,"ECOCYC:EG12694,GeneID:947562",,ttdR,Gene,,,,,ttdR,protein_coding,"dan,ECK3050,ygiP",b3060,,,,,,,,,,
NC_000913.3,RefSeq,gene,3206463,3207374,,+,,912,gene-b3061,"ECOCYC:EG11168,GeneID:947565",,ttdA,Gene,,,,,ttdA,protein_coding,"ECK3051,ygjA",b3061,,,,,,,,,,
NC_000913.3,RefSeq,gene,3207371,3207976,,+,,606,gene-b3062,"ECOCYC:EG11169,GeneID:947568",,ttdB,Gene,,,,,ttdB,protein_coding,"ECK3052,ygjB",b3062,,,,,,,,,,
NC_000913.3,RefSeq,gene,3208024,3209487,,+,,1464,gene-b3063,"ECOCYC:EG12393,GeneID:947576",,ttdT,Gene,,,,,ttdT,protein_coding,"ECK3053,ygjC,ygjE",b3063,,,,,,,,,,
NC_000913.3,RefSeq,gene,3209530,3210543,,-,,1014,gene-b3064,"ECOCYC:EG11171,GeneID:947578",,tsaD,Gene,,,,,tsaD,protein_coding,"ECK3054,gcp,ygjD",b3064,,,,,,,,,,
NC_000913.3,RefSeq,gene,3210781,3210996,,+,,216,gene-b3065,"ECOCYC:EG10920,GeneID:947577",,rpsU,Gene,,,,,rpsU,protein_coding,ECK3055,b3065,,,,,,,,,,
NC_000913.3,RefSeq,gene,3211107,3212852,,+,,1746,gene-b3066,"ECOCYC:EG10239,GeneID:947570",,dnaG,Gene,,,,,dnaG,protein_coding,"dnaP,ECK3056,parB,sdgA",b3066,,,,,,,,,,
NC_000913.3,RefSeq,gene,3213047,3214888,,+,,1842,gene-b3067,"ECOCYC:EG10896,GeneID:947567",,rpoD,Gene,,,,,rpoD,protein_coding,"alt,ECK3057",b3067,,,,,,,,,,
NC_000913.3,RefSeq,gene,3214967,3215473,,-,,507,gene-b3068,"ECOCYC:EG12717,GeneID:947560",,mug,Gene,,,,,mug,protein_coding,"ECK3058,ygjF",b3068,,,,,,,,,,
NC_000913.3,RefSeq,gene,3215598,3215673,,+,,76,gene-b3069,"ECOCYC:EG30046,GeneID:947558",,ileX,Gene,,,,,ileX,tRNA,ECK3059,b3069,,,,,,,,,,
NC_000913.3,RefSeq,gene,3215727,3216491,,-,,765,gene-b3070,"ECOCYC:G7593,GeneID:947582",,nfeF,Gene,,,,,nfeF,protein_coding,"ECK3060,yqjH",b3070,,,,,,,,,,
NC_000913.3,RefSeq,gene,3216779,3217402,,+,,624,gene-b3071,"ECOCYC:G7594,GeneID:947584",,nfeR,Gene,,,,,nfeR,protein_coding,"ECK3061,yqjI",b3071,,,,,,,,,,
NC_000913.3,RefSeq,gene,3217556,3219076,,-,,1521,gene-b3072,"ECOCYC:G7595,GeneID:945301",,aer,Gene,,,,,aer,protein_coding,"air,ECK3062,yqjJ",b3072,,,,,,,,,,
NC_000913.3,RefSeq,gene,3219494,3220873,,+,,1380,gene-b3073,"ECOCYC:G7596,GeneID:947120",,patA,Gene,,,,,patA,protein_coding,"ECK3063,oat,pat,ygjG",b3073,,,,,,,,,,
NC_000913.3,RefSeq,gene,3220915,3221247,,-,,333,gene-b3074,"ECOCYC:G7597,GeneID:946251",,ygjH,Gene,,,,,ygjH,protein_coding,ECK3064,b3074,,,,,,,,,,
NC_000913.3,RefSeq,gene,3221466,3222449,,+,,984,gene-b3075,"ECOCYC:EG10254,GeneID:947586",,ebgR,Gene,,,,,ebgR,protein_coding,ECK3065,b3075,,,,,,,,,,
NC_000913.3,RefSeq,gene,3222633,3225725,,+,,3093,gene-b3076,"ECOCYC:EG10252,GeneID:947583",,ebgA,Gene,,,,,ebgA,protein_coding,ECK3066,b3076,,,,,,,,,,
NC_000913.3,RefSeq,gene,3225722,3226171,,+,,450,gene-b3077,"ECOCYC:EG10253,GeneID:947581",,ebgC,Gene,,,,,ebgC,protein_coding,ECK3067,b3077,,,,,,,,,,
NC_000913.3,RefSeq,gene,3226234,3227667,,+,,1434,gene-b3078,"ECOCYC:EG12720,GeneID:947579",,ygjI,Gene,,,,,ygjI,protein_coding,ECK3068,b3078,,,,,,,,,,
NC_000913.3,RefSeq,gene,3227801,3228871,,+,,1071,gene-b3079,"ECOCYC:G7598,GeneID:947597",,ygjJ,Gene,,,,,ygjJ,protein_coding,ECK3069,b3079,,,,,,,,,,
NC_000913.3,RefSeq,gene,3228888,3231239,,+,,2352,gene-b3080,"ECOCYC:G7599,GeneID:947596",,ygjK,Gene,,,,,ygjK,protein_coding,ECK3070,b3080,,,,,,,,,,
NC_000913.3,RefSeq,gene,3231665,3233683,,+,,2019,gene-b3081,"ECOCYC:G36,GeneID:947594",,fadH,Gene,,,,,fadH,protein_coding,"ECK3071,ygjL",b3081,,,,,,,,,,
NC_000913.3,RefSeq,gene,3233728,3234144,,-,,417,gene-b3082,"ECOCYC:G7601,GeneID:947593",,higA,Gene,,,,,higA,protein_coding,"ECK3072,ygjM",b3082,,,,,,,,,,
NC_000913.3,RefSeq,gene,3234141,3234455,,-,,315,gene-b3083,"ECOCYC:G7602,GeneID:947591",,higB,Gene,,,,,higB,protein_coding,"ECK3073,ygjN",b3083,,,,,,,,,,
NC_000913.3,RefSeq,gene,3234739,3235875,,-,,1137,gene-b3084,"ECOCYC:G7603,GeneID:947589",,rlmG,Gene,,,,,rlmG,protein_coding,"ECK3074,ygjO",b3084,,,,,,,,,,
NC_000913.3,RefSeq,gene,3235960,3236463,,+,,504,gene-b3085,"ECOCYC:G7604,GeneID:947650",,ygjP,Gene,,,,,ygjP,protein_coding,ECK3075,b3085,,,,,,,,,,
NC_000913.3,RefSeq,gene,3236540,3237232,,+,,693,gene-b3086,"ECOCYC:G7605,GeneID:947598",,ygjQ,Gene,,,,,ygjQ,protein_coding,ECK3076,b3086,,,,,,,,,,
NC_000913.3,RefSeq,gene,3237311,3238297,,+,,987,gene-b3087,"ECOCYC:G7606,GeneID:947600",,ygjR,Gene,,,,,ygjR,protein_coding,ECK3077,b3087,,,,,,,,,,
NC_000913.3,RefSeq,gene,3238580,3239545,,+,,966,gene-b3088,"ECOCYC:G7607,GeneID:947607",,alx,Gene,,,,,alx,protein_coding,"ECK3079,ygjT",b3088,,,,,,,,,,
NC_000913.3,RefSeq,gene,3239944,3241188,,+,,1245,gene-b3089,"ECOCYC:EG12732,GeneID:947605",,sstT,Gene,,,,,sstT,protein_coding,"ECK3080,ygjU",b3089,,,,,,,,,,
NC_000913.3,RefSeq,gene,3241193,3241744,,-,,552,gene-b3090,"ECOCYC:G7608,GeneID:947604",,ygjV,Gene,,,,,ygjV,protein_coding,ECK3081,b3090,,,,,,,,,,
NC_000913.3,RefSeq,gene,3241827,3243314,,-,,1488,gene-b3091,"ECOCYC:EG12734,GeneID:947603",,uxaA,Gene,,,,,uxaA,protein_coding,"ECK3082,ygjW",b3091,,,,,,,,,,
NC_000913.3,RefSeq,gene,3243329,3244741,,-,,1413,gene-b3092,"ECOCYC:G81,GeneID:947599",,uxaC,Gene,,,,,uxaC,protein_coding,"ECK3083,ygjX,ygjY,ygjZ",b3092,,,,,,,,,,
NC_000913.3,RefSeq,gene,3245224,3246522,,+,,1299,gene-b3093,"ECOCYC:EG12738,GeneID:947601",,exuT,Gene,,,,,exuT,protein_coding,ECK3084,b3093,,,,,,,,,,
NC_000913.3,RefSeq,gene,3246652,3247428,,+,,777,gene-b3094,"ECOCYC:EG12739,GeneID:947602",,exuR,Gene,,,,,exuR,protein_coding,ECK3085,b3094,,,,,,,,,,
NC_000913.3,RefSeq,gene,3247668,3247751,,+,,84,gene-b4787,"ECOCYC:G0-17033,GeneID:63925650",,yqiM,Gene,,,,,yqiM,protein_coding,ECK4644,b4787,,,,,,,,,,
NC_000913.3,RefSeq,gene,3247773,3248435,,+,,663,gene-b3095,"ECOCYC:G7609,GeneID:947643",,yqjA,Gene,,,,,yqjA,protein_coding,"ecfL,ECK3086",b3095,,,,,,,,,,
NC_000913.3,RefSeq,gene,3248439,3248822,,+,,384,gene-b3096,"ECOCYC:G7610,GeneID:947619",,mzrA,Gene,,,,,mzrA,protein_coding,"ecfM,ECK3087,yqjB",b3096,,,,,,,,,,
NC_000913.3,RefSeq,gene,3248969,3249337,,+,,369,gene-b3097,"ECOCYC:G7611,GeneID:947622",,yqjC,Gene,,,,,yqjC,protein_coding,ECK3088,b3097,,,,,,,,,,
NC_000913.3,RefSeq,gene,3249375,3249680,,+,,306,gene-b3098,"ECOCYC:G7612,GeneID:947614",,yqjD,Gene,,,,,yqjD,protein_coding,ECK3089,b3098,,,,,,,,,,
NC_000913.3,RefSeq,gene,3249683,3250087,,+,,405,gene-b3099,"ECOCYC:G7613,GeneID:947611",,yqjE,Gene,,,,,yqjE,protein_coding,ECK3090,b3099,,,,,,,,,,
NC_000913.3,RefSeq,gene,3250077,3250376,,+,,300,gene-b3100,"ECOCYC:G7614,GeneID:947610",,yqjK,Gene,,,,,yqjK,protein_coding,ECK3091,b3100,,,,,,,,,,
NC_000913.3,RefSeq,gene,3250562,3250954,,+,,393,gene-b3101,"ECOCYC:G7615,GeneID:947608",,yqjF,Gene,,,,,yqjF,protein_coding,ECK3092,b3101,,,,,,,,,,
NC_000913.3,RefSeq,gene,3251024,3252010,,+,,987,gene-b3102,"ECOCYC:G7616,GeneID:947615",,yqjG,Gene,,,,,yqjG,protein_coding,ECK3093,b3102,,,,,,,,,,
NC_000913.3,RefSeq,gene,3252304,3252669,,+,,366,gene-b3103,"ECOCYC:G7617,GeneID:947617",,yhaH,Gene,,,,,yhaH,protein_coding,ECK3094,b3103,,,,,,,,,,
NC_000913.3,RefSeq,gene,3252911,3253267,,+,,357,gene-b3104,"ECOCYC:G7618,GeneID:947612",,yhaI,Gene,,,,,yhaI,protein_coding,ECK3095,b3104,,,,,,,,,,
NC_000913.3,RefSeq,gene,3253318,3254214,,-,,897,gene-b3105,"ECOCYC:G7619,GeneID:947621",,yhaJ,Gene,,,,,yhaJ,protein_coding,ECK3096,b3105,,,,,,,,,,
NC_000913.3,RefSeq,gene,3254319,3255020,,+,,702,gene-b3106,"ECOCYC:G7620,GeneID:947620",,yhaK,Gene,,,,,yhaK,protein_coding,ECK3097,b3106,,,,,,,,,,
NC_000913.3,RefSeq,gene,3255043,3255207,,+,,165,gene-b3107,"ECOCYC:G7621,GeneID:947618",,yhaL,Gene,,,,,yhaL,protein_coding,ECK3098,b3107,,,,,,,,,,
NC_000913.3,RefSeq,gene,3255341,3256651,,-,,1311,gene-b4470,"ECOCYC:G7622,GeneID:2847723",,cyuA,Gene,,,,,cyuA,protein_coding,"b3108,b3109,ECK3099,yhaM,yhaN",b4470,,,,,,,,,,
NC_000913.3,RefSeq,gene,3256679,3258010,,-,,1332,gene-b3110,"ECOCYC:EG12754,GeneID:947628",,cyuP,Gene,,,,,cyuP,protein_coding,"dlsT,ECK3100,yhaO",b3110,,,,,,,,,,
NC_000913.3,RefSeq,gene,3258285,3259649,,-,,1365,gene-b4471,"ECOCYC:G7624,GeneID:2847724",,tdcG,Gene,,,,,tdcG,protein_coding,"b3111,b3112,ECK3101,sdhY,tdcGa,yhaP,yhaQ",b4471,,,,,,,,,,
NC_000913.3,RefSeq,gene,3259721,3260110,,-,,390,gene-b3113,"ECOCYC:G7626,GeneID:947624",,tdcF,Gene,,,,,tdcF,protein_coding,"ECK3102,yhaR",b3113,,,,,,,,,,
NC_000913.3,RefSeq,gene,3260124,3262418,,-,,2295,gene-b3114,"ECOCYC:G7627,GeneID:947623",,tdcE,Gene,,,,,tdcE,protein_coding,"ECK3103,yhaS",b3114,,,,,,,,,,
NC_000913.3,RefSeq,gene,3262452,3263660,,-,,1209,gene-b3115,"ECOCYC:EG11172,GeneID:947635",,tdcD,Gene,,,,,tdcD,protein_coding,"ECK3104,yhaA",b3115,,,,,,,,,,
NC_000913.3,RefSeq,gene,3263686,3265017,,-,,1332,gene-b3116,"ECOCYC:EG10991,GeneID:947629",,tdcC,Gene,,,,,tdcC,protein_coding,ECK3105,b3116,,,,,,,,,,
NC_000913.3,RefSeq,gene,3265039,3266028,,-,,990,gene-b3117,"ECOCYC:EG10990,GeneID:947633",,tdcB,Gene,,,,,tdcB,protein_coding,"ECK3106,tdc",b3117,,,,,,,,,,
NC_000913.3,RefSeq,gene,3266127,3267065,,-,,939,gene-b3118,"ECOCYC:EG10989,GeneID:947494",,tdcA,Gene,,,,,tdcA,protein_coding,ECK3107,b3118,,,,,,,,,,
NC_000913.3,RefSeq,gene,3267380,3267598,,+,,219,gene-b3119,"ECOCYC:EG10992,GeneID:944907",,tdcR,Gene,,,,,tdcR,protein_coding,ECK3108,b3119,,,,,,,,,,
NC_000913.3,RefSeq,gene,3267854,3268393,,+,,540,gene-b3120,"ECOCYC:EG11173,GeneID:947705",,yhaB,Gene,,,,,yhaB,protein_coding,ECK3109,b3120,,,,,,,,,,
NC_000913.3,RefSeq,gene,3268415,3269602,,+,,1188,gene-b3121,"ECOCYC:EG11174,GeneID:947557",,yhaC,Gene,,,,,yhaC,protein_coding,ECK3110,b3121,,,,,,,,,,
NC_000913.3,RefSeq,gene,3270216,3270592,,-,,377,gene-b3123,"ECOCYC:EG30069,GeneID:947634",,rnpB,Gene,,,,,rnpB,ncRNA,ECK3111,b3123,,,,,,,,,,
NC_000913.3,RefSeq,gene,3270625,3271770,,-,,1146,gene-b3124,"ECOCYC:EG11175,GeneID:947632",,garK,Gene,,,,,garK,protein_coding,"ECK3112,yhaD",b3124,,,,,,,,,,
NC_000913.3,RefSeq,gene,3271867,3272751,,-,,885,gene-b3125,"ECOCYC:EG11176,GeneID:947631",,garR,Gene,,,,,garR,protein_coding,"ECK3113,yhaE",b3125,,,,,,,,,,
NC_000913.3,RefSeq,gene,3272787,3273557,,-,,771,gene-b3126,"ECOCYC:EG10016,GeneID:947630",,garL,Gene,,,,,garL,protein_coding,"ECK3114,yhaF",b3126,,,,,,,,,,
NC_000913.3,RefSeq,gene,3273573,3274907,,-,,1335,gene-b3127,"ECOCYC:EG12760,GeneID:947642",,garP,Gene,,,,,garP,protein_coding,"ECK3115,yhaU",b3127,,,,,,,,,,
NC_000913.3,RefSeq,gene,3275282,3276853,,+,,1572,gene-b3128,"ECOCYC:EG12522,GeneID:947641",,garD,Gene,,,,,garD,protein_coding,"ECK3116,yhaG",b3128,,,,,,,,,,
NC_000913.3,RefSeq,gene,3277002,3277337,,+,,336,gene-b3129,"ECOCYC:EG10955,GeneID:947639",,prlF,Gene,,,,,prlF,protein_coding,"ECK3117,prlFA,sohA",b3129,,,,,,,,,,
NC_000913.3,RefSeq,gene,3277337,3277801,,+,,465,gene-b3130,"ECOCYC:G7629,GeneID:947638",,yhaV,Gene,,,,,yhaV,protein_coding,ECK3118,b3130,,,,,,,,,,
NC_000913.3,RefSeq,gene,3277856,3278665,,-,,810,gene-b3131,"ECOCYC:G7630,GeneID:947636",,agaR,Gene,,,,,agaR,protein_coding,"ECK3119,yhaW",b3131,,,,,,,,,,
NC_000913.3,RefSeq,gene,3278914,3280194,,+,,1281,gene-b3132,"ECOCYC:G7631,GeneID:947637",,kbaZ,Gene,,,,,kbaZ,protein_coding,"agaZ,ECK3120,yhaX",b3132,,,,,,,,,,
NC_000913.3,RefSeq,gene,3280217,3280690,,+,,474,gene-b3133,"ECOCYC:G7632,GeneID:947648",,agaV,Gene,,,,,agaV,protein_coding,"ECK3121,yhaY",b3133,,,,,,,,,,
NC_000913.3,RefSeq,gene,3281976,3283130,,+,,1155,gene-b3136,"ECOCYC:G7634,GeneID:947645",,agaS,Gene,,,,,agaS,protein_coding,"ECK3124,yraB",b3136,,,,,,,,,,
NC_000913.3,RefSeq,gene,3283143,3284003,,+,,861,gene-b3137,"ECOCYC:EG12768,GeneID:947644",,kbaY,Gene,,,,,kbaY,protein_coding,"agaY,ECK3125,kba,yraC",b3137,,,,,,,,,,
NC_000913.3,RefSeq,gene,3284170,3284646,,+,,477,gene-b3138,"ECOCYC:EG12769,GeneID:947653",,agaB,Gene,,,,,agaB,protein_coding,"ECK3126,yraD",b3138,,,,,,,,,,
NC_000913.3,RefSeq,gene,3284685,3285488,,+,,804,gene-b3139,"ECOCYC:EG12770,GeneID:947652",,agaC,Gene,,,,,agaC,protein_coding,"ECK3127,yraE",b3139,,,,,,,,,,
NC_000913.3,RefSeq,gene,3285478,3286269,,+,,792,gene-b3140,"ECOCYC:G7635,GeneID:947649",,agaD,Gene,,,,,agaD,protein_coding,"ECK3128,yraF",b3140,,,,,,,,,,
NC_000913.3,RefSeq,gene,3286270,3287025,,+,,756,gene-b3141,"ECOCYC:G7636,GeneID:947985",,agaI,Gene,,,,,agaI,protein_coding,"ECK3129,yraG",b3141,,,,,,,,,,
NC_000913.3,RefSeq,gene,3287426,3288010,,+,,585,gene-b3142,"ECOCYC:G7637,GeneID:947658",,yraH,Gene,,,,,yraH,protein_coding,ECK3130,b3142,,,,,,,,,,
NC_000913.3,RefSeq,gene,3288090,3288785,,+,,696,gene-b3143,"ECOCYC:G7638,GeneID:947657",,yraI,Gene,,,,,yraI,protein_coding,ECK3131,b3143,,,,,,,,,,
NC_000913.3,RefSeq,gene,3288814,3291330,,+,,2517,gene-b3144,"ECOCYC:G7639,GeneID:947656",,yraJ,Gene,,,,,yraJ,protein_coding,ECK3132,b3144,,,,,,,,,,
NC_000913.3,RefSeq,gene,3291341,3292432,,+,,1092,gene-b3145,"ECOCYC:G7640,GeneID:947654",,yraK,Gene,,,,,yraK,protein_coding,ECK3133,b3145,,,,,,,,,,
NC_000913.3,RefSeq,gene,3292475,3293335,,-,,861,gene-b3146,"ECOCYC:G7641,GeneID:947664",,rsmI,Gene,,,,,rsmI,protein_coding,"ECK3134,yraL",b3146,,,,,,,,,,
NC_000913.3,RefSeq,gene,3293400,3295436,,+,,2037,gene-b3147,"ECOCYC:G7642,GeneID:947663",,lpoA,Gene,,,,,lpoA,protein_coding,"ECK3135,yraM",b3147,,,,,,,,,,
NC_000913.3,RefSeq,gene,3295394,3295789,,+,,396,gene-b3148,"ECOCYC:G7643,GeneID:947662",,yraN,Gene,,,,,yraN,protein_coding,ECK3136,b3148,,,,,,,,,,
NC_000913.3,RefSeq,gene,3295809,3296399,,+,,591,gene-b3149,"ECOCYC:EG12780,GeneID:947661",,diaA,Gene,,,,,diaA,protein_coding,"ECK3137,yraO",b3149,,,,,,,,,,
NC_000913.3,RefSeq,gene,3296409,3296984,,+,,576,gene-b3150,"ECOCYC:G7644,GeneID:947659",,dolP,Gene,,,,,dolP,protein_coding,"ecfH,ECK3138,yraP",b3150,,,,,,,,,,
NC_000913.3,RefSeq,gene,3297098,3298138,,-,,1041,gene-b3151,"ECOCYC:G7645,GeneID:947668",,yraQ,Gene,,,,,yraQ,protein_coding,ECK3139,b3151,,,,,,,,,,
NC_000913.3,RefSeq,gene,3298211,3298846,,-,,636,gene-b3152,"ECOCYC:G7646,GeneID:947667",,yraR,Gene,,,,,yraR,protein_coding,ECK3140,b3152,,,,,,,,,,
NC_000913.3,RefSeq,gene,3298974,3299492,,+,,519,gene-b3153,"ECOCYC:G7647,GeneID:947666",,yhbO,Gene,,,,,yhbO,protein_coding,ECK3141,b3153,,,,,,,,,,
NC_000913.3,RefSeq,gene,3299472,3299915,,-,,444,gene-b3154,"ECOCYC:G7648,GeneID:947665",,yhbP,Gene,,,,,yhbP,protein_coding,ECK3142,b3154,,,,,,,,,,
NC_000913.3,RefSeq,gene,3299966,3300268,,+,,303,gene-b3155,"ECOCYC:G7649,GeneID:947671",,yhbQ,Gene,,,,,yhbQ,protein_coding,ECK3143,b3155,,,,,,,,,,
NC_000913.3,RefSeq,gene,3300255,3300758,,-,,504,gene-b3156,"ECOCYC:G7650,GeneID:947670",,yhbS,Gene,,,,,yhbS,protein_coding,ECK3144,b3156,,,,,,,,,,
NC_000913.3,RefSeq,gene,3300752,3301276,,-,,525,gene-b3157,"ECOCYC:G7651,GeneID:947669",,ubiT,Gene,,,,,ubiT,protein_coding,"ECK3145,yhbT",b3157,,,,,,,,,,
NC_000913.3,RefSeq,gene,3301485,3302480,,+,,996,gene-b3158,"ECOCYC:G7652,GeneID:949115",,ubiU,Gene,,,,,ubiU,protein_coding,"ECK3146,yhbU",b3158,,,,,,,,,,
NC_000913.3,RefSeq,gene,3302489,3303367,,+,,879,gene-b3159,"ECOCYC:G7653,GeneID:949117",,ubiV,Gene,,,,,ubiV,protein_coding,"ECK3147,yhbV",b3159,,,,,,,,,,
NC_000913.3,RefSeq,gene,3303448,3304455,,+,,1008,gene-b3160,"ECOCYC:G7654,GeneID:947677",,yhbW,Gene,,,,,yhbW,protein_coding,ECK3148,b3160,,,,,,,,,,
NC_000913.3,RefSeq,gene,3304573,3305817,,-,,1245,gene-b3161,"ECOCYC:EG10617,GeneID:947675",,mtr,Gene,,,,,mtr,protein_coding,ECK3149,b3161,,,,,,,,,,
NC_000913.3,RefSeq,gene,3305971,3307860,,-,,1890,gene-b3162,"ECOCYC:EG10215,GeneID:947674",,deaD,Gene,,,,,deaD,protein_coding,"csdA,ECK3150,mssB,rhlD",b3162,,,,,,,,,,
NC_000913.3,RefSeq,gene,3307853,3307933,,-,,81,gene-b4685,"ECOCYC:G0-10651,GeneID:7751619",,yrbN,Gene,,,,,yrbN,protein_coding,ECK4500,b4685,,,,,,,,,,
NC_000913.3,RefSeq,gene,3308040,3308924,,-,,885,gene-b3163,"ECOCYC:EG12371,GeneID:947673",,nlpI,Gene,,,,,nlpI,protein_coding,"ECK3151,yhbM",b3163,,,,,,,,,,
NC_000913.3,RefSeq,gene,3309033,3311168,,-,,2136,gene-b3164,"ECOCYC:EG10743,GeneID:947672",,pnp,Gene,,,,,pnp,protein_coding,"bfl,ECK3152",b3164,,,,,,,,,,
NC_000913.3,RefSeq,gene,3311183,3311398,,+,,216,gene-b4449,"ECOCYC:G0-8870,GeneID:2847685",,sraG,Gene,,,,,sraG,ncRNA,"ECK3153,p3,psrA15,psrO",b4449,,,,,,,,,,
NC_000913.3,RefSeq,gene,3311415,3311684,,-,,270,gene-b3165,"ECOCYC:EG10914,GeneID:947686",,rpsO,Gene,,,,,rpsO,protein_coding,"ECK3154,secC",b3165,,,,,,,,,,
NC_000913.3,RefSeq,gene,3311833,3312777,,-,,945,gene-b3166,"ECOCYC:EG11177,GeneID:947687",,truB,Gene,,,,,truB,protein_coding,"ECK3155,yhbA",b3166,,,,,,,,,,
NC_000913.3,RefSeq,gene,3312777,3313178,,-,,402,gene-b3167,"ECOCYC:EG11178,GeneID:947685",,rbfA,Gene,,,,,rbfA,protein_coding,"ECK3156,sdr-43,yhbB",b3167,,,,,,,,,,
NC_000913.3,RefSeq,gene,3313342,3316014,,-,,2673,gene-b3168,"ECOCYC:EG10505,GeneID:947684",,infB,Gene,,,,,infB,protein_coding,"ECK3157,ssyG",b3168,,,,,,,,,,
NC_000913.3,RefSeq,gene,3316039,3317526,,-,,1488,gene-b3169,"ECOCYC:EG10665,GeneID:947682",,nusA,Gene,,,,,nusA,protein_coding,ECK3158,b3169,,,,,,,,,,
NC_000913.3,RefSeq,gene,3317554,3318006,,-,,453,gene-b3170,"ECOCYC:EG11179,GeneID:947680",,rimP,Gene,,,,,rimP,protein_coding,"ECK3159,yhbC",b3170,,,,,,,,,,
NC_000913.3,RefSeq,gene,3318213,3318289,,-,,77,gene-b3171,"ECOCYC:EG30061,GeneID:947678",,metY,Gene,,,,,metY,tRNA,ECK3160,b3171,,,,,,,,,,
NC_000913.3,RefSeq,gene,3318637,3319980,,+,,1344,gene-b3172,"ECOCYC:EG10068,GeneID:947590",,argG,Gene,,,,,argG,protein_coding,ECK3161,b3172,,,,,,,,,,
NC_000913.3,RefSeq,gene,3319988,3321613,,-,,1626,gene-b3173,"ECOCYC:G7655,GeneID:947711",,yhbX,Gene,,,,,yhbX,protein_coding,ECK3162,b3173,,,,,,,,,,
NC_000913.3,RefSeq,gene,3322072,3322158,,-,,87,gene-b3174,"ECOCYC:EG30050,GeneID:947505",,leuU,Gene,,,,,leuU,tRNA,ECK3163,b3174,,,,,,,,,,
NC_000913.3,RefSeq,gene,3322173,3322505,,-,,333,gene-b3175,"ECOCYC:EG12095,GeneID:947720",,secG,Gene,,,,,secG,protein_coding,"ECK3164,prlH",b3175,,,,,,,,,,
NC_000913.3,RefSeq,gene,3322733,3324070,,-,,1338,gene-b3176,"ECOCYC:EG11553,GeneID:947692",,glmM,Gene,,,,,glmM,protein_coding,"ECK3165,mrsA,yhbF",b3176,,,,,,,,,,
NC_000913.3,RefSeq,gene,3324063,3324911,,-,,849,gene-b3177,"ECOCYC:EG50011,GeneID:947691",,folP,Gene,,,,,folP,protein_coding,"dhpS,ECK3166",b3177,,,,,,,,,,
NC_000913.3,RefSeq,gene,3325001,3326935,,-,,1935,gene-b3178,"ECOCYC:EG11506,GeneID:947690",,ftsH,Gene,,,,,ftsH,protein_coding,"ECK3167,hflB,mrsC,std,tolZ",b3178,,,,,,,,,,
NC_000913.3,RefSeq,gene,3327035,3327664,,-,,630,gene-b3179,"ECOCYC:EG11507,GeneID:947689",,rlmE,Gene,,,,,rlmE,protein_coding,"ECK3168,ftsJ,mrsF,rrmJ",b3179,,,,,,,,,,
NC_000913.3,RefSeq,gene,3327790,3328083,,+,,294,gene-b3180,"ECOCYC:EG12794,GeneID:947688",,yhbY,Gene,,,,,yhbY,protein_coding,ECK3169,b3180,,,,,,,,,,
NC_000913.3,RefSeq,gene,3328239,3328715,,-,,477,gene-b3181,"ECOCYC:EG10415,GeneID:947696",,greA,Gene,,,,,greA,protein_coding,ECK3170,b3181,,,,,,,,,,
NC_000913.3,RefSeq,gene,3328963,3330396,,+,,1434,gene-b3182,"ECOCYC:EG10202,GeneID:947693",,dacB,Gene,,,,,dacB,protein_coding,ECK3171,b3182,,,,,,,,,,
NC_000913.3,RefSeq,gene,3330582,3331754,,-,,1173,gene-b3183,"ECOCYC:G7656,GeneID:947694",,obgE,Gene,,,,,obgE,protein_coding,"cgtA,ECK3172,obg,yhbZ",b3183,,,,,,,,,,
NC_000913.3,RefSeq,gene,3331770,3332735,,-,,966,gene-b3184,"ECOCYC:EG11499,GeneID:947699",,yhbE,Gene,,,,,yhbE,protein_coding,ECK3173,b3184,,,,,,,,,,
NC_000913.3,RefSeq,gene,3332862,3333119,,-,,258,gene-b3185,"ECOCYC:EG50002,GeneID:945190",,rpmA,Gene,,,,,rpmA,protein_coding,"ECK3174,rpz",b3185,,,,,,,,,,
NC_000913.3,RefSeq,gene,3333140,3333451,,-,,312,gene-b3186,"ECOCYC:EG50001,GeneID:949057",,rplU,Gene,,,,,rplU,protein_coding,ECK3175,b3186,,,,,,,,,,
NC_000913.3,RefSeq,gene,3333710,3334681,,+,,972,gene-b3187,"ECOCYC:EG10017,GeneID:947364",,ispB,Gene,,,,,ispB,protein_coding,"cel,ECK3176,yhbD",b3187,,,,,,,,,,
NC_000913.3,RefSeq,gene,3334909,3335187,,+,,279,gene-b3188,"ECOCYC:EG10656,GeneID:947960",,sfsB,Gene,,,,,sfsB,protein_coding,"ECK3177,nlp,sfs7",b3188,,,,,,,,,,
NC_000913.3,RefSeq,gene,3335235,3336494,,-,,1260,gene-b3189,"ECOCYC:EG11358,GeneID:947703",,murA,Gene,,,,,murA,protein_coding,"ECK3178,mrbA,murZ",b3189,,,,,,,,,,
NC_000913.3,RefSeq,gene,3336549,3336803,,-,,255,gene-b3190,"ECOCYC:G7657,GeneID:947958",,ibaG,Gene,,,,,ibaG,protein_coding,"ECK3179,yrbA",b3190,,,,,,,,,,
NC_000913.3,RefSeq,gene,3336963,3337256,,-,,294,gene-b3191,"ECOCYC:G7658,GeneID:947954",,mlaB,Gene,,,,,mlaB,protein_coding,"ECK3180,yrbB",b3191,,,,,,,,,,
NC_000913.3,RefSeq,gene,3337256,3337891,,-,,636,gene-b3192,"ECOCYC:G7659,GeneID:947710",,mlaC,Gene,,,,,mlaC,protein_coding,"ECK3181,yrbC",b3192,,,,,,,,,,
NC_000913.3,RefSeq,gene,3337910,3338461,,-,,552,gene-b3193,"ECOCYC:EG12799,GeneID:947712",,mlaD,Gene,,,,,mlaD,protein_coding,"ECK3182,yrbD",b3193,,,,,,,,,,
NC_000913.3,RefSeq,gene,3338466,3339248,,-,,783,gene-b3194,"ECOCYC:EG12800,GeneID:947732",,mlaE,Gene,,,,,mlaE,protein_coding,"ECK3183,yrbE",b3194,,,,,,,,,,
NC_000913.3,RefSeq,gene,3339256,3340065,,-,,810,gene-b3195,"ECOCYC:EG12801,GeneID:947729",,mlaF,Gene,,,,,mlaF,protein_coding,"ECK3184,yrbF",b3195,,,,,,,,,,
NC_000913.3,RefSeq,gene,3340275,3341252,,+,,978,gene-b3196,"ECOCYC:EG12802,GeneID:947730",,yrbG,Gene,,,,,yrbG,protein_coding,ECK3185,b3196,,,,,,,,,,
NC_000913.3,RefSeq,gene,3341266,3342252,,+,,987,gene-b3197,"ECOCYC:G7662,GeneID:947734",,kdsD,Gene,,,,,kdsD,protein_coding,"ECK3186,yrbH",b3197,,,,,,,,,,
NC_000913.3,RefSeq,gene,3342273,3342839,,+,,567,gene-b3198,"ECOCYC:G7663,GeneID:947717",,kdsC,Gene,,,,,kdsC,protein_coding,"ECK3187,yrbI,yrbJ",b3198,,,,,,,,,,
NC_000913.3,RefSeq,gene,3342836,3343411,,+,,576,gene-b3199,"ECOCYC:G7664,GeneID:947722",,lptC,Gene,,,,,lptC,protein_coding,"ECK3188,yrbK",b3199,,,,,,,,,,
NC_000913.3,RefSeq,gene,3343380,3343937,,+,,558,gene-b3200,"ECOCYC:G7665,GeneID:947920",,lptA,Gene,,,,,lptA,protein_coding,"ECK3189,yhbN",b3200,,,,,,,,,,
NC_000913.3,RefSeq,gene,3343944,3344669,,+,,726,gene-b3201,"ECOCYC:EG11680,GeneID:947725",,lptB,Gene,,,,,lptB,protein_coding,"ECK3190,yhbG",b3201,,,,,,,,,,
NC_000913.3,RefSeq,gene,3344717,3346150,,+,,1434,gene-b3202,"ECOCYC:EG10898,GeneID:947714",,rpoN,Gene,,,,,rpoN,protein_coding,"ECK3191,glnF,ntrA",b3202,,,,,,,,,,
NC_000913.3,RefSeq,gene,3346173,3346460,,+,,288,gene-b3203,"ECOCYC:EG11681,GeneID:947718",,hpf,Gene,,,,,hpf,protein_coding,"ECK3192,yhbH",b3203,,,,,,,,,,
NC_000913.3,RefSeq,gene,3346578,3347069,,+,,492,gene-b3204,"ECOCYC:EG11682,GeneID:947721",,ptsN,Gene,,,,,ptsN,protein_coding,"ECK3193,rpoP,yhbI",b3204,,,,,,,,,,
NC_000913.3,RefSeq,gene,3347115,3347969,,+,,855,gene-b3205,"ECOCYC:EG12146,GeneID:947727",,rapZ,Gene,,,,,rapZ,protein_coding,"ECK3194,yhbJ",b3205,,,,,,,,,,
NC_000913.3,RefSeq,gene,3347966,3348238,,+,,273,gene-b3206,"ECOCYC:EG12147,GeneID:947914",,npr,Gene,,,,,npr,protein_coding,"ECK3195,ptsO,rpoR,yhbK",b3206,,,,,,,,,,
NC_000913.3,RefSeq,gene,3348452,3349084,,+,,633,gene-b3207,"ECOCYC:G7667,GeneID:947910",,yrbL,Gene,,,,,yrbL,protein_coding,ECK3196,b3207,,,,,,,,,,
NC_000913.3,RefSeq,gene,3349081,3349809,,-,,729,gene-b3208,"ECOCYC:G7668,GeneID:947728",,mtgA,Gene,,,,,mtgA,protein_coding,"ECK3197,mgt,yrbM",b3208,,,,,,,,,,
NC_000913.3,RefSeq,gene,3349806,3350459,,-,,654,gene-b3209,"ECOCYC:EG11383,GeneID:947903",,elbB,Gene,,,,,elbB,protein_coding,"ECK3198,elb2,s27a,yhbL,yzzB",b3209,,,,,,,,,,
NC_000913.3,RefSeq,gene,3350577,3350697,,+,,121,gene-b4450,"ECOCYC:G0-8871,GeneID:2847690",,arcZ,Gene,,,,,arcZ,ncRNA,"ECK3199,psrA16,ryhA,sraH",b4450,,,,,,,,,,
NC_000913.3,RefSeq,gene,3350689,3353025,,-,,2337,gene-b3210,"ECOCYC:EG10062,GeneID:947887",,arcB,Gene,,,,,arcB,protein_coding,ECK3200,b3210,,,,,,,,,,
NC_000913.3,RefSeq,gene,3353121,3354050,,-,,930,gene-b3211,"ECOCYC:G7669,GeneID:947733",,yhcC,Gene,,,,,yhcC,protein_coding,ECK3201,b3211,,,,,,,,,,
NC_000913.3,RefSeq,gene,3354725,3359185,,+,,4461,gene-b3212,"ECOCYC:EG10403,GeneID:947724",,gltB,Gene,,,,,gltB,protein_coding,"aspB,ECK3202,ossB,psiQ",b3212,,,,,,,,,,
NC_000913.3,RefSeq,gene,3359198,3360616,,+,,1419,gene-b3213,"ECOCYC:EG10404,GeneID:947723",,gltD,Gene,,,,,gltD,protein_coding,"aspB,ECK3203,ossB,psiQ",b3213,,,,,,,,,,
NC_000913.3,RefSeq,gene,3361176,3361940,,+,,765,gene-b3214,"ECOCYC:EG11514,GeneID:947746",,gltF,Gene,,,,,gltF,protein_coding,"ECK3204,ossB",b3214,,,,,,,,,,
NC_000913.3,RefSeq,gene,3362112,3362786,,+,,675,gene-b3215,"ECOCYC:EG11515,GeneID:947741",,yhcA,Gene,,,,,yhcA,protein_coding,ECK3205,b3215,,,,,,,,,,
NC_000913.3,RefSeq,gene,3362807,3365188,,+,,2382,gene-b3216,"ECOCYC:G7670,GeneID:947738",,yhcD,Gene,,,,,yhcD,protein_coding,ECK3206,b3216,,,,,,,,,,
NC_000913.3,RefSeq,gene,3365702,3366682,,-,,981,gene-b3218,"ECOCYC:G7672,GeneID:947743",,insH10,Gene,,,,,insH10,protein_coding,"ECK0261,trs5-10,yi52_10",b3218,,,,,,,,,,
NC_000913.3,RefSeq,gene,3366926,3367642,,+,,717,gene-b3219,"ECOCYC:G7673,GeneID:947735",,yhcF,Gene,,,,,yhcF,protein_coding,ECK3208,b3219,,,,,,,,,,
NC_000913.3,RefSeq,gene,3367827,3368954,,+,,1128,gene-b3220,"ECOCYC:G7674,GeneID:947739",,yhcG,Gene,,,,,yhcG,protein_coding,ECK3209,b3220,,,,,,,,,,
NC_000913.3,RefSeq,gene,3369014,3369478,,-,,465,gene-b3221,"ECOCYC:G7675,GeneID:947750",,nanQ,Gene,,,,,nanQ,protein_coding,"ECK3210,yhcH",b3221,,,,,,,,,,
NC_000913.3,RefSeq,gene,3369475,3370350,,-,,876,gene-b3222,"ECOCYC:G7676,GeneID:947757",,nanK,Gene,,,,,nanK,protein_coding,"ECK3211,yhcI",b3222,,,,,,,,,,
NC_000913.3,RefSeq,gene,3370347,3371036,,-,,690,gene-b3223,"ECOCYC:G7677,GeneID:947745",,nanE,Gene,,,,,nanE,protein_coding,"ECK3212,yhcJ",b3223,,,,,,,,,,
NC_000913.3,RefSeq,gene,3371084,3372574,,-,,1491,gene-b3224,"ECOCYC:G436,GeneID:947740",,nanT,Gene,,,,,nanT,protein_coding,ECK3213,b3224,,,,,,,,,,
NC_000913.3,RefSeq,gene,3372683,3373576,,-,,894,gene-b3225,"ECOCYC:EG10637,GeneID:947742",,nanA,Gene,,,,,nanA,protein_coding,ECK3214,b3225,,,,,,,,,,
NC_000913.3,RefSeq,gene,3373698,3374489,,-,,792,gene-b3226,"ECOCYC:G7678,GeneID:945468",,nanR,Gene,,,,,nanR,protein_coding,"ECK3215,yhcK",b3226,,,,,,,,,,
NC_000913.3,RefSeq,gene,3374869,3376236,,+,,1368,gene-b3227,"ECOCYC:G7679,GeneID:946575",,dcuD,Gene,,,,,dcuD,protein_coding,"ECK3216,yhcL",b3227,,,,,,,,,,
NC_000913.3,RefSeq,gene,3376279,3376776,,-,,498,gene-b3228,"ECOCYC:EG10978,GeneID:944774",,sspB,Gene,,,,,sspB,protein_coding,ECK3217,b3228,,,,,,,,,,
NC_000913.3,RefSeq,gene,3376782,3377420,,-,,639,gene-b3229,"ECOCYC:EG10977,GeneID:944744",,sspA,Gene,,,,,sspA,protein_coding,"ECK3218,pog,ssp",b3229,,,,,,,,,,
NC_000913.3,RefSeq,gene,3377815,3378207,,-,,393,gene-b3230,"ECOCYC:EG10908,GeneID:949000",,rpsI,Gene,,,,,rpsI,protein_coding,ECK3219,b3230,,,,,,,,,,
NC_000913.3,RefSeq,gene,3378223,3378651,,-,,429,gene-b3231,"ECOCYC:EG10874,GeneID:947828",,rplM,Gene,,,,,rplM,protein_coding,ECK3220,b3231,,,,,,,,,,
NC_000913.3,RefSeq,gene,3378870,3379997,,-,,1128,gene-b3232,"ECOCYC:G7680,GeneID:947821",,zapE,Gene,,,,,zapE,protein_coding,"ECK3221,yhcM",b3232,,,,,,,,,,
NC_000913.3,RefSeq,gene,3380191,3380589,,+,,399,gene-b3233,"ECOCYC:G7681,GeneID:947815",,yhcB,Gene,,,,,yhcB,protein_coding,"ECK3222,lapD,zapG",b3233,,,,,,,,,,
NC_000913.3,RefSeq,gene,3380743,3382110,,+,,1368,gene-b3234,"ECOCYC:G7682,GeneID:947812",,degQ,Gene,,,,,degQ,protein_coding,"ECK3223,hhoA",b3234,,,,,,,,,,
NC_000913.3,RefSeq,gene,3382200,3383267,,+,,1068,gene-b3235,"ECOCYC:EG11652,GeneID:947865",,degS,Gene,,,,,degS,protein_coding,"ECK3224,hhoB,htrH",b3235,,,,,,,,,,
NC_000913.3,RefSeq,gene,3383330,3384268,,-,,939,gene-b3236,"ECOCYC:EG10576,GeneID:947854",,mdh,Gene,,,,,mdh,protein_coding,ECK3225,b3236,,,,,,,,,,
NC_000913.3,RefSeq,gene,3384703,3385173,,+,,471,gene-b3237,"ECOCYC:EG10070,GeneID:947861",,argR,Gene,,,,,argR,protein_coding,"ECK3226,Rarg,xerA",b3237,,,,,,,,,,
NC_000913.3,RefSeq,gene,3385538,3385801,,+,,264,gene-b3238,"ECOCYC:G7683,GeneID:947835",,yhcN,Gene,,,,,yhcN,protein_coding,ECK3227,b3238,,,,,,,,,,
NC_000913.3,RefSeq,gene,3385857,3386129,,-,,273,gene-b3239,"ECOCYC:G7684,GeneID:947830",,yhcO,Gene,,,,,yhcO,protein_coding,ECK3228,b3239,,,,,,,,,,
NC_000913.3,RefSeq,gene,3386221,3388188,,-,,1968,gene-b3240,"ECOCYC:G7685,GeneID:947747",,aaeB,Gene,,,,,aaeB,protein_coding,"ECK3229,yhcP",b3240,,,,,,,,,,
NC_000913.3,RefSeq,gene,3388194,3389126,,-,,933,gene-b3241,"ECOCYC:G7686,GeneID:947748",,aaeA,Gene,,,,,aaeA,protein_coding,"ECK3230,yhcQ",b3241,,,,,,,,,,
NC_000913.3,RefSeq,gene,3389134,3389337,,-,,204,gene-b3242,"ECOCYC:G7687,GeneID:947751",,aaeX,Gene,,,,,aaeX,protein_coding,"ECK3231,yhcR",b3242,,,,,,,,,,
NC_000913.3,RefSeq,gene,3389520,3390449,,+,,930,gene-b3243,"ECOCYC:G7688,GeneID:947760",,aaeR,Gene,,,,,aaeR,protein_coding,"ECK3232,qseA,yhcS",b3243,,,,,,,,,,
NC_000913.3,RefSeq,gene,3390583,3392028,,-,,1446,gene-b3244,"ECOCYC:G7689,GeneID:947749",,tldD,Gene,,,,,tldD,protein_coding,"ECK3233,yhdO",b3244,,,,,,,,,,
NC_000913.3,RefSeq,gene,3392458,3396258,,-,,3801,gene-b4472,"ECOCYC:G7690,GeneID:2847740",,yhdP,Gene,,,,,yhdP,protein_coding,"b3245,b3246,ECK3234,yhdQ,yhdR",b4472,,,,,,,,,,
NC_000913.3,RefSeq,gene,3396326,3397795,,-,,1470,gene-b3247,"ECOCYC:EG11299,GeneID:947744",,rng,Gene,,,,,rng,protein_coding,"adhR,cafA,ECK3235,yhdF",b3247,,,,,,,,,,
NC_000913.3,RefSeq,gene,3397785,3398378,,-,,594,gene-b3248,"ECOCYC:EG11298,GeneID:947753",,yhdE,Gene,,,,,yhdE,protein_coding,ECK3236,b3248,,,,,,,,,,
NC_000913.3,RefSeq,gene,3398387,3398875,,-,,489,gene-b3249,"ECOCYC:EG10610,GeneID:947756",,mreD,Gene,,,,,mreD,protein_coding,ECK3237,b3249,,,,,,,,,,
NC_000913.3,RefSeq,gene,3398875,3399978,,-,,1104,gene-b3250,"ECOCYC:EG10609,GeneID:947655",,mreC,Gene,,,,,mreC,protein_coding,ECK3238,b3250,,,,,,,,,,
NC_000913.3,RefSeq,gene,3400044,3401087,,-,,1044,gene-b3251,"ECOCYC:EG10608,GeneID:948588",,mreB,Gene,,,,,mreB,protein_coding,"ECK3239,envB,mon,mreB_1,rodY",b3251,,,,,,,,,,
NC_000913.3,RefSeq,gene,3401392,3403332,,-,,1941,gene-b3252,"ECOCYC:EG10018,GeneID:947702",,csrD,Gene,,,,,csrD,protein_coding,"ECK3240,yhdA",b3252,,,,,,,,,,
NC_000913.3,RefSeq,gene,3403484,3404458,,+,,975,gene-b3253,"ECOCYC:EG11315,GeneID:947848",,yhdH,Gene,,,,,yhdH,protein_coding,"acuI,ECK3241",b3253,,,,,,,,,,
NC_000913.3,RefSeq,gene,3405436,3405906,,+,,471,gene-b3255,"ECOCYC:EG10275,GeneID:947758",,accB,Gene,,,,,accB,protein_coding,"ECK3242,fabE",b3255,,,,,,,,,,
NC_000913.3,RefSeq,gene,3405917,3407266,,+,,1350,gene-b3256,"ECOCYC:EG10276,GeneID:947761",,accC,Gene,,,,,accC,protein_coding,"ECK3243,fabG",b3256,,,,,,,,,,
NC_000913.3,RefSeq,gene,3407375,3407617,,+,,243,gene-b3257,"ECOCYC:G7693,GeneID:947762",,yhdT,Gene,,,,,yhdT,protein_coding,ECK3244,b3257,,,,,,,,,,
NC_000913.3,RefSeq,gene,3407607,3409058,,+,,1452,gene-b3258,"ECOCYC:EG10685,GeneID:947752",,panF,Gene,,,,,panF,protein_coding,ECK3245,b3258,,,,,,,,,,
NC_000913.3,RefSeq,gene,3409070,3409951,,+,,882,gene-b3259,"ECOCYC:EG11497,GeneID:947708",,prmA,Gene,,,,,prmA,protein_coding,"ECK3246,prm-1,yhdI",b3259,,,,,,,,,,
NC_000913.3,RefSeq,gene,3410280,3411245,,+,,966,gene-b3260,"ECOCYC:EG11311,GeneID:947707",,dusB,Gene,,,,,dusB,protein_coding,"ECK3247,yhdG",b3260,,,,,,,,,,
NC_000913.3,RefSeq,gene,3411271,3411567,,+,,297,gene-b3261,"ECOCYC:EG10317,GeneID:947697",,fis,Gene,,,,,fis,protein_coding,"ECK3248,nbp",b3261,,,,,,,,,,
NC_000913.3,RefSeq,gene,3411653,3412537,,+,,885,gene-b3262,"ECOCYC:EG11498,GeneID:947695",,yhdJ,Gene,,,,,yhdJ,protein_coding,ECK3249,b3262,,,,,,,,,,
NC_000913.3,RefSeq,gene,3412621,3412800,,+,,180,gene-b3263,"ECOCYC:G7694,GeneID:947700",,yhdU,Gene,,,,,yhdU,protein_coding,ECK3250,b3263,,,,,,,,,,
NC_000913.3,RefSeq,gene,3412803,3413465,,-,,663,gene-b3264,"ECOCYC:EG11741,GeneID:947704",,envR,Gene,,,,,envR,protein_coding,"acrS,ECK3251,yhdK",b3264,,,,,,,,,,
NC_000913.3,RefSeq,gene,3413864,3415021,,+,,1158,gene-b3265,"ECOCYC:EG10266,GeneID:947706",,acrE,Gene,,,,,acrE,protein_coding,"ECK3252,envC",b3265,,,,,,,,,,
NC_000913.3,RefSeq,gene,3415033,3418137,,+,,3105,gene-b3266,"ECOCYC:EG10267,GeneID:947768",,acrF,Gene,,,,,acrF,protein_coding,"ECK3253,envD",b3266,,,,,,,,,,
NC_000913.3,RefSeq,gene,3418390,3418611,,+,,222,gene-b3267,"ECOCYC:G7695,GeneID:947767",,yhdV,Gene,,,,,yhdV,protein_coding,ECK3254,b3267,,,,,,,,,,
NC_000913.3,RefSeq,gene,3420134,3421315,,+,,1182,gene-b3269,"ECOCYC:EG12835,GeneID:947765",,yhdX,Gene,,,,,yhdX,protein_coding,ECK3256,b3269,,,,,,,,,,
NC_000913.3,RefSeq,gene,3421325,3422428,,+,,1104,gene-b3270,"ECOCYC:EG12836,GeneID:947764",,yhdY,Gene,,,,,yhdY,protein_coding,ECK3257,b3270,,,,,,,,,,
NC_000913.3,RefSeq,gene,3422436,3423194,,+,,759,gene-b3271,"ECOCYC:EG12837,GeneID:947763",,yhdZ,Gene,,,,,yhdZ,protein_coding,ECK3258,b3271,,,,,,,,,,
NC_000913.3,RefSeq,gene,3423423,3423542,,-,,120,gene-b3272,"ECOCYC:EG30091,GeneID:947771",,rrfF,Gene,,,,,rrfF,rRNA,"ECK3259,rrfDbeta,rrvD",b3272,,,,,,,,,,
NC_000913.3,RefSeq,gene,3423580,3423655,,-,,76,gene-b3273,"ECOCYC:EG30103,GeneID:947770",,thrV,Gene,,,,,thrV,tRNA,ECK3260,b3273,,,,,,,,,,
NC_000913.3,RefSeq,gene,3423668,3423787,,-,,120,gene-b3274,"ECOCYC:EG30073,GeneID:947769",,rrfD,Gene,,,,,rrfD,rRNA,ECK3261,b3274,,,,,,,,,,
NC_000913.3,RefSeq,gene,3423880,3426783,,-,,2904,gene-b3275,"ECOCYC:EG30080,GeneID:947773",,rrlD,Gene,,,,,rrlD,rRNA,ECK3262,b3275,,,,,,,,,,
NC_000913.3,RefSeq,gene,3426958,3427033,,-,,76,gene-b3276,"ECOCYC:EG30009,GeneID:947772",,alaU,Gene,,,,,alaU,tRNA,"ECK3263,talD",b3276,,,,,,,,,,
NC_000913.3,RefSeq,gene,3427076,3427152,,-,,77,gene-b3277,"ECOCYC:EG30044,GeneID:947778",,ileU,Gene,,,,,ileU,tRNA,"ECK3264,tilD",b3277,,,,,,,,,,
NC_000913.3,RefSeq,gene,3427221,3428762,,-,,1542,gene-b3278,"ECOCYC:EG30087,GeneID:947777",,rrsD,Gene,,,,,rrsD,rRNA,ECK3265,b3278,,,,,,,,,,
NC_000913.3,RefSeq,gene,3429236,3429790,,+,,555,gene-b3279,"ECOCYC:G7696,GeneID:947775",,yrdA,Gene,,,,,yrdA,protein_coding,ECK3266,b3279,,,,,,,,,,
NC_000913.3,RefSeq,gene,3429766,3430023,,-,,258,gene-b3280,"ECOCYC:G7697,GeneID:947774",,yrdB,Gene,,,,,yrdB,protein_coding,ECK3267,b3280,,,,,,,,,,
NC_000913.3,RefSeq,gene,3430020,3430838,,-,,819,gene-b3281,"ECOCYC:EG10077,GeneID:947776",,aroE,Gene,,,,,aroE,protein_coding,ECK3268,b3281,,,,,,,,,,
NC_000913.3,RefSeq,gene,3430843,3431415,,-,,573,gene-b3282,"ECOCYC:G7698,GeneID:947783",,tsaC,Gene,,,,,tsaC,protein_coding,"ECK3269,rimN,yrdC",b3282,,,,,,,,,,
NC_000913.3,RefSeq,gene,3431420,3431962,,-,,543,gene-b3283,"ECOCYC:G7699,GeneID:947782",,yrdD,Gene,,,,,yrdD,protein_coding,ECK3270,b3283,,,,,,,,,,
NC_000913.3,RefSeq,gene,3431991,3432464,,-,,474,gene-b3284,"ECOCYC:EG11605,GeneID:947781",,smg,Gene,,,,,smg,protein_coding,ECK3271,b3284,,,,,,,,,,
NC_000913.3,RefSeq,gene,3432436,3433560,,-,,1125,gene-b4473,"ECOCYC:EG11604,GeneID:2847708",,smf,Gene,,,,,smf,protein_coding,"b3285,b3286,ECK3272,smf1,smf2",b4473,,,,,,,,,,
NC_000913.3,RefSeq,gene,3433690,3434199,,+,,510,gene-b3287,"ECOCYC:EG11440,GeneID:947780",,def,Gene,,,,,def,protein_coding,"ECK3273,fms",b3287,,,,,,,,,,
NC_000913.3,RefSeq,gene,3434214,3435161,,+,,948,gene-b3288,"ECOCYC:EG11268,GeneID:947779",,fmt,Gene,,,,,fmt,protein_coding,"ECK3274,ftm,yhdD",b3288,,,,,,,,,,
NC_000913.3,RefSeq,gene,3435207,3436496,,+,,1290,gene-b3289,"ECOCYC:EG12163,GeneID:947789",,rsmB,Gene,,,,,rsmB,protein_coding,"ECK3275,fmu,fmv,rrmB,sun,yhdB",b3289,,,,,,,,,,
NC_000913.3,RefSeq,gene,3436518,3437894,,+,,1377,gene-b3290,"ECOCYC:EG11019,GeneID:947788",,trkA,Gene,,,,,trkA,protein_coding,ECK3276,b3290,,,,,,,,,,
NC_000913.3,RefSeq,gene,3438024,3438434,,+,,411,gene-b3291,"ECOCYC:EG11180,GeneID:947787",,mscL,Gene,,,,,mscL,protein_coding,"ECK3277,yhdC",b3291,,,,,,,,,,
NC_000913.3,RefSeq,gene,3438431,3438649,,-,,219,gene-b4550,"ECOCYC:G0-10465,GeneID:1450289",,arfA,Gene,,,,,arfA,protein_coding,"ECK3278,yhdL",b4550,,,,,,,,,,
NC_000913.3,RefSeq,gene,3438431,3438484,,-,,54,gene-b4846,"ECOCYC:G0-17130,GeneID:302211673",,yrdG,Gene,,,,,yrdG,ncRNA,"asarfA,ECK4703",b4846,,,,,,,,,,
NC_000913.3,RefSeq,gene,3438705,3439130,,-,,426,gene-b3292,"ECOCYC:EG11969,GeneID:947786",,zntR,Gene,,,,,zntR,protein_coding,"ECK3279,yhdM",b3292,,,,,,,,,,
NC_000913.3,RefSeq,gene,3439141,3439509,,-,,369,gene-b3293,"ECOCYC:EG11970,GeneID:947785",,yhdN,Gene,,,,,yhdN,protein_coding,ECK3280,b3293,,,,,,,,,,
NC_000913.3,RefSeq,gene,3439616,3439999,,-,,384,gene-b3294,"ECOCYC:EG10878,GeneID:947784",,rplQ,Gene,,,,,rplQ,protein_coding,ECK3281,b3294,,,,,,,,,,
NC_000913.3,RefSeq,gene,3440040,3441029,,-,,990,gene-b3295,"ECOCYC:EG10893,GeneID:947794",,rpoA,Gene,,,,,rpoA,protein_coding,"ECK3282,pez,phs,sez",b3295,,,,,,,,,,
NC_000913.3,RefSeq,gene,3441055,3441675,,-,,621,gene-b3296,"ECOCYC:EG10903,GeneID:947793",,rpsD,Gene,,,,,rpsD,protein_coding,"ECK3283,ramA,sud(2),sud2",b3296,,,,,,,,,,
NC_000913.3,RefSeq,gene,3441709,3442098,,-,,390,gene-b3297,"ECOCYC:EG10910,GeneID:947792",,rpsK,Gene,,,,,rpsK,protein_coding,ECK3284,b3297,,,,,,,,,,
NC_000913.3,RefSeq,gene,3442115,3442471,,-,,357,gene-b3298,"ECOCYC:EG10912,GeneID:947791",,rpsM,Gene,,,,,rpsM,protein_coding,ECK3285,b3298,,,,,,,,,,
NC_000913.3,RefSeq,gene,3442618,3442734,,-,,117,gene-b3299,"ECOCYC:EG11232,GeneID:947805",,rpmJ,Gene,,,,,rpmJ,protein_coding,"ECK3286,secX",b3299,,,,,,,,,,
NC_000913.3,RefSeq,gene,3442766,3444097,,-,,1332,gene-b3300,"ECOCYC:EG10766,GeneID:947799",,secY,Gene,,,,,secY,protein_coding,"ECK3287,prlA",b3300,,,,,,,,,,
NC_000913.3,RefSeq,gene,3444105,3444539,,-,,435,gene-b3301,"ECOCYC:EG10876,GeneID:947798",,rplO,Gene,,,,,rplO,protein_coding,ECK3288,b3301,,,,,,,,,,
NC_000913.3,RefSeq,gene,3444543,3444722,,-,,180,gene-b3302,"ECOCYC:EG10888,GeneID:947797",,rpmD,Gene,,,,,rpmD,protein_coding,ECK3289,b3302,,,,,,,,,,
NC_000913.3,RefSeq,gene,3444726,3445229,,-,,504,gene-b3303,"ECOCYC:EG10904,GeneID:947795",,rpsE,Gene,,,,,rpsE,protein_coding,"ECK3290,eps,spc,spcA",b3303,,,,,,,,,,
NC_000913.3,RefSeq,gene,3445244,3445597,,-,,354,gene-b3304,"ECOCYC:EG10879,GeneID:947804",,rplR,Gene,,,,,rplR,protein_coding,ECK3291,b3304,,,,,,,,,,
NC_000913.3,RefSeq,gene,3445607,3446140,,-,,534,gene-b3305,"ECOCYC:EG10869,GeneID:947803",,rplF,Gene,,,,,rplF,protein_coding,ECK3292,b3305,,,,,,,,,,
NC_000913.3,RefSeq,gene,3446153,3446545,,-,,393,gene-b3306,"ECOCYC:EG10907,GeneID:947802",,rpsH,Gene,,,,,rpsH,protein_coding,ECK3293,b3306,,,,,,,,,,
NC_000913.3,RefSeq,gene,3446579,3446884,,-,,306,gene-b3307,"ECOCYC:EG10913,GeneID:947801",,rpsN,Gene,,,,,rpsN,protein_coding,ECK3294,b3307,,,,,,,,,,
NC_000913.3,RefSeq,gene,3446899,3447438,,-,,540,gene-b3308,"ECOCYC:EG10868,GeneID:947800",,rplE,Gene,,,,,rplE,protein_coding,ECK3295,b3308,,,,,,,,,,
NC_000913.3,RefSeq,gene,3447453,3447767,,-,,315,gene-b3309,"ECOCYC:EG10884,GeneID:947810",,rplX,Gene,,,,,rplX,protein_coding,ECK3296,b3309,,,,,,,,,,
NC_000913.3,RefSeq,gene,3447778,3448149,,-,,372,gene-b3310,"ECOCYC:EG10875,GeneID:947809",,rplN,Gene,,,,,rplN,protein_coding,ECK3297,b3310,,,,,,,,,,
NC_000913.3,RefSeq,gene,3448314,3448568,,-,,255,gene-b3311,"ECOCYC:EG10916,GeneID:947808",,rpsQ,Gene,,,,,rpsQ,protein_coding,"ECK3298,neaA",b3311,,,,,,,,,,
NC_000913.3,RefSeq,gene,3448568,3448759,,-,,192,gene-b3312,"ECOCYC:EG10887,GeneID:947807",,rpmC,Gene,,,,,rpmC,protein_coding,ECK3299,b3312,,,,,,,,,,
NC_000913.3,RefSeq,gene,3448759,3449169,,-,,411,gene-b3313,"ECOCYC:EG10877,GeneID:947806",,rplP,Gene,,,,,rplP,protein_coding,ECK3300,b3313,,,,,,,,,,
NC_000913.3,RefSeq,gene,3449182,3449883,,-,,702,gene-b3314,"ECOCYC:EG10902,GeneID:947814",,rpsC,Gene,,,,,rpsC,protein_coding,ECK3301,b3314,,,,,,,,,,
NC_000913.3,RefSeq,gene,3449901,3450233,,-,,333,gene-b3315,"ECOCYC:EG10882,GeneID:947813",,rplV,Gene,,,,,rplV,protein_coding,"ECK3302,eryB",b3315,,,,,,,,,,
NC_000913.3,RefSeq,gene,3450248,3450526,,-,,279,gene-b3316,"ECOCYC:EG10918,GeneID:947811",,rpsS,Gene,,,,,rpsS,protein_coding,ECK3303,b3316,,,,,,,,,,
NC_000913.3,RefSeq,gene,3450543,3451364,,-,,822,gene-b3317,"ECOCYC:EG10865,GeneID:947820",,rplB,Gene,,,,,rplB,protein_coding,ECK3304,b3317,,,,,,,,,,
NC_000913.3,RefSeq,gene,3451382,3451684,,-,,303,gene-b3318,"ECOCYC:EG10883,GeneID:947819",,rplW,Gene,,,,,rplW,protein_coding,ECK3305,b3318,,,,,,,,,,
NC_000913.3,RefSeq,gene,3451681,3452286,,-,,606,gene-b3319,"ECOCYC:EG10867,GeneID:947818",,rplD,Gene,,,,,rplD,protein_coding,"ECK3306,eryA",b3319,,,,,,,,,,
NC_000913.3,RefSeq,gene,3452297,3452926,,-,,630,gene-b3320,"ECOCYC:EG10866,GeneID:947817",,rplC,Gene,,,,,rplC,protein_coding,ECK3307,b3320,,,,,,,,,,
NC_000913.3,RefSeq,gene,3452959,3453270,,-,,312,gene-b3321,"ECOCYC:EG10909,GeneID:947816",,rpsJ,Gene,,,,,rpsJ,protein_coding,"ECK3308,nusE",b3321,,,,,,,,,,
NC_000913.3,RefSeq,gene,3453508,3453927,,-,,420,gene-b3322,"ECOCYC:EG11263,GeneID:947826",,gspB,Gene,,,,,gspB,protein_coding,"ECK3309,pinO,pioO",b3322,,,,,,,,,,
NC_000913.3,RefSeq,gene,3453929,3455398,,-,,1470,gene-b3323,"ECOCYC:G7701,GeneID:947825",,gspA,Gene,,,,,gspA,protein_coding,"ECK3310,yheD",b3323,,,,,,,,,,
NC_000913.3,RefSeq,gene,3455578,3456393,,+,,816,gene-b3324,"ECOCYC:G7702,GeneID:947824",,gspC,Gene,,,,,gspC,protein_coding,"ECK3311,yheE",b3324,,,,,,,,,,
NC_000913.3,RefSeq,gene,3456377,3458329,,+,,1953,gene-b3325,"ECOCYC:G7703,GeneID:947822",,gspD,Gene,,,,,gspD,protein_coding,"ECK3312,yheF",b3325,,,,,,,,,,
NC_000913.3,RefSeq,gene,3458339,3459820,,+,,1482,gene-b3326,"ECOCYC:G7704,GeneID:947823",,gspE,Gene,,,,,gspE,protein_coding,"ECK3313,yheG",b3326,,,,,,,,,,
NC_000913.3,RefSeq,gene,3459817,3461013,,+,,1197,gene-b3327,"ECOCYC:G7705,GeneID:947829",,gspF,Gene,,,,,gspF,protein_coding,"ECK3314,hofF,hopF",b3327,,,,,,,,,,
NC_000913.3,RefSeq,gene,3461023,3461460,,+,,438,gene-b3328,"ECOCYC:G7706,GeneID:947827",,gspG,Gene,,,,,gspG,protein_coding,"ECK3315,hofG,hopG",b3328,,,,,,,,,,
NC_000913.3,RefSeq,gene,3461468,3461977,,+,,510,gene-b3329,"ECOCYC:G7707,GeneID:947834",,gspH,Gene,,,,,gspH,protein_coding,"ECK3316,hofH,hopH",b3329,,,,,,,,,,
NC_000913.3,RefSeq,gene,3461974,3462351,,+,,378,gene-b3330,"ECOCYC:G7708,GeneID:947833",,gspI,Gene,,,,,gspI,protein_coding,"ECK3317,yheH",b3330,,,,,,,,,,
NC_000913.3,RefSeq,gene,3462344,3462931,,+,,588,gene-b3331,"ECOCYC:G7709,GeneID:947832",,gspJ,Gene,,,,,gspJ,protein_coding,"ECK3318,yheI",b3331,,,,,,,,,,
NC_000913.3,RefSeq,gene,3462924,3463907,,+,,984,gene-b3332,"ECOCYC:G7710,GeneID:947831",,gspK,Gene,,,,,gspK,protein_coding,"ECK3319,yheJ",b3332,,,,,,,,,,
NC_000913.3,RefSeq,gene,3463922,3465085,,+,,1164,gene-b3333,"ECOCYC:G7711,GeneID:947842",,gspL,Gene,,,,,gspL,protein_coding,"ECK3320,yheK",b3333,,,,,,,,,,
NC_000913.3,RefSeq,gene,3465082,3465543,,+,,462,gene-b3334,"ECOCYC:EG12173,GeneID:947841",,gspM,Gene,,,,,gspM,protein_coding,"ECK3321,hopZ,pshM",b3334,,,,,,,,,,
NC_000913.3,RefSeq,gene,3465543,3466220,,+,,678,gene-b3335,"ECOCYC:EG11359,GeneID:947840",,gspO,Gene,,,,,gspO,protein_coding,"ECK3322,hofD,hopD,hopO,yheC",b3335,,,,,,,,,,
NC_000913.3,RefSeq,gene,3466249,3466725,,-,,477,gene-b3336,"ECOCYC:EG10113,GeneID:947839",,bfr,Gene,,,,,bfr,protein_coding,ECK3323,b3336,,,,,,,,,,
NC_000913.3,RefSeq,gene,3466797,3466991,,-,,195,gene-b3337,"ECOCYC:EG11181,GeneID:947836",,bfd,Gene,,,,,bfd,protein_coding,"ECK3324,yheA",b3337,,,,,,,,,,
NC_000913.3,RefSeq,gene,3467160,3469853,,-,,2694,gene-b3338,"ECOCYC:EG11237,GeneID:947837",,chiA,Gene,,,,,chiA,protein_coding,"ECK3325,yheB",b3338,,,,,,,,,,
NC_000913.3,RefSeq,gene,3470145,3471329,,-,,1185,gene-b3339,"ECOCYC:EG11036,GeneID:947838",,tufA,Gene,,,,,tufA,protein_coding,"ECK3326,kirT,pulT",b3339,,,,,,,,,,
NC_000913.3,RefSeq,gene,3471400,3473514,,-,,2115,gene-b3340,"ECOCYC:EG10360,GeneID:947847",,fusA,Gene,,,,,fusA,protein_coding,"ECK3327,far,fus",b3340,,,,,,,,,,
NC_000913.3,RefSeq,gene,3473542,3474081,,-,,540,gene-b3341,"ECOCYC:EG10906,GeneID:947846",,rpsG,Gene,,,,,rpsG,protein_coding,ECK3328,b3341,,,,,,,,,,
NC_000913.3,RefSeq,gene,3474178,3474552,,-,,375,gene-b3342,"ECOCYC:EG10911,GeneID:947845",,rpsL,Gene,,,,,rpsL,protein_coding,"asuB,ECK3329,strA",b3342,,,,,,,,,,
NC_000913.3,RefSeq,gene,3474678,3474965,,-,,288,gene-b3343,"ECOCYC:G7712,GeneID:947844",,tusB,Gene,,,,,tusB,protein_coding,"ECK3330,yheL",b3343,,,,,,,,,,
NC_000913.3,RefSeq,gene,3474973,3475332,,-,,360,gene-b3344,"ECOCYC:G7713,GeneID:947853",,tusC,Gene,,,,,tusC,protein_coding,"ECK3331,yheM",b3344,,,,,,,,,,
NC_000913.3,RefSeq,gene,3475332,3475718,,-,,387,gene-b3345,"ECOCYC:G7714,GeneID:947852",,tusD,Gene,,,,,tusD,protein_coding,"ECK3332,yheN",b3345,,,,,,,,,,
NC_000913.3,RefSeq,gene,3475718,3476440,,-,,723,gene-b3346,"ECOCYC:G7715,GeneID:947851",,yheO,Gene,,,,,yheO,protein_coding,ECK3333,b3346,,,,,,,,,,
NC_000913.3,RefSeq,gene,3476607,3477419,,-,,813,gene-b3347,"ECOCYC:G7716,GeneID:947850",,fkpA,Gene,,,,,fkpA,protein_coding,"ECK3334,yzzS",b3347,,,,,,,,,,
NC_000913.3,RefSeq,gene,3477640,3477858,,+,,219,gene-b3348,"ECOCYC:EG11664,GeneID:947849",,slyX,Gene,,,,,slyX,protein_coding,ECK3335,b3348,,,,,,,,,,
NC_000913.3,RefSeq,gene,3477907,3478497,,-,,591,gene-b3349,"ECOCYC:EG11663,GeneID:947859",,slyD,Gene,,,,,slyD,protein_coding,ECK3336,b3349,,,,,,,,,,
NC_000913.3,RefSeq,gene,3478592,3478792,,-,,201,gene-b4551,"ECOCYC:G0-10466,GeneID:1450290",,yheV,Gene,,,,,yheV,protein_coding,ECK3337,b4551,,,,,,,,,,
NC_000913.3,RefSeq,gene,3478802,3480607,,-,,1806,gene-b3350,"ECOCYC:EG20110,GeneID:947858",,kefB,Gene,,,,,kefB,protein_coding,"ECK3338,trkB",b3350,,,,,,,,,,
NC_000913.3,RefSeq,gene,3480607,3481161,,-,,555,gene-b3351,"ECOCYC:G7717,GeneID:947857",,kefG,Gene,,,,,kefG,protein_coding,"ECK3339,yheR",b3351,,,,,,,,,,
NC_000913.3,RefSeq,gene,3481289,3483202,,+,,1914,gene-b3352,"ECOCYC:EG12903,GeneID:947856",,yheS,Gene,,,,,yheS,protein_coding,ECK3340,b3352,,,,,,,,,,
NC_000913.3,RefSeq,gene,3483202,3484224,,+,,1023,gene-b3353,"ECOCYC:G7718,GeneID:947855",,yheT,Gene,,,,,yheT,protein_coding,ECK3341,b3353,,,,,,,,,,
NC_000913.3,RefSeq,gene,3484218,3484436,,+,,219,gene-b3354,"ECOCYC:G7719,GeneID:947863",,yheU,Gene,,,,,yheU,protein_coding,ECK3342,b3354,,,,,,,,,,
NC_000913.3,RefSeq,gene,3484490,3485359,,+,,870,gene-b3355,"ECOCYC:EG12365,GeneID:947862",,prkB,Gene,,,,,prkB,protein_coding,"ECK3343,yhfF",b3355,,,,,,,,,,
NC_000913.3,RefSeq,gene,3485414,3485818,,-,,405,gene-b3356,"ECOCYC:EG11182,GeneID:947860",,yhfA,Gene,,,,,yhfA,protein_coding,ECK3344,b3356,,,,,,,,,,
NC_000913.3,RefSeq,gene,3485953,3486231,,-,,279,gene-b4841,"ECOCYC:G0-17122,GeneID:302211670",,ascrp,Gene,,,,,ascrp,ncRNA,ECK4698,b4841,,,,,,,,,,
NC_000913.3,RefSeq,gene,3486120,3486752,,+,,633,gene-b3357,"ECOCYC:EG10164,GeneID:947867",,crp,Gene,,,,,crp,protein_coding,"cap,csm,ECK3345,gurB",b3357,,,,,,,,,,
NC_000913.3,RefSeq,gene,3486791,3488893,,+,,2103,gene-b3358,"ECOCYC:G7721,GeneID:947866",,yhfK,Gene,,,,,yhfK,protein_coding,ECK3346,b3358,,,,,,,,,,
NC_000913.3,RefSeq,gene,3488960,3490180,,-,,1221,gene-b3359,"ECOCYC:EG10066,GeneID:947864",,argD,Gene,,,,,argD,protein_coding,"Arg1,dapC,dtu,ECK3347",b3359,,,,,,,,,,
NC_000913.3,RefSeq,gene,3490132,3490185,,-,,54,gene-b4820,"ECOCYC:G0-17095,GeneID:71004572",,yrfJ,Gene,,,,,yrfJ,protein_coding,ECK4677,b4820,,,,,,,,,,
NC_000913.3,RefSeq,gene,3490266,3490829,,-,,564,gene-b3360,"ECOCYC:EG10682,GeneID:947873",,pabA,Gene,,,,,pabA,protein_coding,ECK3348,b3360,,,,,,,,,,
NC_000913.3,RefSeq,gene,3490861,3491463,,-,,603,gene-b3361,"ECOCYC:EG10307,GeneID:947872",,fic,Gene,,,,,fic,protein_coding,"ECK3349,ficT",b3361,,,,,,,,,,
NC_000913.3,RefSeq,gene,3491453,3491620,,-,,168,gene-b3362,"ECOCYC:EG12374,GeneID:947871",,yhfG,Gene,,,,,yhfG,protein_coding,"ECK3350,ficA",b3362,,,,,,,,,,
NC_000913.3,RefSeq,gene,3491725,3492297,,-,,573,gene-b3363,"ECOCYC:EG10757,GeneID:947870",,ppiA,Gene,,,,,ppiA,protein_coding,"ECK3351,rot,rotA",b3363,,,,,,,,,,
NC_000913.3,RefSeq,gene,3492568,3493749,,+,,1182,gene-b3364,"ECOCYC:EG11262,GeneID:947869",,tsgA,Gene,,,,,tsgA,protein_coding,"ECK3352,gutS,yhfC,yhfH",b3364,,,,,,,,,,
NC_000913.3,RefSeq,gene,3494011,3496554,,+,,2544,gene-b3365,"ECOCYC:EG10653,GeneID:947868",,nirB,Gene,,,,,nirB,protein_coding,ECK3353,b3365,,,,,,,,,,
NC_000913.3,RefSeq,gene,3496551,3496877,,+,,327,gene-b3366,"ECOCYC:EG10655,GeneID:947881",,nirD,Gene,,,,,nirD,protein_coding,ECK3354,b3366,,,,,,,,,,
NC_000913.3,RefSeq,gene,3497003,3497809,,+,,807,gene-b3367,"ECOCYC:EG10654,GeneID:2847757",,nirC,Gene,,,,,nirC,protein_coding,ECK3355,b3367,,,,,,,,,,
NC_000913.3,RefSeq,gene,3497828,3499201,,+,,1374,gene-b3368,"ECOCYC:EG10188,GeneID:947880",,cysG,Gene,,,,,cysG,protein_coding,ECK3356,b3368,,,,,,,,,,
NC_000913.3,RefSeq,gene,3499448,3499615,,+,,168,gene-b3369,"ECOCYC:G7722,GeneID:947879",,yhfL,Gene,,,,,yhfL,protein_coding,ECK3357,b3369,,,,,,,,,,
NC_000913.3,RefSeq,gene,3499910,3501247,,+,,1338,gene-b3370,"ECOCYC:EG12908,GeneID:947878",,frlA,Gene,,,,,frlA,protein_coding,"ECK3358,yhfM",b3370,,,,,,,,,,
NC_000913.3,RefSeq,gene,3501268,3502290,,+,,1023,gene-b3371,"ECOCYC:G7723,GeneID:947875",,frlB,Gene,,,,,frlB,protein_coding,"ECK3359,yhfN",b3371,,,,,,,,,,
NC_000913.3,RefSeq,gene,3502340,3503170,,+,,831,gene-b4474,"ECOCYC:G7724,GeneID:2847758",,frlC,Gene,,,,,frlC,protein_coding,"b3372,b3373,ECK3360,yhfO,yhfP",b4474,,,,,,,,,,
NC_000913.3,RefSeq,gene,3503167,3503952,,+,,786,gene-b3374,"ECOCYC:G7726,GeneID:947886",,frlD,Gene,,,,,frlD,protein_coding,"ECK3361,yhfQ",b3374,,,,,,,,,,
NC_000913.3,RefSeq,gene,3504052,3504783,,+,,732,gene-b3375,"ECOCYC:G7727,GeneID:947885",,frlR,Gene,,,,,frlR,protein_coding,"ECK3362,yhfR",b3375,,,,,,,,,,
NC_000913.3,RefSeq,gene,3504935,3506020,,-,,1086,gene-b3376,"ECOCYC:G7728,GeneID:947884",,yhfS,Gene,,,,,yhfS,protein_coding,ECK3363,b3376,,,,,,,,,,
NC_000913.3,RefSeq,gene,3506032,3507336,,-,,1305,gene-b3377,"ECOCYC:G7729,GeneID:947883",,yhfT,Gene,,,,,yhfT,protein_coding,ECK3364,b3377,,,,,,,,,,
NC_000913.3,RefSeq,gene,3507348,3507701,,-,,354,gene-b3378,"ECOCYC:G7730,GeneID:947892",,yhfU,Gene,,,,,yhfU,protein_coding,ECK3365,b3378,,,,,,,,,,
NC_000913.3,RefSeq,gene,3507712,3508590,,-,,879,gene-b3379,"ECOCYC:G7731,GeneID:947891",,php,Gene,,,,,php,protein_coding,"ECK3366,yhfV",b3379,,,,,,,,,,
NC_000913.3,RefSeq,gene,3508587,3509813,,-,,1227,gene-b3380,"ECOCYC:G7732,GeneID:947890",,yhfW,Gene,,,,,yhfW,protein_coding,ECK3367,b3380,,,,,,,,,,
NC_000913.3,RefSeq,gene,3509813,3510976,,-,,1164,gene-b3381,"ECOCYC:G7733,GeneID:947889",,yhfX,Gene,,,,,yhfX,protein_coding,ECK3368,b3381,,,,,,,,,,
NC_000913.3,RefSeq,gene,3511060,3511422,,-,,363,gene-b3382,"ECOCYC:G7734,GeneID:947888",,yhfY,Gene,,,,,yhfY,protein_coding,ECK3369,b3382,,,,,,,,,,
NC_000913.3,RefSeq,gene,3511439,3512344,,-,,906,gene-b3383,"ECOCYC:G7735,GeneID:947897",,yhfZ,Gene,,,,,yhfZ,protein_coding,ECK3370,b3383,,,,,,,,,,
NC_000913.3,RefSeq,gene,3512634,3513638,,-,,1005,gene-b3384,"ECOCYC:EG11030,GeneID:947894",,trpS,Gene,,,,,trpS,protein_coding,ECK3371,b3384,,,,,,,,,,
NC_000913.3,RefSeq,gene,3513631,3514389,,-,,759,gene-b3385,"ECOCYC:EG11871,GeneID:947895",,gph,Gene,,,,,gph,protein_coding,"ECK3372,yhfE",b3385,,,,,,,,,,
NC_000913.3,RefSeq,gene,3514382,3515059,,-,,678,gene-b3386,"ECOCYC:M004,GeneID:947896",,rpe,Gene,,,,,rpe,protein_coding,"dod,ECK3373,yhfD",b3386,,,,,,,,,,
NC_000913.3,RefSeq,gene,3515077,3515913,,-,,837,gene-b3387,"ECOCYC:EG10204,GeneID:947893",,dam,Gene,,,,,dam,protein_coding,ECK3374,b3387,,,,,,,,,,
NC_000913.3,RefSeq,gene,3516020,3517306,,-,,1287,gene-b3388,"ECOCYC:EG11183,GeneID:947930",,damX,Gene,,,,,damX,protein_coding,"ECK3375,yhfB",b3388,,,,,,,,,,
NC_000913.3,RefSeq,gene,3517398,3518486,,-,,1089,gene-b3389,"ECOCYC:EG10074,GeneID:947927",,aroB,Gene,,,,,aroB,protein_coding,ECK3376,b3389,,,,,,,,,,
NC_000913.3,RefSeq,gene,3518543,3519064,,-,,522,gene-b3390,"ECOCYC:EG10081,GeneID:2847759",,aroK,Gene,,,,,aroK,protein_coding,ECK3377,b3390,,,,,,,,,,
NC_000913.3,RefSeq,gene,3519465,3520703,,-,,1239,gene-b3391,"ECOCYC:EG12113,GeneID:947901",,hofQ,Gene,,,,,hofQ,protein_coding,"ECK3378,hopQ",b3391,,,,,,,,,,
NC_000913.3,RefSeq,gene,3520615,3521019,,-,,405,gene-b3392,"ECOCYC:G7736,GeneID:947900",,hofP,Gene,,,,,hofP,protein_coding,"ECK3379,yrfA",b3392,,,,,,,,,,
NC_000913.3,RefSeq,gene,3521009,3521449,,-,,441,gene-b3393,"ECOCYC:G7737,GeneID:947899",,hofO,Gene,,,,,hofO,protein_coding,"ECK3380,yrfB",b3393,,,,,,,,,,
NC_000913.3,RefSeq,gene,3521433,3521972,,-,,540,gene-b3394,"ECOCYC:G7738,GeneID:947898",,hofN,Gene,,,,,hofN,protein_coding,"ECK3381,yrfC",b3394,,,,,,,,,,
NC_000913.3,RefSeq,gene,3521972,3522751,,-,,780,gene-b3395,"ECOCYC:G7739,GeneID:947908",,hofM,Gene,,,,,hofM,protein_coding,"ECK3382,yrfD",b3395,,,,,,,,,,
NC_000913.3,RefSeq,gene,3522871,3525423,,+,,2553,gene-b3396,"ECOCYC:EG10748,GeneID:947907",,mrcA,Gene,,,,,mrcA,protein_coding,"ECK3383,ponA",b3396,,,,,,,,,,
NC_000913.3,RefSeq,gene,3525589,3526149,,-,,561,gene-b3397,"ECOCYC:G7740,GeneID:947906",,nudE,Gene,,,,,nudE,protein_coding,"ECK3384,yrfE",b3397,,,,,,,,,,
NC_000913.3,RefSeq,gene,3526469,3528604,,+,,2136,gene-b3398,"ECOCYC:G7741,GeneID:947905",,igaA,Gene,,,,,igaA,protein_coding,"ECK3385,yrfF",b3398,,,,,,,,,,
NC_000913.3,RefSeq,gene,3528669,3529337,,+,,669,gene-b3399,"ECOCYC:G7742,GeneID:947904",,yrfG,Gene,,,,,yrfG,protein_coding,ECK3386,b3399,,,,,,,,,,
NC_000913.3,RefSeq,gene,3529348,3529749,,+,,402,gene-b3400,"ECOCYC:G7743,GeneID:947912",,hslR,Gene,,,,,hslR,protein_coding,"ECK3387,hsp15,yrfH",b3400,,,,,,,,,,
NC_000913.3,RefSeq,gene,3529774,3530652,,+,,879,gene-b3401,"ECOCYC:G7744,GeneID:947178",,hslO,Gene,,,,,hslO,protein_coding,"ECK3388,yrfI",b3401,,,,,,,,,,
NC_000913.3,RefSeq,gene,3530715,3532439,,-,,1725,gene-b3402,"ECOCYC:G7745,GeneID:947651",,yhgE,Gene,,,,,yhgE,protein_coding,ECK3389,b3402,,,,,,,,,,
NC_000913.3,RefSeq,gene,3532818,3534440,,+,,1623,gene-b3403,"ECOCYC:EG10688,GeneID:945667",,pck,Gene,,,,,pck,protein_coding,"ECK3390,pckA",b3403,,,,,,,,,,
NC_000913.3,RefSeq,gene,3534516,3535868,,-,,1353,gene-b3404,"ECOCYC:EG10269,GeneID:947272",,envZ,Gene,,,,,envZ,protein_coding,"ECK3391,ompB,perA,tpo",b3404,,,,,,,,,,
NC_000913.3,RefSeq,gene,3535865,3536584,,-,,720,gene-b3405,"ECOCYC:EG10672,GeneID:947913",,ompR,Gene,,,,,ompR,protein_coding,"cry,ECK3392,kmt,ompB",b3405,,,,,,,,,,
NC_000913.3,RefSeq,gene,3536438,3536775,,+,,338,gene-b4842,"ECOCYC:G0-17123,GeneID:302211671",,asompR,Gene,,,,,asompR,ncRNA,ECK4699,b4842,,,,,,,,,,
NC_000913.3,RefSeq,gene,3536812,3537288,,+,,477,gene-b3406,"ECOCYC:EG11578,GeneID:2847706",,greB,Gene,,,,,greB,protein_coding,ECK3393,b3406,,,,,,,,,,
NC_000913.3,RefSeq,gene,3537385,3539706,,+,,2322,gene-b3407,"ECOCYC:G7746,GeneID:947911",,yhgF,Gene,,,,,yhgF,protein_coding,ECK3394,b3407,,,,,,,,,,
NC_000913.3,RefSeq,gene,3540163,3540390,,+,,228,gene-b3408,"ECOCYC:EG12101,GeneID:947909",,feoA,Gene,,,,,feoA,protein_coding,ECK3395,b3408,,,,,,,,,,
NC_000913.3,RefSeq,gene,3540407,3542728,,+,,2322,gene-b3409,"ECOCYC:EG12102,GeneID:947919",,feoB,Gene,,,,,feoB,protein_coding,ECK3396,b3409,,,,,,,,,,
NC_000913.3,RefSeq,gene,3542728,3542964,,+,,237,gene-b3410,"ECOCYC:EG12933,GeneID:947918",,feoC,Gene,,,,,feoC,protein_coding,"ECK3397,yhgG",b3410,,,,,,,,,,
NC_000913.3,RefSeq,gene,3543167,3544045,,+,,879,gene-b3411,"ECOCYC:EG11750,GeneID:947917",,rpnA,Gene,,,,,rpnA,protein_coding,"ECK3398,yhgA",b3411,,,,,,,,,,
NC_000913.3,RefSeq,gene,3544074,3544844,,-,,771,gene-b3412,"ECOCYC:EG10122,GeneID:947916",,bioH,Gene,,,,,bioH,protein_coding,"bioB,ECK3399",b3412,,,,,,,,,,
NC_000913.3,RefSeq,gene,3544882,3545565,,+,,684,gene-b3413,"ECOCYC:G7747,GeneID:947915",,yhgH,Gene,,,,,yhgH,protein_coding,"ECK3400,gntX",b3413,,,,,,,,,,
NC_000913.3,RefSeq,gene,3545624,3546199,,+,,576,gene-b3414,"ECOCYC:G7748,GeneID:947925",,nfuA,Gene,,,,,nfuA,protein_coding,"ECK3401,gntY,yhgI",b3414,,,,,,,,,,
NC_000913.3,RefSeq,gene,3546559,3547875,,+,,1317,gene-b3415,"ECOCYC:EG12380,GeneID:947924",,gntT,Gene,,,,,gntT,protein_coding,"ECK3402,gntM,gntTalpha,usgA,yhgC",b3415,,,,,,,,,,
NC_000913.3,RefSeq,gene,3547986,3550070,,-,,2085,gene-b3416,"ECOCYC:EG10561,GeneID:947923",,malQ,Gene,,,,,malQ,protein_coding,"ECK3403,malA",b3416,,,,,,,,,,
NC_000913.3,RefSeq,gene,3550080,3552473,,-,,2394,gene-b3417,"ECOCYC:EG10560,GeneID:947922",,malP,Gene,,,,,malP,protein_coding,"blu,ECK3404,malA",b3417,,,,,,,,,,
NC_000913.3,RefSeq,gene,3553085,3555790,,+,,2706,gene-b3418,"ECOCYC:EG10562,GeneID:947921",,malT,Gene,,,,,malT,protein_coding,"ECK3405,malA",b3418,,,,,,,,,,
NC_000913.3,RefSeq,gene,3555833,3556849,,-,,1017,gene-b4475,"ECOCYC:G7750,GeneID:2847707",,rtcA,Gene,,,,,rtcA,protein_coding,"b3419,b3420,ECK3406,yhgJ,yhgK",b4475,,,,,,,,,,
NC_000913.3,RefSeq,gene,3556853,3558079,,-,,1227,gene-b3421,"ECOCYC:G7751,GeneID:947929",,rtcB,Gene,,,,,rtcB,protein_coding,"ECK3407,yhgL",b3421,,,,,,,,,,
NC_000913.3,RefSeq,gene,3558268,3559866,,+,,1599,gene-b3422,"ECOCYC:EG12356,GeneID:947928",,rtcR,Gene,,,,,rtcR,protein_coding,"ECK3408,yhgB",b3422,,,,,,,,,,
NC_000913.3,RefSeq,gene,3560622,3561452,,-,,831,gene-b3424,"ECOCYC:EG10397,GeneID:947936",,glpG,Gene,,,,,glpG,protein_coding,ECK3410,b3424,,,,,,,,,,
NC_000913.3,RefSeq,gene,3561497,3561823,,-,,327,gene-b3425,"ECOCYC:EG10395,GeneID:947935",,glpE,Gene,,,,,glpE,protein_coding,ECK3411,b3425,,,,,,,,,,
NC_000913.3,RefSeq,gene,3562013,3563518,,+,,1506,gene-b3426,"ECOCYC:EG10394,GeneID:947934",,glpD,Gene,,,,,glpD,protein_coding,"ECK3412,glyD",b3426,,,,,,,,,,
NC_000913.3,RefSeq,gene,3563724,3564005,,-,,282,gene-b3427,"ECOCYC:G7752,GeneID:947933",,yzgL,Gene,,,,,yzgL,protein_coding,ECK3413,b3427,,,,,,,,,,
NC_000913.3,RefSeq,gene,3564134,3566581,,-,,2448,gene-b3428,"ECOCYC:EG10380,GeneID:947931",,glgP,Gene,,,,,glgP,protein_coding,"ECK3414,glgY",b3428,,,,,,,,,,
NC_000913.3,RefSeq,gene,3566600,3568033,,-,,1434,gene-b3429,"ECOCYC:EG10377,GeneID:947932",,glgA,Gene,,,,,glgA,protein_coding,ECK3415,b3429,,,,,,,,,,
NC_000913.3,RefSeq,gene,3568033,3569328,,-,,1296,gene-b3430,"ECOCYC:EG10379,GeneID:947942",,glgC,Gene,,,,,glgC,protein_coding,ECK3416,b3430,,,,,,,,,,
NC_000913.3,RefSeq,gene,3569346,3571319,,-,,1974,gene-b3431,"ECOCYC:EG10381,GeneID:947941",,glgX,Gene,,,,,glgX,protein_coding,ECK3417,b3431,,,,,,,,,,
NC_000913.3,RefSeq,gene,3571316,3573502,,-,,2187,gene-b3432,"ECOCYC:EG10378,GeneID:947940",,glgB,Gene,,,,,glgB,protein_coding,ECK3418,b3432,,,,,,,,,,
NC_000913.3,RefSeq,gene,3573660,3573701,,-,,42,gene-b4788,"ECOCYC:G0-17034,GeneID:63925651",,yhgO,Gene,,,,,yhgO,protein_coding,ECK4645,b4788,,,,,,,,,,
NC_000913.3,RefSeq,gene,3573679,3573708,,-,,30,gene-b4789,"ECOCYC:G0-17035,GeneID:63925652",,yhgP,Gene,,,,,yhgP,protein_coding,ECK4646,b4789,,,,,,,,,,
NC_000913.3,RefSeq,gene,3573775,3574878,,-,,1104,gene-b3433,"ECOCYC:EG10088,GeneID:947939",,asd,Gene,,,,,asd,protein_coding,"dap,ECK3419,hom",b3433,,,,,,,,,,
NC_000913.3,RefSeq,gene,3575071,3575664,,+,,594,gene-b3434,"ECOCYC:G7753,GeneID:947938",,yhgN,Gene,,,,,yhgN,protein_coding,ECK3420,b3434,,,,,,,,,,
NC_000913.3,RefSeq,gene,3575721,3577061,,-,,1341,gene-b4476,"ECOCYC:EG12631,GeneID:2847760",,gntU,Gene,,,,,gntU,protein_coding,"b3435,b3436,ECK3421",b4476,,,,,,,,,,
NC_000913.3,RefSeq,gene,3577065,3577592,,-,,528,gene-b3437,"ECOCYC:EG12629,GeneID:947937",,gntK,Gene,,,,,gntK,protein_coding,ECK3422,b3437,,,,,,,,,,
NC_000913.3,RefSeq,gene,3577731,3578726,,-,,996,gene-b3438,"ECOCYC:EG12630,GeneID:947946",,gntR,Gene,,,,,gntR,protein_coding,ECK3423,b3438,,,,,,,,,,
NC_000913.3,RefSeq,gene,3578950,3579645,,-,,696,gene-b3439,"ECOCYC:G7756,GeneID:947945",,yhhW,Gene,,,,,yhhW,protein_coding,ECK3424,b3439,,,,,,,,,,
NC_000913.3,RefSeq,gene,3579768,3580805,,-,,1038,gene-b3440,"ECOCYC:G7757,GeneID:947944",,yhhX,Gene,,,,,yhhX,protein_coding,ECK3425,b3440,,,,,,,,,,
NC_000913.3,RefSeq,gene,3580922,3581016,,-,,95,gene-b4451,"ECOCYC:G0-8872,GeneID:2847761",,ryhB,Gene,,,,,ryhB,ncRNA,"ECK3426,IS176,psrA18,sraI",b4451,,,,,,,,,,
NC_000913.3,RefSeq,gene,3581138,3581626,,+,,489,gene-b3441,"ECOCYC:G7758,GeneID:947943",,yhhY,Gene,,,,,yhhY,protein_coding,ECK3427,b3441,,,,,,,,,,
NC_000913.3,RefSeq,gene,3581863,3583041,,+,,1179,gene-b3442,"ECOCYC:G7759,GeneID:947952",,yhhZ,Gene,,,,,yhhZ,protein_coding,ECK3428,b3442,,,,,,,,,,
NC_000913.3,RefSeq,gene,3583483,3583758,,+,,276,gene-b3444,"ECOCYC:G7761,GeneID:947950",,insA6,Gene,,,,,insA6,protein_coding,ECK0023,b3444,,,,,,,,,,
NC_000913.3,RefSeq,gene,3583677,3584180,,+,,504,gene-b3445,"ECOCYC:G7762,GeneID:947949",,insB6,Gene,,,,,insB6,protein_coding,ECK0022,b3445,,,,,,,,,,
NC_000913.3,RefSeq,gene,3584404,3584559,,+,,156,gene-b4612,"ECOCYC:G0-10603,GeneID:5061521",,yrhD,Gene,,,,,yrhD,protein_coding,ECK4421,b4612,,,,,,,,,,
NC_000913.3,RefSeq,gene,3584759,3585043,,+,,285,gene-b3446,"ECOCYC:G7763,GeneID:947948",,yrhB,Gene,,,,,yrhB,protein_coding,ECK3430,b3446,,,,,,,,,,
NC_000913.3,RefSeq,gene,3585081,3586823,,-,,1743,gene-b3447,"ECOCYC:EG10374,GeneID:947947",,ggt,Gene,,,,,ggt,protein_coding,ECK3431,b3447,,,,,,,,,,
NC_000913.3,RefSeq,gene,3586943,3587383,,+,,441,gene-b3448,"ECOCYC:EG11184,GeneID:947956",,yhhA,Gene,,,,,yhhA,protein_coding,ECK3432,b3448,,,,,,,,,,
NC_000913.3,RefSeq,gene,3587370,3588113,,-,,744,gene-b3449,"ECOCYC:EG11050,GeneID:947955",,ugpQ,Gene,,,,,ugpQ,protein_coding,ECK3433,b3449,,,,,,,,,,
NC_000913.3,RefSeq,gene,3588110,3589180,,-,,1071,gene-b3450,"ECOCYC:EG11048,GeneID:947953",,ugpC,Gene,,,,,ugpC,protein_coding,ECK3434,b3450,,,,,,,,,,
NC_000913.3,RefSeq,gene,3589182,3590027,,-,,846,gene-b3451,"ECOCYC:EG11049,GeneID:947959",,ugpE,Gene,,,,,ugpE,protein_coding,ECK3435,b3451,,,,,,,,,,
NC_000913.3,RefSeq,gene,3590024,3590911,,-,,888,gene-b3452,"ECOCYC:EG11046,GeneID:947957",,ugpA,Gene,,,,,ugpA,protein_coding,"ECK3436,psiB,psiC,ugp",b3452,,,,,,,,,,
NC_000913.3,RefSeq,gene,3591009,3592325,,-,,1317,gene-b3453,"ECOCYC:EG11047,GeneID:947962",,ugpB,Gene,,,,,ugpB,protein_coding,"ECK3437,psiB,psiC",b3453,,,,,,,,,,
NC_000913.3,RefSeq,gene,3592724,3593437,,-,,714,gene-b3454,"ECOCYC:EG10536,GeneID:947961",,livF,Gene,,,,,livF,protein_coding,ECK3438,b3454,,,,,,,,,,
NC_000913.3,RefSeq,gene,3593439,3594206,,-,,768,gene-b3455,"ECOCYC:EG10537,GeneID:947967",,livG,Gene,,,,,livG,protein_coding,"ECK3439,hrbB,hrbC,hrbD",b3455,,,,,,,,,,
NC_000913.3,RefSeq,gene,3594203,3595480,,-,,1278,gene-b3456,"ECOCYC:EG10541,GeneID:947966",,livM,Gene,,,,,livM,protein_coding,ECK3440,b3456,,,,,,,,,,
NC_000913.3,RefSeq,gene,3595477,3596403,,-,,927,gene-b3457,"ECOCYC:EG10538,GeneID:947965",,livH,Gene,,,,,livH,protein_coding,"ECK3441,hrbB,hrbC,hrbD",b3457,,,,,,,,,,
NC_000913.3,RefSeq,gene,3596451,3597560,,-,,1110,gene-b3458,"ECOCYC:EG10540,GeneID:947964",,livK,Gene,,,,,livK,protein_coding,"ECK3442,hrbB,hrbC,hrbD",b3458,,,,,,,,,,
NC_000913.3,RefSeq,gene,3597984,3598367,,+,,384,gene-b3459,"ECOCYC:EG12211,GeneID:947963",,panZ,Gene,,,,,panZ,protein_coding,"ECK3443,livL,panM,yhhK",b3459,,,,,,,,,,
NC_000913.3,RefSeq,gene,3598555,3599658,,-,,1104,gene-b3460,"ECOCYC:EG10539,GeneID:947971",,livJ,Gene,,,,,livJ,protein_coding,"ECK3444,hrbB,hrbC,hrbD",b3460,,,,,,,,,,
NC_000913.3,RefSeq,gene,3599929,3600783,,-,,855,gene-b3461,"ECOCYC:EG10897,GeneID:947970",,rpoH,Gene,,,,,rpoH,protein_coding,"ECK3445,fam,hin,htpR",b3461,,,,,,,,,,
NC_000913.3,RefSeq,gene,3601028,3602086,,-,,1059,gene-b3462,"ECOCYC:EG10345,GeneID:947969",,ftsX,Gene,,,,,ftsX,protein_coding,"ECK3446,ftsS",b3462,,,,,,,,,,
NC_000913.3,RefSeq,gene,3602079,3602747,,-,,669,gene-b3463,"ECOCYC:EG10340,GeneID:947968",,ftsE,Gene,,,,,ftsE,protein_coding,ECK3447,b3463,,,,,,,,,,
NC_000913.3,RefSeq,gene,3602750,3604243,,-,,1494,gene-b3464,"ECOCYC:EG10346,GeneID:947978",,ftsY,Gene,,,,,ftsY,protein_coding,ECK3448,b3464,,,,,,,,,,
NC_000913.3,RefSeq,gene,3604393,3604989,,+,,597,gene-b3465,"ECOCYC:EG10343,GeneID:947977",,rsmD,Gene,,,,,rsmD,protein_coding,"ECK3449,yhhF",b3465,,,,,,,,,,
NC_000913.3,RefSeq,gene,3604979,3605248,,+,,270,gene-b3466,"ECOCYC:EG12212,GeneID:947976",,yhhL,Gene,,,,,yhhL,protein_coding,ECK3450,b3466,,,,,,,,,,
NC_000913.3,RefSeq,gene,3605251,3605610,,-,,360,gene-b3467,"ECOCYC:EG12213,GeneID:947975",,yhhM,Gene,,,,,yhhM,protein_coding,ECK3451,b3467,,,,,,,,,,
NC_000913.3,RefSeq,gene,3605751,3606377,,+,,627,gene-b3468,"ECOCYC:EG12214,GeneID:947973",,yhhN,Gene,,,,,yhhN,protein_coding,ECK3452,b3468,,,,,,,,,,
NC_000913.3,RefSeq,gene,3606451,3608649,,+,,2199,gene-b3469,"ECOCYC:EG12215,GeneID:947972",,zntA,Gene,,,,,zntA,protein_coding,"ECK3453,yhhO",b3469,,,,,,,,,,
NC_000913.3,RefSeq,gene,3608751,3608996,,-,,246,gene-b3470,"ECOCYC:EG12216,GeneID:947974",,tusA,Gene,,,,,tusA,protein_coding,"ECK3454,sirA,yhhP",b3470,,,,,,,,,,
NC_000913.3,RefSeq,gene,3609217,3609882,,+,,666,gene-b3471,"ECOCYC:EG12217,GeneID:947984",,yhhQ,Gene,,,,,yhhQ,protein_coding,ECK3455,b3471,,,,,,,,,,
NC_000913.3,RefSeq,gene,3609955,3610512,,+,,558,gene-b3472,"ECOCYC:G7767,GeneID:947983",,dcrB,Gene,,,,,dcrB,protein_coding,"ECK3456,yhhR",b3472,,,,,,,,,,
NC_000913.3,RefSeq,gene,3610516,3611733,,-,,1218,gene-b3473,"ECOCYC:EG12219,GeneID:947982",,yhhS,Gene,,,,,yhhS,protein_coding,ECK3457,b3473,,,,,,,,,,
NC_000913.3,RefSeq,gene,3611865,3612914,,+,,1050,gene-b3474,"ECOCYC:EG12220,GeneID:947980",,yhhT,Gene,,,,,yhhT,protein_coding,ECK3458,b3474,,,,,,,,,,
NC_000913.3,RefSeq,gene,3612969,3613556,,+,,588,gene-b3475,"ECOCYC:EG12221,GeneID:947979",,acpT,Gene,,,,,acpT,protein_coding,"ECK3459,yhhU",b3475,,,,,,,,,,
NC_000913.3,RefSeq,gene,3613667,3615241,,+,,1575,gene-b3476,"ECOCYC:EG12075,GeneID:947981",,nikA,Gene,,,,,nikA,protein_coding,"ECK3460,hydC,hydD",b3476,,,,,,,,,,
NC_000913.3,RefSeq,gene,3615241,3616185,,+,,945,gene-b3477,"ECOCYC:EG12076,GeneID:947986",,nikB,Gene,,,,,nikB,protein_coding,"ECK3461,hydC,hydD",b3477,,,,,,,,,,
NC_000913.3,RefSeq,gene,3616182,3617015,,+,,834,gene-b3478,"ECOCYC:EG12077,GeneID:947990",,nikC,Gene,,,,,nikC,protein_coding,"ECK3462,hydC,hydD",b3478,,,,,,,,,,
NC_000913.3,RefSeq,gene,3617015,3617779,,+,,765,gene-b3479,"ECOCYC:EG12078,GeneID:947989",,nikD,Gene,,,,,nikD,protein_coding,"ECK3463,hydC,hydD",b3479,,,,,,,,,,
NC_000913.3,RefSeq,gene,3617776,3618582,,+,,807,gene-b3480,"ECOCYC:EG12079,GeneID:947987",,nikE,Gene,,,,,nikE,protein_coding,"ECK3464,hydC,hydD",b3480,,,,,,,,,,
NC_000913.3,RefSeq,gene,3618588,3618989,,+,,402,gene-b3481,"ECOCYC:EG11519,GeneID:947995",,nikR,Gene,,,,,nikR,protein_coding,"ECK3465,yhhG",b3481,,,,,,,,,,
NC_000913.3,RefSeq,gene,3619192,3623427,,+,,4236,gene-b3482,"ECOCYC:EG10847,GeneID:947994",,rhsB,Gene,,,,,rhsB,protein_coding,ECK3466,b3482,,,,,,,,,,
NC_000913.3,RefSeq,gene,3623399,3623782,,+,,384,gene-b3483,"ECOCYC:EG11520,GeneID:947993",,yhhH,Gene,,,,,yhhH,protein_coding,ECK3467,b3483,,,,,,,,,,
NC_000913.3,RefSeq,gene,3624378,3625514,,+,,1137,gene-b3484,"ECOCYC:EG11525,GeneID:947992",,yhhI,Gene,,,,,yhhI,protein_coding,ECK3469,b3484,,,,,,,,,,
NC_000913.3,RefSeq,gene,3625679,3626803,,-,,1125,gene-b3485,"ECOCYC:EG11767,GeneID:947991",,yhhJ,Gene,,,,,yhhJ,protein_coding,ECK3470,b3485,,,,,,,,,,
NC_000913.3,RefSeq,gene,3626803,3629538,,-,,2736,gene-b3486,"ECOCYC:EG12223,GeneID:947998",,rbbA,Gene,,,,,rbbA,protein_coding,"ECK3471,yhiG,yhiH",b3486,,,,,,,,,,
NC_000913.3,RefSeq,gene,3629535,3630602,,-,,1068,gene-b3487,"ECOCYC:EG12224,GeneID:948003",,yhiI,Gene,,,,,yhiI,protein_coding,ECK3472,b3487,,,,,,,,,,
NC_000913.3,RefSeq,gene,3630665,3630778,,-,,114,gene-b4790,"ECOCYC:G0-17036,GeneID:63925653",,yhiY,Gene,,,,,yhiY,protein_coding,ECK4647,b4790,,,,,,,,,,
NC_000913.3,RefSeq,gene,3630968,3632590,,-,,1623,gene-b3488,"ECOCYC:EG12225,GeneID:948001",,yhiJ,Gene,,,,,yhiJ,protein_coding,ECK3473,b3488,,,,,,,,,,
NC_000913.3,RefSeq,gene,3634841,3635893,,+,,1053,gene-b3491,"ECOCYC:EG12228,GeneID:947997",,yhiM,Gene,,,,,yhiM,protein_coding,ECK3476,b3491,,,,,,,,,,
NC_000913.3,RefSeq,gene,3636208,3637410,,-,,1203,gene-b3492,"ECOCYC:EG12229,GeneID:947996",,yhiN,Gene,,,,,yhiN,protein_coding,ECK3477,b3492,,,,,,,,,,
NC_000913.3,RefSeq,gene,3637642,3639141,,+,,1500,gene-b3493,"ECOCYC:EG12230,GeneID:948009",,pitA,Gene,,,,,pitA,protein_coding,"ECK3478,pit",b3493,,,,,,,,,,
NC_000913.3,RefSeq,gene,3639385,3639720,,-,,336,gene-b3494,"ECOCYC:EG12231,GeneID:948008",,uspB,Gene,,,,,uspB,protein_coding,"ECK3479,yhiO",b3494,,,,,,,,,,
NC_000913.3,RefSeq,gene,3640111,3640545,,+,,435,gene-b3495,"ECOCYC:EG11390,GeneID:948007",,uspA,Gene,,,,,uspA,protein_coding,ECK3480,b3495,,,,,,,,,,
NC_000913.3,RefSeq,gene,3640612,3640686,,-,,75,gene-b4791,"ECOCYC:G0-17037,GeneID:63925654",,yriA,Gene,,,,,yriA,protein_coding,ECK4648,b4791,,,,,,,,,,
NC_000913.3,RefSeq,gene,3640643,3640696,,-,,54,gene-b4792,"ECOCYC:G0-17038,GeneID:63925655",,yriB,Gene,,,,,yriB,protein_coding,ECK4649,b4792,,,,,,,,,,
NC_000913.3,RefSeq,gene,3640862,3642331,,+,,1470,gene-b3496,"ECOCYC:EG12232,GeneID:948006",,dtpB,Gene,,,,,dtpB,protein_coding,"ECK3481,yhiP",b3496,,,,,,,,,,
NC_000913.3,RefSeq,gene,3642380,3643132,,-,,753,gene-b3497,"ECOCYC:EG12233,GeneID:948005",,rsmJ,Gene,,,,,rsmJ,protein_coding,"ECK3482,yhiQ",b3497,,,,,,,,,,
NC_000913.3,RefSeq,gene,3643140,3645182,,-,,2043,gene-b3498,"ECOCYC:EG11441,GeneID:948016",,prlC,Gene,,,,,prlC,protein_coding,"ECK3483,opdA",b3498,,,,,,,,,,
NC_000913.3,RefSeq,gene,3645385,3646227,,+,,843,gene-b3499,"ECOCYC:EG12234,GeneID:948012",,rlmJ,Gene,,,,,rlmJ,protein_coding,"ECK3484,yhiR",b3499,,,,,,,,,,
NC_000913.3,RefSeq,gene,3646299,3647651,,+,,1353,gene-b3500,"ECOCYC:EG10412,GeneID:948014",,gor,Gene,,,,,gor,protein_coding,"ECK3485,gorA",b3500,,,,,,,,,,
NC_000913.3,RefSeq,gene,3647705,3647788,,-,,84,gene-b4613,"ECOCYC:G0-9981,GeneID:5061522",,dinQ,Gene,,,,,dinQ,protein_coding,ECK4422,b4613,,,,,,,,,,
NC_000913.3,RefSeq,gene,3648063,3648144,,+,,82,gene-b4712,"ECOCYC:G0-10751,GeneID:19351531",,agrA,Gene,,,,,agrA,ncRNA,ECK4569,b4712,,,,,,,,,,
NC_000913.3,RefSeq,gene,3648294,3648375,,+,,82,gene-b4713,"ECOCYC:G0-10752,GeneID:19351532",,agrB,Gene,,,,,agrB,ncRNA,ECK4570,b4713,,,,,,,,,,
NC_000913.3,RefSeq,gene,3648528,3648881,,+,,354,gene-b3501,"ECOCYC:EG12235,GeneID:948013",,arsR,Gene,,,,,arsR,protein_coding,"arsE,ECK3486",b3501,,,,,,,,,,
NC_000913.3,RefSeq,gene,3648935,3650224,,+,,1290,gene-b3502,"ECOCYC:EG12236,GeneID:948011",,arsB,Gene,,,,,arsB,protein_coding,"arsF,ECK3487",b3502,,,,,,,,,,
NC_000913.3,RefSeq,gene,3650237,3650662,,+,,426,gene-b3503,"ECOCYC:EG12237,GeneID:948018",,arsC,Gene,,,,,arsC,protein_coding,"arsG,ECK3488",b3503,,,,,,,,,,
NC_000913.3,RefSeq,gene,3652182,3653162,,-,,981,gene-b3505,"ECOCYC:G7769,GeneID:948015",,insH11,Gene,,,,,insH11,protein_coding,"ECK0261,trs5-11,yi52_11",b3505,,,,,,,,,,
NC_000913.3,RefSeq,gene,3653961,3654527,,+,,567,gene-b3506,"ECOCYC:EG11890,GeneID:948022",,slp,Gene,,,,,slp,protein_coding,ECK3490,b3506,,,,,,,,,,
NC_000913.3,RefSeq,gene,3654683,3655213,,+,,531,gene-b3507,"ECOCYC:EG11889,GeneID:948021",,dctR,Gene,,,,,dctR,protein_coding,"ECK3491,yhiF",b3507,,,,,,,,,,
NC_000913.3,RefSeq,gene,3655255,3655902,,-,,648,gene-b3508,"ECOCYC:EG11400,GeneID:948019",,yhiD,Gene,,,,,yhiD,protein_coding,"ECK3492,yhhE",b3508,,,,,,,,,,
NC_000913.3,RefSeq,gene,3655966,3656292,,-,,327,gene-b3509,"ECOCYC:EG11399,GeneID:948026",,hdeB,Gene,,,,,hdeB,protein_coding,"ECK3493,yhhD,yhiC",b3509,,,,,,,,,,
NC_000913.3,RefSeq,gene,3656408,3656740,,-,,333,gene-b3510,"ECOCYC:EG11398,GeneID:948025",,hdeA,Gene,,,,,hdeA,protein_coding,"ECK3494,yhhC,yhiB",b3510,,,,,,,,,,
NC_000913.3,RefSeq,gene,3656995,3657567,,+,,573,gene-b3511,"ECOCYC:EG11495,GeneID:948024",,hdeD,Gene,,,,,hdeD,protein_coding,"ECK3495,yhiA",b3511,,,,,,,,,,
NC_000913.3,RefSeq,gene,3657985,3658054,,-,,70,gene-b4704,"ECOCYC:G0-10694,GeneID:11115378",,arrS,Gene,,,,,arrS,ncRNA,ECK4516,b4704,,,,,,,,,,
NC_000913.3,RefSeq,gene,3658366,3658893,,+,,528,gene-b3512,"ECOCYC:EG11544,GeneID:948023",,gadE,Gene,,,,,gadE,protein_coding,"ECK3496,yhiE,yhiT",b3512,,,,,,,,,,
NC_000913.3,RefSeq,gene,3658992,3659082,,+,,91,gene-b4718,"ECOCYC:G0-16680,GeneID:38094974",,gadF,Gene,,,,,gadF,ncRNA,ECK4575,b4718,,,,,,,,,,
NC_000913.3,RefSeq,gene,3659232,3660389,,+,,1158,gene-b3513,"ECOCYC:EG12240,GeneID:948031",,mdtE,Gene,,,,,mdtE,protein_coding,"ECK3497,yhiU",b3513,,,,,,,,,,
NC_000913.3,RefSeq,gene,3660414,3663527,,+,,3114,gene-b3514,"ECOCYC:EG12241,GeneID:948030",,mdtF,Gene,,,,,mdtF,protein_coding,"ECK3498,yhiV",b3514,,,,,,,,,,
NC_000913.3,RefSeq,gene,3663890,3664618,,-,,729,gene-b3515,"ECOCYC:EG12242,GeneID:948029",,gadW,Gene,,,,,gadW,protein_coding,"ECK3499,yhiW",b3515,,,,,,,,,,
NC_000913.3,RefSeq,gene,3664864,3664969,,+,,106,gene-b4452,"ECOCYC:G0-8914,GeneID:2847729",,gadY,Gene,,,,,gadY,ncRNA,"ECK3500,IS183",b4452,,,,,,,,,,
NC_000913.3,RefSeq,gene,3664986,3665810,,-,,825,gene-b3516,"ECOCYC:EG12243,GeneID:948028",,gadX,Gene,,,,,gadX,protein_coding,"ECK3501,yhiX",b3516,,,,,,,,,,
NC_000913.3,RefSeq,gene,3666180,3667580,,-,,1401,gene-b3517,"ECOCYC:EG50009,GeneID:948027",,gadA,Gene,,,,,gadA,protein_coding,"ECK3502,gadS",b3517,,,,,,,,,,
NC_000913.3,RefSeq,gene,3667791,3669188,,-,,1398,gene-b3518,"ECOCYC:EG12244,GeneID:948038",,ccp,Gene,,,,,ccp,protein_coding,"ECK3503,yhjA",b3518,,,,,,,,,,
NC_000913.3,RefSeq,gene,3669592,3671241,,+,,1650,gene-b3519,"ECOCYC:EG12245,GeneID:948037",,treF,Gene,,,,,treF,protein_coding,ECK3504,b3519,,,,,,,,,,
NC_000913.3,RefSeq,gene,3671292,3671894,,-,,603,gene-b3520,"ECOCYC:EG12246,GeneID:948036",,yhjB,Gene,,,,,yhjB,protein_coding,ECK3505,b3520,,,,,,,,,,
NC_000913.3,RefSeq,gene,3672414,3673313,,+,,900,gene-b3521,"ECOCYC:EG12247,GeneID:948035",,rcdB,Gene,,,,,rcdB,protein_coding,"ECK3506,yhjC",b3521,,,,,,,,,,
NC_000913.3,RefSeq,gene,3673362,3674375,,+,,1014,gene-b3522,"ECOCYC:EG12248,GeneID:948033",,yhjD,Gene,,,,,yhjD,protein_coding,ECK3507,b3522,,,,,,,,,,
NC_000913.3,RefSeq,gene,3674786,3676108,,+,,1323,gene-b3523,"ECOCYC:EG12249,GeneID:948032",,yhjE,Gene,,,,,yhjE,protein_coding,ECK3508,b3523,,,,,,,,,,
NC_000913.3,RefSeq,gene,3676290,3678350,,-,,2061,gene-b3524,"ECOCYC:EG12251,GeneID:948043",,yhjG,Gene,,,,,yhjG,protein_coding,"ECK3509,yhjF",b3524,,,,,,,,,,
NC_000913.3,RefSeq,gene,3678420,3679187,,-,,768,gene-b3525,"ECOCYC:EG12252,GeneID:948042",,pdeH,Gene,,,,,pdeH,protein_coding,"ECK3510,yhjH",b3525,,,,,,,,,,
NC_000913.3,RefSeq,gene,3679419,3680348,,+,,930,gene-b3526,"ECOCYC:EG12253,GeneID:948041",,kdgK,Gene,,,,,kdgK,protein_coding,"ECK3511,yhjI",b3526,,,,,,,,,,
NC_000913.3,RefSeq,gene,3680444,3681940,,-,,1497,gene-b3527,"ECOCYC:EG12254,GeneID:948040",,yhjJ,Gene,,,,,yhjJ,protein_coding,ECK3512,b3527,,,,,,,,,,
NC_000913.3,RefSeq,gene,3682161,3683447,,-,,1287,gene-b3528,"ECOCYC:EG20044,GeneID:948039",,dctA,Gene,,,,,dctA,protein_coding,ECK3513,b3528,,,,,,,,,,
NC_000913.3,RefSeq,gene,3683630,3685618,,-,,1989,gene-b3529,"ECOCYC:EG12256,GeneID:948048",,pdeK,Gene,,,,,pdeK,protein_coding,"ECK3514,yhjK",b3529,,,,,,,,,,
NC_000913.3,RefSeq,gene,3685700,3689173,,-,,3474,gene-b3530,"ECOCYC:EG12257,GeneID:948047",,bcsC,Gene,,,,,bcsC,protein_coding,"ECK3515,yhjL",b3530,,,,,,,,,,
NC_000913.3,RefSeq,gene,3689155,3690261,,-,,1107,gene-b3531,"ECOCYC:EG12258,GeneID:948046",,bcsZ,Gene,,,,,bcsZ,protein_coding,"bcsC,ECK3516,yhjM",b3531,,,,,,,,,,
NC_000913.3,RefSeq,gene,3690268,3692607,,-,,2340,gene-b3532,"ECOCYC:EG12259,GeneID:948045",,bcsB,Gene,,,,,bcsB,protein_coding,"ECK3517,yhjN",b3532,,,,,,,,,,
NC_000913.3,RefSeq,gene,3692618,3695236,,-,,2619,gene-b3533,"ECOCYC:EG12260,GeneID:948053",,bcsA,Gene,,,,,bcsA,protein_coding,"ECK3518,yhjO,yhjP",b3533,,,,,,,,,,
NC_000913.3,RefSeq,gene,3695997,3696185,,-,,189,gene-b3535,"ECOCYC:EG12262,GeneID:948051",,yhjR,Gene,,,,,yhjR,protein_coding,"bcsR,ECK3520",b3535,,,,,,,,,,
NC_000913.3,RefSeq,gene,3696458,3698029,,+,,1572,gene-b3536,"ECOCYC:EG12263,GeneID:948050",,bcsE,Gene,,,,,bcsE,protein_coding,"ECK3521,yhjS",b3536,,,,,,,,,,
NC_000913.3,RefSeq,gene,3698026,3698217,,+,,192,gene-b3537,"ECOCYC:EG12264,GeneID:948059",,bcsF,Gene,,,,,bcsF,protein_coding,"ECK3522,yhjT",b3537,,,,,,,,,,
NC_000913.3,RefSeq,gene,3698214,3699893,,+,,1680,gene-b3538,"ECOCYC:EG12265,GeneID:948058",,bcsG,Gene,,,,,bcsG,protein_coding,"ECK3523,yhjU",b3538,,,,,,,,,,
NC_000913.3,RefSeq,gene,3699980,3700087,,-,,108,gene-b4453,"ECOCYC:G0-9041,GeneID:2847730",,ldrD,Gene,,,,,ldrD,protein_coding,ECK3524,b4453,,,,,,,,,,
NC_000913.3,RefSeq,gene,3700136,3700199,,+,,64,gene-b4454,"ECOCYC:G0-9042,GeneID:2847731",,rdlD,Gene,,,,,rdlD,ncRNA,ECK3525,b4454,,,,,,,,,,
NC_000913.3,RefSeq,gene,3700563,3701834,,+,,1272,gene-b3539,"ECOCYC:EG12266,GeneID:948057",,yhjV,Gene,,,,,yhjV,protein_coding,ECK3526,b3539,,,,,,,,,,
NC_000913.3,RefSeq,gene,3701864,3702868,,-,,1005,gene-b3540,"ECOCYC:EG12628,GeneID:948056",,dppF,Gene,,,,,dppF,protein_coding,"dppE,ECK3527",b3540,,,,,,,,,,
NC_000913.3,RefSeq,gene,3702865,3703848,,-,,984,gene-b3541,"ECOCYC:EG12627,GeneID:948065",,dppD,Gene,,,,,dppD,protein_coding,ECK3528,b3541,,,,,,,,,,
NC_000913.3,RefSeq,gene,3703859,3704761,,-,,903,gene-b3542,"ECOCYC:EG12626,GeneID:948064",,dppC,Gene,,,,,dppC,protein_coding,ECK3529,b3542,,,,,,,,,,
NC_000913.3,RefSeq,gene,3704771,3705790,,-,,1020,gene-b3543,"ECOCYC:EG12625,GeneID:948063",,dppB,Gene,,,,,dppB,protein_coding,ECK3530,b3543,,,,,,,,,,
NC_000913.3,RefSeq,gene,3706098,3707705,,-,,1608,gene-b3544,"ECOCYC:EG10248,GeneID:948062",,dppA,Gene,,,,,dppA,protein_coding,"alu,dpp,ECK3531,fpp",b3544,,,,,,,,,,
NC_000913.3,RefSeq,gene,3708616,3708692,,-,,77,gene-b3545,"ECOCYC:EG30066,GeneID:948061",,proK,Gene,,,,,proK,tRNA,"ECK3532,proV",b3545,,,,,,,,,,
NC_000913.3,RefSeq,gene,3708784,3710475,,-,,1692,gene-b3546,"ECOCYC:EG12267,GeneID:948068",,eptB,Gene,,,,,eptB,protein_coding,"ECK3533,yhjW",b3546,,,,,,,,,,
NC_000913.3,RefSeq,gene,3710799,3712007,,-,,1209,gene-b3547,"ECOCYC:EG12268,GeneID:948066",,yhjX,Gene,,,,,yhjX,protein_coding,ECK3534,b3547,,,,,,,,,,
NC_000913.3,RefSeq,gene,3712236,3712934,,-,,699,gene-b3548,"ECOCYC:EG12269,GeneID:948073",,yhjY,Gene,,,,,yhjY,protein_coding,ECK3535,b3548,,,,,,,,,,
NC_000913.3,RefSeq,gene,3713092,3713655,,+,,564,gene-b3549,"ECOCYC:EG10986,GeneID:947137",,tag,Gene,,,,,tag,protein_coding,"ECK3536,tagA",b3549,,,,,,,,,,
NC_000913.3,RefSeq,gene,3713652,3714092,,+,,441,gene-b3550,"ECOCYC:EG12270,GeneID:946460",,yiaC,Gene,,,,,yiaC,protein_coding,ECK3537,b3550,,,,,,,,,,
NC_000913.3,RefSeq,gene,3714061,3716394,,-,,2334,gene-b3551,"ECOCYC:EG10124,GeneID:946915",,bisC,Gene,,,,,bisC,protein_coding,ECK3538,b3551,,,,,,,,,,
NC_000913.3,RefSeq,gene,3716547,3717206,,+,,660,gene-b3552,"ECOCYC:EG12271,GeneID:948075",,yiaD,Gene,,,,,yiaD,protein_coding,ECK3539,b3552,,,,,,,,,,
NC_000913.3,RefSeq,gene,3717310,3718284,,+,,975,gene-b3553,"ECOCYC:EG12272,GeneID:948074",,ghrB,Gene,,,,,ghrB,protein_coding,"ECK3540,tkrA,yiaE",b3553,,,,,,,,,,
NC_000913.3,RefSeq,gene,3718334,3719044,,-,,711,gene-b3554,"ECOCYC:EG12273,GeneID:948072",,yiaF,Gene,,,,,yiaF,protein_coding,ECK3541,b3554,,,,,,,,,,
NC_000913.3,RefSeq,gene,3719478,3719768,,+,,291,gene-b3555,"ECOCYC:EG12624,GeneID:948071",,yiaG,Gene,,,,,yiaG,protein_coding,ECK3542,b3555,,,,,,,,,,
NC_000913.3,RefSeq,gene,3720049,3720261,,+,,213,gene-b3556,"ECOCYC:EG10166,GeneID:948070",,cspA,Gene,,,,,cspA,protein_coding,ECK3543,b3556,,,,,,,,,,
NC_000913.3,RefSeq,gene,3720400,3720471,,+,,72,gene-b4793,"ECOCYC:G0-17039,GeneID:63925656",,ysaE,Gene,,,,,ysaE,protein_coding,ECK4650,b4793,,,,,,,,,,
NC_000913.3,RefSeq,gene,3720448,3720600,,-,,153,gene-b4455,"ECOCYC:G0-9613,GeneID:2847732",,hokA,Gene,,,,,hokA,protein_coding,"ECK3544,yiaZ",b4455,,,,,,,,,,
NC_000913.3,RefSeq,gene,3720680,3721201,,+,,522,gene-b3557,"ECOCYC:G7776,GeneID:948082",,insJ,Gene,,,,,insJ,protein_coding,"ECK3545,yi5A",b3557,,,,,,,,,,
NC_000913.3,RefSeq,gene,3721198,3722049,,+,,852,gene-b3558,"ECOCYC:G7777,GeneID:948081",,insK,Gene,,,,,insK,protein_coding,"dinS,ECK3546,t150,yi5B",b3558,,,,,,,,,,
NC_000913.3,RefSeq,gene,3722328,3724397,,-,,2070,gene-b3559,"ECOCYC:EG10410,GeneID:948080",,glyS,Gene,,,,,glyS,protein_coding,ECK3547,b3559,,,,,,,,,,
NC_000913.3,RefSeq,gene,3724407,3725318,,-,,912,gene-b3560,"ECOCYC:EG10409,GeneID:948079",,glyQ,Gene,,,,,glyQ,protein_coding,"cfcA,ECK3548,glyS(A)",b3560,,,,,,,,,,
NC_000913.3,RefSeq,gene,3725413,3725712,,-,,300,gene-b4553,"ECOCYC:G0-10467,GeneID:1450292",,ysaB,Gene,,,,,ysaB,protein_coding,ECK3549,b4553,,,,,,,,,,
NC_000913.3,RefSeq,gene,3725887,3726882,,+,,996,gene-b3561,"ECOCYC:EG12274,GeneID:948077",,wecH,Gene,,,,,wecH,protein_coding,"ECK3550,yiaH",b3561,,,,,,,,,,
NC_000913.3,RefSeq,gene,3726924,3727361,,-,,438,gene-b3562,"ECOCYC:EG11186,GeneID:948078",,yiaA,Gene,,,,,yiaA,protein_coding,ECK3551,b3562,,,,,,,,,,
NC_000913.3,RefSeq,gene,3727407,3727748,,-,,342,gene-b3563,"ECOCYC:EG11267,GeneID:948152",,yiaB,Gene,,,,,yiaB,protein_coding,ECK3552,b3563,,,,,,,,,,
NC_000913.3,RefSeq,gene,3727917,3729371,,-,,1455,gene-b3564,"ECOCYC:EG11075,GeneID:948133",,xylB,Gene,,,,,xylB,protein_coding,ECK3553,b3564,,,,,,,,,,
NC_000913.3,RefSeq,gene,3729386,3729545,,-,,160,gene-b4834,"ECOCYC:G0-17109,GeneID:71004573",,xylZ,Gene,,,,,xylZ,ncRNA,ECK4691,b4834,,,,,,,,,,
NC_000913.3,RefSeq,gene,3729443,3730765,,-,,1323,gene-b3565,"ECOCYC:EG11074,GeneID:948141",,xylA,Gene,,,,,xylA,protein_coding,ECK3554,b3565,,,,,,,,,,
NC_000913.3,RefSeq,gene,3731131,3732123,,+,,993,gene-b3566,"ECOCYC:EG20252,GeneID:948090",,xylF,Gene,,,,,xylF,protein_coding,"ECK3555,xylT",b3566,,,,,,,,,,
NC_000913.3,RefSeq,gene,3732201,3733742,,+,,1542,gene-b3567,"ECOCYC:EG12275,GeneID:948127",,xylG,Gene,,,,,xylG,protein_coding,ECK3556,b3567,,,,,,,,,,
NC_000913.3,RefSeq,gene,3733720,3734901,,+,,1182,gene-b3568,"ECOCYC:EG12276,GeneID:948083",,xylH,Gene,,,,,xylH,protein_coding,ECK3557,b3568,,,,,,,,,,
NC_000913.3,RefSeq,gene,3734979,3736157,,+,,1179,gene-b3569,"ECOCYC:EG20253,GeneID:948086",,xylR,Gene,,,,,xylR,protein_coding,ECK3558,b3569,,,,,,,,,,
NC_000913.3,RefSeq,gene,3736353,3737177,,-,,825,gene-b3570,"ECOCYC:EG11360,GeneID:948089",,bax,Gene,,,,,bax,protein_coding,ECK3559,b3570,,,,,,,,,,
NC_000913.3,RefSeq,gene,3737177,3737203,,-,,27,gene-b4794,"ECOCYC:G0-17040,GeneID:63925657",,baxL,Gene,,,,,baxL,protein_coding,ECK4651,b4794,,,,,,,,,,
NC_000913.3,RefSeq,gene,3737497,3739527,,+,,2031,gene-b3571,"ECOCYC:EG11316,GeneID:948088",,malS,Gene,,,,,malS,protein_coding,ECK3560,b3571,,,,,,,,,,
NC_000913.3,RefSeq,gene,3739705,3740958,,+,,1254,gene-b3572,"ECOCYC:EG10107,GeneID:948087",,avtA,Gene,,,,,avtA,protein_coding,ECK3561,b3572,,,,,,,,,,
NC_000913.3,RefSeq,gene,3741109,3741582,,-,,474,gene-b3573,"ECOCYC:EG12277,GeneID:948085",,ysaA,Gene,,,,,ysaA,protein_coding,"ECK3562,yiaI",b3573,,,,,,,,,,
NC_000913.3,RefSeq,gene,3741684,3742532,,-,,849,gene-b3574,"ECOCYC:EG12278,GeneID:948084",,plaR,Gene,,,,,plaR,protein_coding,"ECK3563,yiaJ",b3574,,,,,,,,,,
NC_000913.3,RefSeq,gene,3742733,3743731,,+,,999,gene-b3575,"ECOCYC:EG12279,GeneID:948096",,yiaK,Gene,,,,,yiaK,protein_coding,ECK3564,b3575,,,,,,,,,,
NC_000913.3,RefSeq,gene,3743743,3744210,,+,,468,gene-b3576,"ECOCYC:EG12280,GeneID:948094",,yiaL,Gene,,,,,yiaL,protein_coding,ECK3565,b3576,,,,,,,,,,
NC_000913.3,RefSeq,gene,3744328,3744801,,+,,474,gene-b3577,"ECOCYC:EG12281,GeneID:948093",,yiaM,Gene,,,,,yiaM,protein_coding,ECK3566,b3577,,,,,,,,,,
NC_000913.3,RefSeq,gene,3744804,3746081,,+,,1278,gene-b3578,"ECOCYC:EG12282,GeneID:948092",,yiaN,Gene,,,,,yiaN,protein_coding,ECK3567,b3578,,,,,,,,,,
NC_000913.3,RefSeq,gene,3746094,3747080,,+,,987,gene-b3579,"ECOCYC:EG12283,GeneID:948091",,yiaO,Gene,,,,,yiaO,protein_coding,ECK3568,b3579,,,,,,,,,,
NC_000913.3,RefSeq,gene,3747084,3748580,,+,,1497,gene-b3580,"ECOCYC:EG12284,GeneID:948101",,lyxK,Gene,,,,,lyxK,protein_coding,"ECK3569,lyx,sgbK,xylK,yiaP",b3580,,,,,,,,,,
NC_000913.3,RefSeq,gene,3748577,3749239,,+,,663,gene-b3581,"ECOCYC:EG12285,GeneID:948098",,sgbH,Gene,,,,,sgbH,protein_coding,"ECK3570,yiaQ",b3581,,,,,,,,,,
NC_000913.3,RefSeq,gene,3749232,3750092,,+,,861,gene-b3582,"ECOCYC:EG12286,GeneID:948100",,sgbU,Gene,,,,,sgbU,protein_coding,"ECK3571,yiaR",b3582,,,,,,,,,,
NC_000913.3,RefSeq,gene,3750086,3750781,,+,,696,gene-b3583,"ECOCYC:EG12287,GeneID:948099",,sgbE,Gene,,,,,sgbE,protein_coding,"ECK3572,yiaS",b3583,,,,,,,,,,
NC_000913.3,RefSeq,gene,3751128,3751868,,-,,741,gene-b3584,"ECOCYC:EG12288,GeneID:948097",,yiaT,Gene,,,,,yiaT,protein_coding,ECK3573,b3584,,,,,,,,,,
NC_000913.3,RefSeq,gene,3751992,3752966,,+,,975,gene-b3585,"ECOCYC:EG12289,GeneID:948107",,yiaU,Gene,,,,,yiaU,protein_coding,ECK3574,b3585,,,,,,,,,,
NC_000913.3,RefSeq,gene,3752963,3754099,,-,,1137,gene-b3586,"ECOCYC:EG12290,GeneID:948106",,yiaV,Gene,,,,,yiaV,protein_coding,ECK3575,b3586,,,,,,,,,,
NC_000913.3,RefSeq,gene,3754105,3754428,,-,,324,gene-b3587,"ECOCYC:EG12291,GeneID:948105",,yiaW,Gene,,,,,yiaW,protein_coding,ECK3576,b3587,,,,,,,,,,
NC_000913.3,RefSeq,gene,3754973,3756511,,-,,1539,gene-b3588,"ECOCYC:EG12292,GeneID:948104",,aldB,Gene,,,,,aldB,protein_coding,"ECK3577,yiaX",b3588,,,,,,,,,,
NC_000913.3,RefSeq,gene,3756676,3757827,,-,,1152,gene-b3589,"ECOCYC:EG12293,GeneID:948102",,yiaY,Gene,,,,,yiaY,protein_coding,ECK3578,b3589,,,,,,,,,,
NC_000913.3,RefSeq,gene,3758017,3759861,,-,,1845,gene-b3590,"ECOCYC:EG10942,GeneID:948103",,selB,Gene,,,,,selB,protein_coding,"ECK3579,fdhA",b3590,,,,,,,,,,
NC_000913.3,RefSeq,gene,3759858,3761249,,-,,1392,gene-b3591,"ECOCYC:EG10941,GeneID:948124",,selA,Gene,,,,,selA,protein_coding,"ECK3580,fdhA",b3591,,,,,,,,,,
NC_000913.3,RefSeq,gene,3761347,3761955,,-,,609,gene-b3592,"ECOCYC:EG11762,GeneID:948113",,yibF,Gene,,,,,yibF,protein_coding,ECK3581,b3592,,,,,,,,,,
NC_000913.3,RefSeq,gene,3762183,3766316,,+,,4134,gene-b3593,"ECOCYC:EG10846,GeneID:948120",,rhsA,Gene,,,,,rhsA,protein_coding,ECK3582,b3593,,,,,,,,,,
NC_000913.3,RefSeq,gene,3766337,3767179,,+,,843,gene-b3594,"ECOCYC:EG11187,GeneID:948108",,yibA,Gene,,,,,yibA,protein_coding,ECK3583,b3594,,,,,,,,,,
NC_000913.3,RefSeq,gene,3768177,3768638,,+,,462,gene-b3596,"ECOCYC:EG11763,GeneID:948111",,yibG,Gene,,,,,yibG,protein_coding,ECK3585,b3596,,,,,,,,,,
NC_000913.3,RefSeq,gene,3769345,3769680,,+,,336,gene-b4615,"ECOCYC:G0-10605,GeneID:5061524",,yibV,Gene,,,,,yibV,protein_coding,ECK4424,b4615,,,,,,,,,,
NC_000913.3,RefSeq,gene,3770243,3771379,,-,,1137,gene-b3597,"ECOCYC:EG11764,GeneID:948110",,yibH,Gene,,,,,yibH,protein_coding,ECK3586,b3597,,,,,,,,,,
NC_000913.3,RefSeq,gene,3771382,3771744,,-,,363,gene-b3598,"ECOCYC:EG11765,GeneID:948109",,yibI,Gene,,,,,yibI,protein_coding,ECK3587,b3598,,,,,,,,,,
NC_000913.3,RefSeq,gene,3772281,3774194,,+,,1914,gene-b3599,"ECOCYC:EG10615,GeneID:948118",,mtlA,Gene,,,,,mtlA,protein_coding,"ECK3588,mtlC",b3599,,,,,,,,,,
NC_000913.3,RefSeq,gene,3774424,3775572,,+,,1149,gene-b3600,"ECOCYC:EG10616,GeneID:948117",,mtlD,Gene,,,,,mtlD,protein_coding,ECK3589,b3600,,,,,,,,,,
NC_000913.3,RefSeq,gene,3775572,3776159,,+,,588,gene-b3601,"ECOCYC:EG11965,GeneID:948116",,mtlR,Gene,,,,,mtlR,protein_coding,ECK3590,b3601,,,,,,,,,,
NC_000913.3,RefSeq,gene,3776171,3776380,,-,,210,gene-b4554,"ECOCYC:G0-10468,GeneID:1450299",,yibT,Gene,,,,,yibT,protein_coding,ECK3591,b4554,,,,,,,,,,
NC_000913.3,RefSeq,gene,3776665,3777027,,+,,363,gene-b3602,"ECOCYC:EG11964,GeneID:948115",,yibL,Gene,,,,,yibL,protein_coding,ECK3592,b3602,,,,,,,,,,
NC_000913.3,RefSeq,gene,3777399,3779054,,+,,1656,gene-b3603,"ECOCYC:EG11961,GeneID:948114",,lldP,Gene,,,,,lldP,protein_coding,"ECK3593,lct,lctP",b3603,,,,,,,,,,
NC_000913.3,RefSeq,gene,3779054,3779830,,+,,777,gene-b3604,"ECOCYC:EG11962,GeneID:948122",,lldR,Gene,,,,,lldR,protein_coding,"ECK3594,lct,lctR",b3604,,,,,,,,,,
NC_000913.3,RefSeq,gene,3779827,3781017,,+,,1191,gene-b3605,"ECOCYC:EG11963,GeneID:948121",,lldD,Gene,,,,,lldD,protein_coding,"ECK3595,lct,lctD",b3605,,,,,,,,,,
NC_000913.3,RefSeq,gene,3781215,3781688,,+,,474,gene-b3606,"ECOCYC:EG11888,GeneID:948119",,trmL,Gene,,,,,trmL,protein_coding,"ECK3596,yibK",b3606,,,,,,,,,,
NC_000913.3,RefSeq,gene,3781741,3782562,,-,,822,gene-b3607,"ECOCYC:EG10187,GeneID:948126",,cysE,Gene,,,,,cysE,protein_coding,ECK3597,b3607,,,,,,,,,,
NC_000913.3,RefSeq,gene,3782642,3783661,,-,,1020,gene-b3608,"ECOCYC:EG20091,GeneID:948125",,gpsA,Gene,,,,,gpsA,protein_coding,ECK3598,b3608,,,,,,,,,,
NC_000913.3,RefSeq,gene,3783661,3784128,,-,,468,gene-b3609,"ECOCYC:EG10937,GeneID:948123",,secB,Gene,,,,,secB,protein_coding,ECK3599,b3609,,,,,,,,,,
NC_000913.3,RefSeq,gene,3784191,3784442,,-,,252,gene-b3610,"ECOCYC:EG12294,GeneID:948132",,grxC,Gene,,,,,grxC,protein_coding,"ECK3600,yibM",b3610,,,,,,,,,,
NC_000913.3,RefSeq,gene,3784584,3785015,,-,,432,gene-b3611,"ECOCYC:EG12295,GeneID:948131",,yibN,Gene,,,,,yibN,protein_coding,ECK3601,b3611,,,,,,,,,,
NC_000913.3,RefSeq,gene,3785260,3786804,,+,,1545,gene-b3612,"ECOCYC:EG12296,GeneID:948130",,gpmM,Gene,,,,,gpmM,protein_coding,"ECK3602,gpmC,gpmI,pgmI,yibO",b3612,,,,,,,,,,
NC_000913.3,RefSeq,gene,3786838,3788097,,+,,1260,gene-b3613,"ECOCYC:EG12297,GeneID:948129",,envC,Gene,,,,,envC,protein_coding,"ECK3603,slm11,yibP",b3613,,,,,,,,,,
NC_000913.3,RefSeq,gene,3788101,3789060,,+,,960,gene-b3614,"ECOCYC:EG12298,GeneID:948128",,yibQ,Gene,,,,,yibQ,protein_coding,ECK3604,b3614,,,,,,,,,,
NC_000913.3,RefSeq,gene,3789047,3790081,,-,,1035,gene-b3615,"ECOCYC:EG11266,GeneID:948140",,waaH,Gene,,,,,waaH,protein_coding,"ECK3605,yibD",b3615,,,,,,,,,,
NC_000913.3,RefSeq,gene,3790320,3791345,,-,,1026,gene-b3616,"ECOCYC:EG10993,GeneID:948139",,tdh,Gene,,,,,tdh,protein_coding,ECK3606,b3616,,,,,,,,,,
NC_000913.3,RefSeq,gene,3791355,3792551,,-,,1197,gene-b3617,"ECOCYC:EG10512,GeneID:948138",,kbl,Gene,,,,,kbl,protein_coding,ECK3607,b3617,,,,,,,,,,
NC_000913.3,RefSeq,gene,3792826,3793683,,-,,858,gene-b3618,"ECOCYC:EG11188,GeneID:948137",,htrL,Gene,,,,,htrL,protein_coding,"ECK3608,yibB",b3618,,,,,,,,,,
NC_000913.3,RefSeq,gene,3793987,3794919,,+,,933,gene-b3619,"ECOCYC:EG10838,GeneID:948134",,rfaD,Gene,,,,,rfaD,protein_coding,"ECK3609,hldD,htrM,nbsB,waaD",b3619,,,,,,,,,,
NC_000913.3,RefSeq,gene,3794929,3795975,,+,,1047,gene-b3620,"ECOCYC:EG12210,GeneID:948135",,waaF,Gene,,,,,waaF,protein_coding,"ECK3610,rfaF",b3620,,,,,,,,,,
NC_000913.3,RefSeq,gene,3795979,3796938,,+,,960,gene-b3621,"ECOCYC:EG11189,GeneID:948136",,waaC,Gene,,,,,waaC,protein_coding,"ECK3611,rfa-2,rfaC,yibC",b3621,,,,,,,,,,
NC_000913.3,RefSeq,gene,3796948,3798207,,+,,1260,gene-b3622,"ECOCYC:EG11424,GeneID:948148",,waaL,Gene,,,,,waaL,protein_coding,"ECK3612,rfaL",b3622,,,,,,,,,,
NC_000913.3,RefSeq,gene,3797772,3798014,,-,,243,gene-b4795,"ECOCYC:G0-17041,GeneID:63925658",,yibX,Gene,,,,,yibX,protein_coding,ECK4652,b4795,,,,,,,,,,
NC_000913.3,RefSeq,gene,3798039,3798149,,-,,111,gene-b4796,"ECOCYC:G0-17042,GeneID:63925659",,yibY,Gene,,,,,yibY,protein_coding,ECK4653,b4796,,,,,,,,,,
NC_000913.3,RefSeq,gene,3798239,3799312,,-,,1074,gene-b3623,"ECOCYC:EG11423,GeneID:948147",,waaU,Gene,,,,,waaU,protein_coding,"ECK3613,rfaK",b3623,,,,,,,,,,
NC_000913.3,RefSeq,gene,3799345,3800196,,-,,852,gene-b3624,"ECOCYC:EG11426,GeneID:948146",,waaZ,Gene,,,,,waaZ,protein_coding,"ECK3614,rfaZ",b3624,,,,,,,,,,
NC_000913.3,RefSeq,gene,3800267,3800965,,-,,699,gene-b3625,"ECOCYC:EG11425,GeneID:948145",,waaY,Gene,,,,,waaY,protein_coding,"ECK3615,rfaY",b3625,,,,,,,,,,
NC_000913.3,RefSeq,gene,3800983,3801999,,-,,1017,gene-b3626,"ECOCYC:EG11353,GeneID:948142",,waaJ,Gene,,,,,waaJ,protein_coding,"ECK3616,rfaJ,waaR",b3626,,,,,,,,,,
NC_000913.3,RefSeq,gene,3802039,3803058,,-,,1020,gene-b3627,"ECOCYC:EG11352,GeneID:948143",,waaO,Gene,,,,,waaO,protein_coding,"ECK3617,rfaI,waaI",b3627,,,,,,,,,,
NC_000913.3,RefSeq,gene,3803058,3804137,,-,,1080,gene-b3628,"ECOCYC:EG11351,GeneID:948144",,waaB,Gene,,,,,waaB,protein_coding,"ECK3618,lps,rfaB,syn",b3628,,,,,,,,,,
NC_000913.3,RefSeq,gene,3804181,3805116,,-,,936,gene-b3629,"ECOCYC:EG11350,GeneID:948151",,waaS,Gene,,,,,waaS,protein_coding,"ECK3619,rfaS",b3629,,,,,,,,,,
NC_000913.3,RefSeq,gene,3805153,3805950,,-,,798,gene-b3630,"ECOCYC:EG11340,GeneID:948150",,waaP,Gene,,,,,waaP,protein_coding,"ECK3620,rfaP",b3630,,,,,,,,,,
NC_000913.3,RefSeq,gene,3805943,3807067,,-,,1125,gene-b3631,"ECOCYC:EG11339,GeneID:948149",,waaG,Gene,,,,,waaG,protein_coding,"ECK3621,rfaG",b3631,,,,,,,,,,
NC_000913.3,RefSeq,gene,3807064,3808098,,-,,1035,gene-b3632,"ECOCYC:EG11341,GeneID:948155",,waaQ,Gene,,,,,waaQ,protein_coding,"ECK3622,rfaQ",b3632,,,,,,,,,,
NC_000913.3,RefSeq,gene,3808166,3808238,,-,,73,gene-b4760,"ECOCYC:G0-16662,GeneID:63925660",,rirA,Gene,,,,,rirA,ncRNA,ECK4617,b4760,,,,,,,,,,
NC_000913.3,RefSeq,gene,3808540,3809817,,+,,1278,gene-b3633,"ECOCYC:EG10520,GeneID:949048",,waaA,Gene,,,,,waaA,protein_coding,"ECK3623,kdtA",b3633,,,,,,,,,,
NC_000913.3,RefSeq,gene,3809825,3810304,,+,,480,gene-b3634,"ECOCYC:EG11190,GeneID:947386",,coaD,Gene,,,,,coaD,protein_coding,"ECK3624,kdtB,yicA",b3634,,,,,,,,,,
NC_000913.3,RefSeq,gene,3810343,3811152,,-,,810,gene-b3635,"ECOCYC:EG10329,GeneID:946765",,mutM,Gene,,,,,mutM,protein_coding,"ECK3625,fpg",b3635,,,,,,,,,,
NC_000913.3,RefSeq,gene,3811250,3811417,,-,,168,gene-b3636,"ECOCYC:EG10891,GeneID:946318",,rpmG,Gene,,,,,rpmG,protein_coding,ECK3626,b3636,,,,,,,,,,
NC_000913.3,RefSeq,gene,3811438,3811674,,-,,237,gene-b3637,"ECOCYC:EG10886,GeneID:946941",,rpmB,Gene,,,,,rpmB,protein_coding,ECK3627,b3637,,,,,,,,,,
NC_000913.3,RefSeq,gene,3811891,3812559,,-,,669,gene-b3638,"ECOCYC:EG11312,GeneID:948968",,yicR,Gene,,,,,yicR,protein_coding,"ECK3628,radC",b3638,,,,,,,,,,
NC_000913.3,RefSeq,gene,3812731,3813951,,+,,1221,gene-b3639,"ECOCYC:EG10004,GeneID:949047",,dfp,Gene,,,,,dfp,protein_coding,"coaBC,ECK3629",b3639,,,,,,,,,,
NC_000913.3,RefSeq,gene,3813929,3814387,,+,,459,gene-b3640,"ECOCYC:EG10251,GeneID:948607",,dut,Gene,,,,,dut,protein_coding,"dnaS,ECK3630,sof",b3640,,,,,,,,,,
NC_000913.3,RefSeq,gene,3814494,3815090,,+,,597,gene-b3641,"ECOCYC:EG11191,GeneID:948158",,slmA,Gene,,,,,slmA,protein_coding,"ECK3631,ttk,yicB",b3641,,,,,,,,,,
NC_000913.3,RefSeq,gene,3815127,3815768,,-,,642,gene-b3642,"ECOCYC:EG10808,GeneID:948157",,pyrE,Gene,,,,,pyrE,protein_coding,ECK3632,b3642,,,,,,,,,,
NC_000913.3,RefSeq,gene,3815863,3816549,,-,,687,gene-b3643,"ECOCYC:EG10863,GeneID:948156",,rph,Gene,,,,,rph,protein_coding,ECK3633,b3643,,,,,,,,,,
NC_000913.3,RefSeq,gene,3816676,3817539,,+,,864,gene-b3644,"ECOCYC:EG11192,GeneID:948154",,yicC,Gene,,,,,yicC,protein_coding,ECK3634,b3644,,,,,,,,,,
NC_000913.3,RefSeq,gene,3817760,3818584,,+,,825,gene-b3645,"ECOCYC:EG11193,GeneID:948153",,dinD,Gene,,,,,dinD,protein_coding,"ECK3635,pcsA,yicD",b3645,,,,,,,,,,
NC_000913.3,RefSeq,gene,3818874,3819491,,+,,618,gene-b3646,"ECOCYC:EG11683,GeneID:948165",,yicG,Gene,,,,,yicG,protein_coding,ECK3636,b3646,,,,,,,,,,
NC_000913.3,RefSeq,gene,3819488,3821170,,-,,1683,gene-b3647,"ECOCYC:EG11334,GeneID:948164",,ligB,Gene,,,,,ligB,protein_coding,"ECK3637,yicF",b3647,,,,,,,,,,
NC_000913.3,RefSeq,gene,3821428,3822051,,+,,624,gene-b3648,"ECOCYC:EG10965,GeneID:948163",,gmk,Gene,,,,,gmk,protein_coding,"ECK3638,spoR",b3648,,,,,,,,,,
NC_000913.3,RefSeq,gene,3822106,3822381,,+,,276,gene-b3649,"ECOCYC:EG10899,GeneID:948160",,rpoZ,Gene,,,,,rpoZ,protein_coding,"ECK3639,spoS",b3649,,,,,,,,,,
NC_000913.3,RefSeq,gene,3822400,3824508,,+,,2109,gene-b3650,"ECOCYC:EG10966,GeneID:948159",,spoT,Gene,,,,,spoT,protein_coding,ECK3640,b3650,,,,,,,,,,
NC_000913.3,RefSeq,gene,3824515,3825204,,+,,690,gene-b3651,"ECOCYC:EG10967,GeneID:948161",,trmH,Gene,,,,,trmH,protein_coding,"ECK3641,spoU",b3651,,,,,,,,,,
NC_000913.3,RefSeq,gene,3825210,3827291,,+,,2082,gene-b3652,"ECOCYC:EG10829,GeneID:948162",,recG,Gene,,,,,recG,protein_coding,"ECK3642,radC,spoV",b3652,,,,,,,,,,
NC_000913.3,RefSeq,gene,3827460,3828665,,-,,1206,gene-b3653,"ECOCYC:EG10406,GeneID:948166",,gltS,Gene,,,,,gltS,protein_coding,"ECK3643,gltC",b3653,,,,,,,,,,
NC_000913.3,RefSeq,gene,3828945,3830336,,+,,1392,gene-b3654,"ECOCYC:EG11194,GeneID:948172",,xanP,Gene,,,,,xanP,protein_coding,"ECK3644,yicE",b3654,,,,,,,,,,
NC_000913.3,RefSeq,gene,3830457,3832166,,+,,1710,gene-b3655,"ECOCYC:EG11684,GeneID:948171",,yicH,Gene,,,,,yicH,protein_coding,ECK3645,b3655,,,,,,,,,,
NC_000913.3,RefSeq,gene,3832219,3834537,,-,,2319,gene-b3656,"ECOCYC:EG11685,GeneID:948169",,yicI,Gene,,,,,yicI,protein_coding,ECK3646,b3656,,,,,,,,,,
NC_000913.3,RefSeq,gene,3834547,3835929,,-,,1383,gene-b3657,"ECOCYC:EG11686,GeneID:948168",,yicJ,Gene,,,,,yicJ,protein_coding,ECK3647,b3657,,,,,,,,,,
NC_000913.3,RefSeq,gene,3836222,3836316,,+,,95,gene-b3658,"ECOCYC:EG30092,GeneID:948167",,selC,Gene,,,,,selC,tRNA,"ECK3648,fdhC",b3658,,,,,,,,,,
NC_000913.3,RefSeq,gene,3836953,3838137,,+,,1185,gene-b3659,"ECOCYC:EG11687,GeneID:948177",,setC,Gene,,,,,setC,protein_coding,"ECK3649,yicK",b3659,,,,,,,,,,
NC_000913.3,RefSeq,gene,3838248,3839171,,+,,924,gene-b3660,"ECOCYC:EG11688,GeneID:948176",,yicL,Gene,,,,,yicL,protein_coding,ECK3650,b3660,,,,,,,,,,
NC_000913.3,RefSeq,gene,3838642,3838701,,-,,60,gene-b4797,"ECOCYC:G0-17043,GeneID:63925661",,yicU,Gene,,,,,yicU,protein_coding,ECK4654,b4797,,,,,,,,,,
NC_000913.3,RefSeq,gene,3839175,3839993,,-,,819,gene-b3661,"ECOCYC:EG10657,GeneID:948175",,nlpA,Gene,,,,,nlpA,protein_coding,ECK3651,b3661,,,,,,,,,,
NC_000913.3,RefSeq,gene,3840215,3840508,,+,,294,gene-b4555,"ECOCYC:G0-10469,GeneID:1450300",,yicS,Gene,,,,,yicS,protein_coding,ECK3652,b4555,,,,,,,,,,
NC_000913.3,RefSeq,gene,3840549,3841739,,-,,1191,gene-b3662,"ECOCYC:EG11689,GeneID:948213",,nepI,Gene,,,,,nepI,protein_coding,"ECK3653,yicM",b3662,,,,,,,,,,
NC_000913.3,RefSeq,gene,3841950,3842402,,-,,453,gene-b3663,"ECOCYC:EG11690,GeneID:948173",,yicN,Gene,,,,,yicN,protein_coding,ECK3654,b3663,,,,,,,,,,
NC_000913.3,RefSeq,gene,3842455,3843789,,-,,1335,gene-b3664,"ECOCYC:EG11691,GeneID:948174",,adeQ,Gene,,,,,adeQ,protein_coding,"ECK3655,yicO",b3664,,,,,,,,,,
NC_000913.3,RefSeq,gene,3843964,3845730,,+,,1767,gene-b3665,"ECOCYC:EG11692,GeneID:948210",,adeD,Gene,,,,,adeD,protein_coding,"ade,adu,ECK3656,yicP",b3665,,,,,,,,,,
NC_000913.3,RefSeq,gene,3845730,3845995,,-,,266,gene-b4829,"ECOCYC:G0-17104,GeneID:71004574",,uhpU,Gene,,,,,uhpU,ncRNA,ECK4686,b4829,,,,,,,,,,
NC_000913.3,RefSeq,gene,3845776,3847167,,-,,1392,gene-b3666,"ECOCYC:EG11054,GeneID:948201",,uhpT,Gene,,,,,uhpT,protein_coding,ECK3657,b3666,,,,,,,,,,
NC_000913.3,RefSeq,gene,3847305,3848624,,-,,1320,gene-b3667,"ECOCYC:EG11053,GeneID:948184",,uhpC,Gene,,,,,uhpC,protein_coding,ECK3658,b3667,,,,,,,,,,
NC_000913.3,RefSeq,gene,3848634,3850136,,-,,1503,gene-b3668,"ECOCYC:EG11052,GeneID:948195",,uhpB,Gene,,,,,uhpB,protein_coding,ECK3659,b3668,,,,,,,,,,
NC_000913.3,RefSeq,gene,3850136,3850726,,-,,591,gene-b3669,"ECOCYC:EG11051,GeneID:948178",,uhpA,Gene,,,,,uhpA,protein_coding,ECK3660,b3669,,,,,,,,,,
NC_000913.3,RefSeq,gene,3850802,3851092,,-,,291,gene-b3670,"ECOCYC:EG10502,GeneID:948183",,ilvN,Gene,,,,,ilvN,protein_coding,ECK3661,b3670,,,,,,,,,,
NC_000913.3,RefSeq,gene,3851096,3852784,,-,,1689,gene-b3671,"ECOCYC:EG10494,GeneID:948182",,ilvB,Gene,,,,,ilvB,protein_coding,ECK3662,b3671,,,,,,,,,,
NC_000913.3,RefSeq,gene,3852890,3852988,,-,,99,gene-b3672,"ECOCYC:EG11275,GeneID:948181",,ivbL,Gene,,,,,ivbL,protein_coding,ECK3663,b3672,,,,,,,,,,
NC_000913.3,RefSeq,gene,3853118,3853257,,-,,140,gene-b4616,"ECOCYC:G0-10201,GeneID:5061525",,istR,Gene,,,,,istR,ncRNA,"ECK4425,istR-1,istR-2,psrA19",b4616,,,,,,,,,,
NC_000913.3,RefSeq,gene,3853553,3853642,,+,,90,gene-b4618,"ECOCYC:G0-9962,GeneID:5061527",,tisB,Gene,,,,,tisB,protein_coding,"ECK4427,ysdB",b4618,,,,,,,,,,
NC_000913.3,RefSeq,gene,3853766,3853840,,-,,75,gene-b4798,"ECOCYC:G0-17044,GeneID:63925662",,ysdE,Gene,,,,,ysdE,protein_coding,ECK4655,b4798,,,,,,,,,,
NC_000913.3,RefSeq,gene,3853922,3855106,,+,,1185,gene-b3673,"ECOCYC:EG11693,GeneID:948180",,emrD,Gene,,,,,emrD,protein_coding,"ECK3664,yicQ",b3673,,,,,,,,,,
NC_000913.3,RefSeq,gene,3855114,3855611,,-,,498,gene-b3674,"ECOCYC:EG11694,GeneID:948179",,yidF,Gene,,,,,yidF,protein_coding,ECK3665,b3674,,,,,,,,,,
NC_000913.3,RefSeq,gene,3855608,3855970,,-,,363,gene-b3675,"ECOCYC:EG11695,GeneID:948191",,yidG,Gene,,,,,yidG,protein_coding,ECK3666,b3675,,,,,,,,,,
NC_000913.3,RefSeq,gene,3855960,3856307,,-,,348,gene-b3676,"ECOCYC:EG11696,GeneID:948190",,yidH,Gene,,,,,yidH,protein_coding,ECK3667,b3676,,,,,,,,,,
NC_000913.3,RefSeq,gene,3856415,3856864,,+,,450,gene-b3677,"ECOCYC:EG11697,GeneID:948189",,yidI,Gene,,,,,yidI,protein_coding,ECK3668,b3677,,,,,,,,,,
NC_000913.3,RefSeq,gene,3856911,3858404,,-,,1494,gene-b3678,"ECOCYC:EG11705,GeneID:948188",,yidJ,Gene,,,,,yidJ,protein_coding,ECK3669,b3678,,,,,,,,,,
NC_000913.3,RefSeq,gene,3858401,3860116,,-,,1716,gene-b3679,"ECOCYC:EG11706,GeneID:948185",,yidK,Gene,,,,,yidK,protein_coding,ECK3670,b3679,,,,,,,,,,
NC_000913.3,RefSeq,gene,3860283,3861176,,+,,894,gene-b3680,"ECOCYC:EG11707,GeneID:948186",,yidL,Gene,,,,,yidL,protein_coding,ECK3671,b3680,,,,,,,,,,
NC_000913.3,RefSeq,gene,3861987,3862472,,-,,486,gene-b3682,"ECOCYC:EG11709,GeneID:2847722",,glvB,Gene,,,,,glvB,protein_coding,"ECK3674,yidN,yidO",b3682,,,,,,,,,,
NC_000913.3,RefSeq,gene,3862497,3863603,,-,,1107,gene-b3683,"ECOCYC:EG11710,GeneID:2847721",,glvC,Gene,,,,,glvC,protein_coding,"ECK3675,ptiC",b3683,,,,,,,,,,
NC_000913.3,RefSeq,gene,3863899,3864615,,+,,717,gene-b3684,"ECOCYC:EG11711,GeneID:948194",,yidP,Gene,,,,,yidP,protein_coding,ECK3676,b3684,,,,,,,,,,
NC_000913.3,RefSeq,gene,3864612,3866273,,-,,1662,gene-b3685,"ECOCYC:EG11536,GeneID:948193",,yidE,Gene,,,,,yidE,protein_coding,"ECK3677,yibE",b3685,,,,,,,,,,
NC_000913.3,RefSeq,gene,3866469,3866897,,-,,429,gene-b3686,"ECOCYC:EG11535,GeneID:948192",,ibpB,Gene,,,,,ibpB,protein_coding,"ECK3678,hslS,htpE",b3686,,,,,,,,,,
NC_000913.3,RefSeq,gene,3867009,3867422,,-,,414,gene-b3687,"ECOCYC:EG11534,GeneID:948200",,ibpA,Gene,,,,,ibpA,protein_coding,"ECK3679,hslT,htpN",b3687,,,,,,,,,,
NC_000913.3,RefSeq,gene,3867728,3868060,,+,,333,gene-b3688,"ECOCYC:EG11712,GeneID:948199",,yidQ,Gene,,,,,yidQ,protein_coding,"ecfI,ECK3680",b3688,,,,,,,,,,
NC_000913.3,RefSeq,gene,3868062,3869309,,-,,1248,gene-b3689,"ECOCYC:EG11713,GeneID:948198",,yidR,Gene,,,,,yidR,protein_coding,ECK3681,b3689,,,,,,,,,,
NC_000913.3,RefSeq,gene,3869377,3870441,,+,,1065,gene-b3690,"ECOCYC:EG11714,GeneID:948197",,cbrA,Gene,,,,,cbrA,protein_coding,"ECK3682,yidS",b3690,,,,,,,,,,
NC_000913.3,RefSeq,gene,3870438,3871730,,-,,1293,gene-b3691,"ECOCYC:EG20053,GeneID:948196",,dgoT,Gene,,,,,dgoT,protein_coding,"ECK3683,yidT",b3691,,,,,,,,,,
NC_000913.3,RefSeq,gene,3871850,3872998,,-,,1149,gene-b4478,"ECOCYC:GB4478,GeneID:2847765",,dgoD,Gene,,,,,dgoD,protein_coding,"b3692,ECK3684,yidU",b4478,,,,,,,,,,
NC_000913.3,RefSeq,gene,3872995,3873612,,-,,618,gene-b4477,"ECOCYC:EG20049,GeneID:2847766",,dgoA,Gene,,,,,dgoA,protein_coding,"b3692,ECK3685,yidU",b4477,,,,,,,,,,
NC_000913.3,RefSeq,gene,3873596,3874474,,-,,879,gene-b3693,"ECOCYC:EG20051,GeneID:948207",,dgoK,Gene,,,,,dgoK,protein_coding,"ECK3686,yidV",b3693,,,,,,,,,,
NC_000913.3,RefSeq,gene,3874471,3875160,,-,,690,gene-b4479,"ECOCYC:G7789,GeneID:2847767",,dgoR,Gene,,,,,dgoR,protein_coding,"b3694,b3695,ECK3687,yidW",b4479,,,,,,,,,,
NC_000913.3,RefSeq,gene,3875438,3876094,,+,,657,gene-b3696,"ECOCYC:EG11719,GeneID:948202",,yidX,Gene,,,,,yidX,protein_coding,ECK3688,b3696,,,,,,,,,,
NC_000913.3,RefSeq,gene,3876140,3876952,,-,,813,gene-b3697,"ECOCYC:EG11195,GeneID:948204",,yidA,Gene,,,,,yidA,protein_coding,ECK3689,b3697,,,,,,,,,,
NC_000913.3,RefSeq,gene,3877067,3877465,,-,,399,gene-b3698,"ECOCYC:EG11196,GeneID:948212",,yidB,Gene,,,,,yidB,protein_coding,ECK3690,b3698,,,,,,,,,,
NC_000913.3,RefSeq,gene,3877705,3880119,,-,,2415,gene-b3699,"ECOCYC:EG10424,GeneID:948211",,gyrB,Gene,,,,,gyrB,protein_coding,"acrB,Cou,ECK3691,himB,hisU,hopA,nalC,parA,pcbA,pcpA",b3699,,,,,,,,,,
NC_000913.3,RefSeq,gene,3880148,3881221,,-,,1074,gene-b3700,"ECOCYC:EG10828,GeneID:948209",,recF,Gene,,,,,recF,protein_coding,"ECK3692,uvrF",b3700,,,,,,,,,,
NC_000913.3,RefSeq,gene,3881221,3882321,,-,,1101,gene-b3701,"ECOCYC:EG10242,GeneID:948218",,dnaN,Gene,,,,,dnaN,protein_coding,ECK3693,b3701,,,,,,,,,,
NC_000913.3,RefSeq,gene,3882326,3883729,,-,,1404,gene-b3702,"ECOCYC:EG10235,GeneID:948217",,dnaA,Gene,,,,,dnaA,protein_coding,ECK3694,b3702,,,,,,,,,,
NC_000913.3,RefSeq,gene,3884026,3884106,,+,,81,gene-b4757,"ECOCYC:G0-16751,GeneID:38094975",,ysdD,Gene,,,,,ysdD,protein_coding,ECK4614,b4757,,,,,,,,,,
NC_000913.3,RefSeq,gene,3884336,3884476,,+,,141,gene-b3703,"ECOCYC:EG10892,GeneID:948216",,rpmH,Gene,,,,,rpmH,protein_coding,"ECK3695,rimA,ssaF",b3703,,,,,,,,,,
NC_000913.3,RefSeq,gene,3884493,3884852,,+,,360,gene-b3704,"ECOCYC:EG10862,GeneID:948215",,rnpA,Gene,,,,,rnpA,protein_coding,ECK3696,b3704,,,,,,,,,,
NC_000913.3,RefSeq,gene,3884816,3885073,,+,,258,gene-b4557,"ECOCYC:G0-10470,GeneID:1450303",,yidD,Gene,,,,,yidD,protein_coding,ECK3697,b4557,,,,,,,,,,
NC_000913.3,RefSeq,gene,3885076,3886722,,+,,1647,gene-b3705,"ECOCYC:EG11197,GeneID:948214",,yidC,Gene,,,,,yidC,protein_coding,ECK3698,b3705,,,,,,,,,,
NC_000913.3,RefSeq,gene,3886828,3888192,,+,,1365,gene-b3706,"ECOCYC:EG10997,GeneID:948222",,mnmE,Gene,,,,,mnmE,protein_coding,"ECK3699,thdF,trmE",b3706,,,,,,,,,,
NC_000913.3,RefSeq,gene,3888435,3888509,,+,,75,gene-b3707,"ECOCYC:EG11276,GeneID:948223",,tnaC,Gene,,,,,tnaC,protein_coding,"ECK3700,tnaL",b3707,,,,,,,,,,
NC_000913.3,RefSeq,gene,3888730,3890145,,+,,1416,gene-b3708,"ECOCYC:EG11005,GeneID:948221",,tnaA,Gene,,,,,tnaA,protein_coding,"ECK3701,ind,tnaR",b3708,,,,,,,,,,
NC_000913.3,RefSeq,gene,3890236,3891483,,+,,1248,gene-b3709,"ECOCYC:EG11006,GeneID:948220",,tnaB,Gene,,,,,tnaB,protein_coding,"ECK3702,tnaP,trpP",b3709,,,,,,,,,,
NC_000913.3,RefSeq,gene,3891615,3892790,,+,,1176,gene-b3710,"ECOCYC:EG11720,GeneID:948219",,mdtL,Gene,,,,,mdtL,protein_coding,"ECK3703,yidY",b3710,,,,,,,,,,
NC_000913.3,RefSeq,gene,3892765,3893724,,+,,960,gene-b3711,"ECOCYC:EG11721,GeneID:948227",,yidZ,Gene,,,,,yidZ,protein_coding,ECK3704,b3711,,,,,,,,,,
NC_000913.3,RefSeq,gene,3893881,3894630,,+,,750,gene-b3712,"ECOCYC:EG11722,GeneID:948226",,yieE,Gene,,,,,yieE,protein_coding,ECK3705,b3712,,,,,,,,,,
NC_000913.3,RefSeq,gene,3894652,3895218,,+,,567,gene-b3713,"ECOCYC:EG11723,GeneID:948225",,yieF,Gene,,,,,yieF,protein_coding,"chrR,ECK3706",b3713,,,,,,,,,,
NC_000913.3,RefSeq,gene,3895272,3896609,,-,,1338,gene-b3714,"ECOCYC:EG11724,GeneID:948224",,adeP,Gene,,,,,adeP,protein_coding,"ECK3707,purP,yieG",b3714,,,,,,,,,,
NC_000913.3,RefSeq,gene,3896774,3897439,,+,,666,gene-b3715,"ECOCYC:EG11725,GeneID:948232",,yieH,Gene,,,,,yieH,protein_coding,ECK3708,b3715,,,,,,,,,,
NC_000913.3,RefSeq,gene,3897506,3897973,,+,,468,gene-b3716,"ECOCYC:EG11726,GeneID:948231",,cbrB,Gene,,,,,cbrB,protein_coding,"ECK3709,yieI",b3716,,,,,,,,,,
NC_000913.3,RefSeq,gene,3898022,3898609,,+,,588,gene-b3717,"ECOCYC:EG11727,GeneID:948230",,cbrC,Gene,,,,,cbrC,protein_coding,"ECK3710,yieJ",b3717,,,,,,,,,,
NC_000913.3,RefSeq,gene,3898671,3899393,,-,,723,gene-b3718,"ECOCYC:EG11728,GeneID:948229",,yieK,Gene,,,,,yieK,protein_coding,ECK3711,b3718,,,,,,,,,,
NC_000913.3,RefSeq,gene,3899408,3900577,,-,,1170,gene-b3719,"ECOCYC:EG11729,GeneID:948272",,yieL,Gene,,,,,yieL,protein_coding,ECK3712,b3719,,,,,,,,,,
NC_000913.3,RefSeq,gene,3900604,3902220,,-,,1617,gene-b3720,"ECOCYC:EG11364,GeneID:948228",,bglH,Gene,,,,,bglH,protein_coding,"ECK3713,yieC",b3720,,,,,,,,,,
NC_000913.3,RefSeq,gene,3902289,3903701,,-,,1413,gene-b3721,"ECOCYC:EG10114,GeneID:948234",,bglB,Gene,,,,,bglB,protein_coding,"blgA,ECK3714",b3721,,,,,,,,,,
NC_000913.3,RefSeq,gene,3903720,3905597,,-,,1878,gene-b3722,"ECOCYC:EG10115,GeneID:948236",,bglF,Gene,,,,,bglF,protein_coding,"bglS,ECK3715",b3722,,,,,,,,,,
NC_000913.3,RefSeq,gene,3905731,3906567,,-,,837,gene-b3723,"ECOCYC:EG10116,GeneID:948235",,bglG,Gene,,,,,bglG,protein_coding,"bglC,ECK3716",b3723,,,,,,,,,,
NC_000913.3,RefSeq,gene,3906853,3907578,,-,,726,gene-b3724,"ECOCYC:EG10735,GeneID:948233",,phoU,Gene,,,,,phoU,protein_coding,"ECK3717,phoT,pst",b3724,,,,,,,,,,
NC_000913.3,RefSeq,gene,3907593,3908366,,-,,774,gene-b3725,"ECOCYC:EG10783,GeneID:948240",,pstB,Gene,,,,,pstB,protein_coding,"ECK3718,phoT",b3725,,,,,,,,,,
NC_000913.3,RefSeq,gene,3908549,3909439,,-,,891,gene-b3726,"ECOCYC:EG10782,GeneID:948239",,pstA,Gene,,,,,pstA,protein_coding,"ECK3719,phoR2,phoR2b,phoT,R2pho",b3726,,,,,,,,,,
NC_000913.3,RefSeq,gene,3909439,3910398,,-,,960,gene-b3727,"ECOCYC:EG10784,GeneID:948238",,pstC,Gene,,,,,pstC,protein_coding,"ECK3720,phoW",b3727,,,,,,,,,,
NC_000913.3,RefSeq,gene,3910485,3911525,,-,,1041,gene-b3728,"ECOCYC:EG10734,GeneID:948237",,pstS,Gene,,,,,pstS,protein_coding,"ECK3721,nmpA,phoR2a,phoS,R2pho,T",b3728,,,,,,,,,,
NC_000913.3,RefSeq,gene,3911839,3913668,,-,,1830,gene-b3729,"ECOCYC:EG10382,GeneID:948241",,glmS,Gene,,,,,glmS,protein_coding,ECK3722,b3729,,,,,,,,,,
NC_000913.3,RefSeq,gene,3913830,3915200,,-,,1371,gene-b3730,"ECOCYC:EG11198,GeneID:948246",,glmU,Gene,,,,,glmU,protein_coding,"ECK3723,yieA",b3730,,,,,,,,,,
NC_000913.3,RefSeq,gene,3915553,3915972,,-,,420,gene-b3731,"ECOCYC:EG10100,GeneID:948245",,atpC,Gene,,,,,atpC,protein_coding,"ECK3724,papG,uncC",b3731,,,,,,,,,,
NC_000913.3,RefSeq,gene,3915993,3917375,,-,,1383,gene-b3732,"ECOCYC:EG10101,GeneID:948244",,atpD,Gene,,,,,atpD,protein_coding,"ECK3725,papB,uncD",b3732,,,,,,,,,,
NC_000913.3,RefSeq,gene,3917402,3918265,,-,,864,gene-b3733,"ECOCYC:EG10104,GeneID:948243",,atpG,Gene,,,,,atpG,protein_coding,"ECK3726,papC,uncG",b3733,,,,,,,,,,
NC_000913.3,RefSeq,gene,3918316,3919857,,-,,1542,gene-b3734,"ECOCYC:EG10098,GeneID:948242",,atpA,Gene,,,,,atpA,protein_coding,"ECK3727,papA,uncA",b3734,,,,,,,,,,
NC_000913.3,RefSeq,gene,3919870,3920403,,-,,534,gene-b3735,"ECOCYC:EG10105,GeneID:948254",,atpH,Gene,,,,,atpH,protein_coding,"ECK3728,papE,uncH",b3735,,,,,,,,,,
NC_000913.3,RefSeq,gene,3920418,3920888,,-,,471,gene-b3736,"ECOCYC:EG10103,GeneID:948247",,atpF,Gene,,,,,atpF,protein_coding,"ECK3729,papF,uncF",b3736,,,,,,,,,,
NC_000913.3,RefSeq,gene,3920950,3921189,,-,,240,gene-b3737,"ECOCYC:EG10102,GeneID:948253",,atpE,Gene,,,,,atpE,protein_coding,"ECK3730,papH,uncE",b3737,,,,,,,,,,
NC_000913.3,RefSeq,gene,3921236,3922051,,-,,816,gene-b3738,"ECOCYC:EG10099,GeneID:948252",,atpB,Gene,,,,,atpB,protein_coding,"ECK3731,papD,uncB",b3738,,,,,,,,,,
NC_000913.3,RefSeq,gene,3922060,3922440,,-,,381,gene-b3739,"ECOCYC:EG10106,GeneID:948251",,atpI,Gene,,,,,atpI,protein_coding,"ECK3732,uncI",b3739,,,,,,,,,,
NC_000913.3,RefSeq,gene,3923057,3923680,,-,,624,gene-b3740,"ECOCYC:EG10376,GeneID:948250",,rsmG,Gene,,,,,rsmG,protein_coding,"ECK3733,gidB",b3740,,,,,,,,,,
NC_000913.3,RefSeq,gene,3923744,3925633,,-,,1890,gene-b3741,"ECOCYC:EG10375,GeneID:948248",,mnmG,Gene,,,,,mnmG,protein_coding,"ECK3734,gidA,trmF",b3741,,,,,,,,,,
NC_000913.3,RefSeq,gene,3926012,3926455,,-,,444,gene-b3742,"ECOCYC:EG11199,GeneID:948249",,mioC,Gene,,,,,mioC,protein_coding,"ECK3736,yieB",b3742,,,,,,,,,,
NC_000913.3,RefSeq,gene,3926545,3927003,,-,,459,gene-b3743,"ECOCYC:EG10093,GeneID:948259",,asnC,Gene,,,,,asnC,protein_coding,ECK3737,b3743,,,,,,,,,,
NC_000913.3,RefSeq,gene,3927155,3928147,,+,,993,gene-b3744,"ECOCYC:EG10091,GeneID:948258",,asnA,Gene,,,,,asnA,protein_coding,ECK3738,b3744,,,,,,,,,,
NC_000913.3,RefSeq,gene,3928152,3929603,,-,,1452,gene-b3745,"ECOCYC:EG11730,GeneID:948257",,viaA,Gene,,,,,viaA,protein_coding,"ECK3739,yieD,yieD_1,yieD_2,yieM",b3745,,,,,,,,,,
NC_000913.3,RefSeq,gene,3929597,3931093,,-,,1497,gene-b3746,"ECOCYC:EG11731,GeneID:948256",,ravA,Gene,,,,,ravA,protein_coding,"ECK3740,yieN",b3746,,,,,,,,,,
NC_000913.3,RefSeq,gene,3931316,3933184,,+,,1869,gene-b3747,"ECOCYC:EG11541,GeneID:948255",,kup,Gene,,,,,kup,protein_coding,"ECK3741,trkD",b3747,,,,,,,,,,
NC_000913.3,RefSeq,gene,3933351,3933770,,+,,420,gene-b3748,"ECOCYC:EG10817,GeneID:948267",,rbsD,Gene,,,,,rbsD,protein_coding,"ECK3742,rbsP",b3748,,,,,,,,,,
NC_000913.3,RefSeq,gene,3933778,3935283,,+,,1506,gene-b3749,"ECOCYC:EG10814,GeneID:948264",,rbsA,Gene,,,,,rbsA,protein_coding,"ECK3743,rbsP,rbsT",b3749,,,,,,,,,,
NC_000913.3,RefSeq,gene,3935288,3936253,,+,,966,gene-b3750,"ECOCYC:EG10816,GeneID:948262",,rbsC,Gene,,,,,rbsC,protein_coding,"ECK3744,rbsP,rbsT",b3750,,,,,,,,,,
NC_000913.3,RefSeq,gene,3936278,3937168,,+,,891,gene-b3751,"ECOCYC:EG10815,GeneID:948261",,rbsB,Gene,,,,,rbsB,protein_coding,"ECK3745,prlB,rbsP",b3751,,,,,,,,,,
NC_000913.3,RefSeq,gene,3937045,3937278,,+,,234,gene-b4804,"ECOCYC:G0-17077,GeneID:71004575",,rbsZ,Gene,,,,,rbsZ,ncRNA,ECK4661,b4804,,,,,,,,,,
NC_000913.3,RefSeq,gene,3937294,3938223,,+,,930,gene-b3752,"ECOCYC:EG10818,GeneID:948260",,rbsK,Gene,,,,,rbsK,protein_coding,ECK3746,b3752,,,,,,,,,,
NC_000913.3,RefSeq,gene,3938227,3939219,,+,,993,gene-b3753,"ECOCYC:EG10819,GeneID:948266",,rbsR,Gene,,,,,rbsR,protein_coding,ECK3747,b3753,,,,,,,,,,
NC_000913.3,RefSeq,gene,3939185,3940612,,-,,1428,gene-b3754,"ECOCYC:EG11732,GeneID:948265",,hsrA,Gene,,,,,hsrA,protein_coding,"ECK3748,yieO",b3754,,,,,,,,,,
NC_000913.3,RefSeq,gene,3940635,3941327,,-,,693,gene-b3755,"ECOCYC:EG11733,GeneID:948263",,yieP,Gene,,,,,yieP,protein_coding,ECK3749,b3755,,,,,,,,,,
NC_000913.3,RefSeq,gene,3941808,3943349,,+,,1542,gene-b3756,"ECOCYC:EG30086,GeneID:948270",,rrsC,Gene,,,,,rrsC,rRNA,ECK3750,b3756,,,,,,,,,,
NC_000913.3,RefSeq,gene,3943435,3943510,,+,,76,gene-b3757,"ECOCYC:EG30033,GeneID:948271",,gltU,Gene,,,,,gltU,tRNA,"ECK3751,tgtC",b3757,,,,,,,,,,
NC_000913.3,RefSeq,gene,3943704,3946607,,+,,2904,gene-b3758,"ECOCYC:EG30079,GeneID:948268",,rrlC,Gene,,,,,rrlC,rRNA,ECK3752,b3758,,,,,,,,,,
NC_000913.3,RefSeq,gene,3946700,3946819,,+,,120,gene-b3759,"ECOCYC:EG30072,GeneID:948273",,rrfC,Gene,,,,,rrfC,rRNA,ECK3753,b3759,,,,,,,,,,
NC_000913.3,RefSeq,gene,3946872,3946948,,+,,77,gene-b3760,"ECOCYC:EG30023,GeneID:948276",,aspT,Gene,,,,,aspT,tRNA,"ECK3754,tasC",b3760,,,,,,,,,,
NC_000913.3,RefSeq,gene,3946957,3947032,,+,,76,gene-b3761,"ECOCYC:EG30105,GeneID:948275",,trpT,Gene,,,,,trpT,tRNA,"ECK3755,su7,su8,su9,supU,supV",b3761,,,,,,,,,,
NC_000913.3,RefSeq,gene,3947128,3947967,,-,,840,gene-b4480,"ECOCYC:EG11449,GeneID:2847698",,hdfR,Gene,,,,,hdfR,protein_coding,"b3762,b3763,ECK3756,yifA,yifD",b4480,,,,,,,,,,
NC_000913.3,RefSeq,gene,3948086,3948424,,+,,339,gene-b3764,"ECOCYC:EG11450,GeneID:948274",,maoP,Gene,,,,,maoP,protein_coding,"ECK3757,yifE",b3764,,,,,,,,,,
NC_000913.3,RefSeq,gene,3948449,3949969,,-,,1521,gene-b3765,"ECOCYC:EG11260,GeneID:948282",,yifB,Gene,,,,,yifB,protein_coding,ECK3758,b3765,,,,,,,,,,
NC_000913.3,RefSeq,gene,3950322,3950420,,+,,99,gene-b3766,"ECOCYC:EG11270,GeneID:948283",,ilvL,Gene,,,,,ilvL,protein_coding,ECK3759,b3766,,,,,,,,,,
NC_000913.3,RefSeq,gene,3950507,3950557,,+,,51,gene-b4669,"ECOCYC:G0-10641,GeneID:7751639",,ilvX,Gene,,,,,ilvX,protein_coding,ECK4484,b4669,,,,,,,,,,
NC_000913.3,RefSeq,gene,3952201,3952464,,+,,264,gene-b3769,"ECOCYC:EG10501,GeneID:948279",,ilvM,Gene,,,,,ilvM,protein_coding,ECK3761,b3769,,,,,,,,,,
NC_000913.3,RefSeq,gene,3952484,3953413,,+,,930,gene-b3770,"ECOCYC:EG10497,GeneID:948278",,ilvE,Gene,,,,,ilvE,protein_coding,ECK3762,b3770,,,,,,,,,,
NC_000913.3,RefSeq,gene,3953478,3955328,,+,,1851,gene-b3771,"ECOCYC:EG10496,GeneID:948277",,ilvD,Gene,,,,,ilvD,protein_coding,ECK3763,b3771,,,,,,,,,,
NC_000913.3,RefSeq,gene,3955331,3956875,,+,,1545,gene-b3772,"ECOCYC:EG10493,GeneID:948287",,ilvA,Gene,,,,,ilvA,protein_coding,"ECK3764,ile",b3772,,,,,,,,,,
NC_000913.3,RefSeq,gene,3956927,3957820,,-,,894,gene-b3773,"ECOCYC:EG10503,GeneID:948284",,ilvY,Gene,,,,,ilvY,protein_coding,ECK3765,b3773,,,,,,,,,,
NC_000913.3,RefSeq,gene,3957970,3959445,,+,,1476,gene-b3774,"ECOCYC:EG10495,GeneID:948286",,ilvC,Gene,,,,,ilvC,protein_coding,ECK3766,b3774,,,,,,,,,,
NC_000913.3,RefSeq,gene,3959532,3959813,,-,,282,gene-b3775,"ECOCYC:EG12352,GeneID:948285",,ppiC,Gene,,,,,ppiC,protein_coding,"ECK3767,parvA",b3775,,,,,,,,,,
NC_000913.3,RefSeq,gene,3960677,3962698,,+,,2022,gene-b3778,"ECOCYC:EG10837,GeneID:948292",,rep,Gene,,,,,rep,protein_coding,"dasC,ECK3770,mbrA,mmrA",b3778,,,,,,,,,,
NC_000913.3,RefSeq,gene,3962745,3964229,,-,,1485,gene-b3779,"ECOCYC:EG10413,GeneID:948291",,gpp,Gene,,,,,gpp,protein_coding,"ECK3771,gppA",b3779,,,,,,,,,,
NC_000913.3,RefSeq,gene,3964365,3965630,,-,,1266,gene-b3780,"ECOCYC:EG10844,GeneID:948290",,rhlB,Gene,,,,,rhlB,protein_coding,"ECK3772,mmrA",b3780,,,,,,,,,,
NC_000913.3,RefSeq,gene,3965761,3966090,,+,,330,gene-b3781,"ECOCYC:EG11031,GeneID:948289",,trxA,Gene,,,,,trxA,protein_coding,"dasC,ECK3773,fipA,tsnC",b3781,,,,,,,,,,
NC_000913.3,RefSeq,gene,3966231,3966332,,+,,102,gene-b3782,"ECOCYC:EG12428,GeneID:948288",,rhoL,Gene,,,,,rhoL,protein_coding,ECK3774,b3782,,,,,,,,,,
NC_000913.3,RefSeq,gene,3966417,3967676,,+,,1260,gene-b3783,"ECOCYC:EG10845,GeneID:948297",,rho,Gene,,,,,rho,protein_coding,"ECK3775,nitA,nusD,psu,psuA,rnsC,sbaA,sun,tsu",b3783,,,,,,,,,,
NC_000913.3,RefSeq,gene,3967916,3969019,,+,,1104,gene-b3784,"ECOCYC:EG10840,GeneID:948789",,wecA,Gene,,,,,wecA,protein_coding,"ECK3776,rfe",b3784,,,,,,,,,,
NC_000913.3,RefSeq,gene,3969031,3970077,,+,,1047,gene-b3785,"ECOCYC:EG11295,GeneID:944815",,wzzE,Gene,,,,,wzzE,protein_coding,"ECK3777,wzz,yifC",b3785,,,,,,,,,,
NC_000913.3,RefSeq,gene,3970133,3971263,,+,,1131,gene-b3786,"ECOCYC:EG11451,GeneID:944789",,wecB,Gene,,,,,wecB,protein_coding,"ECK3778,mnaA,nfrC,rffE,yifF",b3786,,,,,,,,,,
NC_000913.3,RefSeq,gene,3971260,3972522,,+,,1263,gene-b3787,"ECOCYC:EG11452,GeneID:948977",,wecC,Gene,,,,,wecC,protein_coding,"ECK3779,mnaB,rff,rffD",b3787,,,,,,,,,,
NC_000913.3,RefSeq,gene,3972522,3973589,,+,,1068,gene-b3788,"ECOCYC:EG11453,GeneID:948300",,rffG,Gene,,,,,rffG,protein_coding,"ECK3780,rff",b3788,,,,,,,,,,
NC_000913.3,RefSeq,gene,3973608,3974489,,+,,882,gene-b3789,"ECOCYC:EG11454,GeneID:948299",,rffH,Gene,,,,,rffH,protein_coding,"ECK3781,yifG",b3789,,,,,,,,,,
NC_000913.3,RefSeq,gene,3974467,3975141,,+,,675,gene-b3790,"ECOCYC:EG11455,GeneID:948298",,rffC,Gene,,,,,rffC,protein_coding,"ECK3782,rff,wecD,yifH",b3790,,,,,,,,,,
NC_000913.3,RefSeq,gene,3975146,3976276,,+,,1131,gene-b3791,"ECOCYC:EG11456,GeneID:948296",,wecE,Gene,,,,,wecE,protein_coding,"ECK3783,fcnA,rff,rffA,yifI",b3791,,,,,,,,,,
NC_000913.3,RefSeq,gene,3976278,3977528,,+,,1251,gene-b3792,"ECOCYC:EG11486,GeneID:948294",,wzxE,Gene,,,,,wzxE,protein_coding,"ECK3784,wzx,yifJ",b3792,,,,,,,,,,
NC_000913.3,RefSeq,gene,3977525,3978604,,+,,1080,gene-b4481,"ECOCYC:G7800,GeneID:2847677",,wecF,Gene,,,,,wecF,protein_coding,"b4404,b4405,ECK3785,rff,rffT,yifM",b4481,,,,,,,,,,
NC_000913.3,RefSeq,gene,3978601,3979953,,+,,1353,gene-b3793,"ECOCYC:EG11457,GeneID:948293",,wzyE,Gene,,,,,wzyE,protein_coding,"ECK3786,rffT",b3793,,,,,,,,,,
NC_000913.3,RefSeq,gene,3979956,3980696,,+,,741,gene-b3794,"ECOCYC:EG11458,GeneID:948301",,rffM,Gene,,,,,rffM,protein_coding,"ECK3787,rff,wecG",b3794,,,,,,,,,,
NC_000913.3,RefSeq,gene,3980887,3982272,,+,,1386,gene-b3795,"ECOCYC:EG11459,GeneID:945400",,thrP,Gene,,,,,thrP,protein_coding,"ECK3788,yifK",b3795,,,,,,,,,,
NC_000913.3,RefSeq,gene,3982375,3982451,,+,,77,gene-b3796,"ECOCYC:EG30017,GeneID:945107",,argX,Gene,,,,,argX,tRNA,ECK3789,b3796,,,,,,,,,,
NC_000913.3,RefSeq,gene,3982509,3982585,,+,,77,gene-b3797,"ECOCYC:EG30042,GeneID:948305",,hisR,Gene,,,,,hisR,tRNA,"ECK3790,hisT",b3797,,,,,,,,,,
NC_000913.3,RefSeq,gene,3982606,3982692,,+,,87,gene-b3798,"ECOCYC:EG30049,GeneID:948304",,leuT,Gene,,,,,leuT,tRNA,ECK3791,b3798,,,,,,,,,,
NC_000913.3,RefSeq,gene,3982735,3982811,,+,,77,gene-b3799,"ECOCYC:EG30068,GeneID:948303",,proM,Gene,,,,,proM,tRNA,"ECK3792,proU",b3799,,,,,,,,,,
NC_000913.3,RefSeq,gene,3982958,3984193,,+,,1236,gene-b3800,"ECOCYC:EG10090,GeneID:949013",,aslB,Gene,,,,,aslB,protein_coding,"atsB,ECK3793,gppB",b3800,,,,,,,,,,
NC_000913.3,RefSeq,gene,3984352,3986007,,-,,1656,gene-b3801,"ECOCYC:EG10089,GeneID:949015",,aslA,Gene,,,,,aslA,protein_coding,"atsA,ECK3794,gppB",b3801,,,,,,,,,,
NC_000913.3,RefSeq,gene,3986432,3986603,,+,,172,gene-b4456,"ECOCYC:G0-8873,GeneID:2847678",,glmZ,Gene,,,,,glmZ,ncRNA,"ECK3795,k19,psrA20,ryiA,sraJ",b4456,,,,,,,,,,
NC_000913.3,RefSeq,gene,3986686,3987882,,-,,1197,gene-b3802,"ECOCYC:EG10434,GeneID:948311",,hemY,Gene,,,,,hemY,protein_coding,ECK3796,b3802,,,,,,,,,,
NC_000913.3,RefSeq,gene,3987885,3989066,,-,,1182,gene-b3803,"ECOCYC:EG10433,GeneID:948446",,hemX,Gene,,,,,hemX,protein_coding,ECK3797,b3803,,,,,,,,,,
NC_000913.3,RefSeq,gene,3989088,3989828,,-,,741,gene-b3804,"ECOCYC:EG10430,GeneID:948587",,hemD,Gene,,,,,hemD,protein_coding,ECK3798,b3804,,,,,,,,,,
NC_000913.3,RefSeq,gene,3989825,3990766,,-,,942,gene-b3805,"ECOCYC:EG10429,GeneID:947759",,hemC,Gene,,,,,hemC,protein_coding,"ECK3799,popE",b3805,,,,,,,,,,
NC_000913.3,RefSeq,gene,3991153,3993699,,+,,2547,gene-b3806,"ECOCYC:EG10170,GeneID:947755",,cyaA,Gene,,,,,cyaA,protein_coding,"cya,ECK3800",b3806,,,,,,,,,,
NC_000913.3,RefSeq,gene,3993739,3994059,,-,,321,gene-b3807,"ECOCYC:EG11653,GeneID:947754",,cyaY,Gene,,,,,cyaY,protein_coding,ECK3801,b3807,,,,,,,,,,
NC_000913.3,RefSeq,gene,3993850,3994335,,+,,486,gene-b3808,"ECOCYC:G7802,GeneID:948475",,yzcX,Gene,,,,,yzcX,protein_coding,ECK3802,b3808,,,,,,,,,,
NC_000913.3,RefSeq,gene,3994522,3994725,,+,,204,gene-b4558,"ECOCYC:G0-10471,GeneID:1450304",,lptM,Gene,,,,,lptM,protein_coding,"ECK3803,yifL",b4558,,,,,,,,,,
NC_000913.3,RefSeq,gene,3994762,3995586,,+,,825,gene-b3809,"ECOCYC:EG10209,GeneID:948364",,dapF,Gene,,,,,dapF,protein_coding,ECK3804,b3809,,,,,,,,,,
NC_000913.3,RefSeq,gene,3995583,3996290,,+,,708,gene-b3810,"ECOCYC:EG11201,GeneID:948359",,yigA,Gene,,,,,yigA,protein_coding,ECK3805,b3810,,,,,,,,,,
NC_000913.3,RefSeq,gene,3996287,3997183,,+,,897,gene-b3811,"ECOCYC:EG11069,GeneID:948355",,xerC,Gene,,,,,xerC,protein_coding,ECK3806,b3811,,,,,,,,,,
NC_000913.3,RefSeq,gene,3997183,3997899,,+,,717,gene-b3812,"ECOCYC:EG11202,GeneID:948357",,yigB,Gene,,,,,yigB,protein_coding,ECK3807,b3812,,,,,,,,,,
NC_000913.3,RefSeq,gene,3997983,4000145,,+,,2163,gene-b3813,"ECOCYC:EG11064,GeneID:948347",,uvrD,Gene,,,,,uvrD,protein_coding,"dar-2,dda,ECK3808,mutU,pdeB,rad,recL,srjC,uvr502,uvrE",b3813,,,,,,,,,,
NC_000913.3,RefSeq,gene,4000292,4001056,,-,,765,gene-b4482,"ECOCYC:EG11462,GeneID:2847679",,yigE,Gene,,,,,yigE,protein_coding,"b3814,b3815,ECK3809",b4482,,,,,,,,,,
NC_000913.3,RefSeq,gene,4001218,4001274,,+,,57,gene-b4799,"ECOCYC:G0-17045,GeneID:63925663",,ysgD,Gene,,,,,ysgD,protein_coding,ECK4656,b4799,,,,,,,,,,
NC_000913.3,RefSeq,gene,4001426,4002376,,+,,951,gene-b3816,"ECOCYC:EG11463,GeneID:948351",,corA,Gene,,,,,corA,protein_coding,ECK3810,b3816,,,,,,,,,,
NC_000913.3,RefSeq,gene,4002419,4002799,,-,,381,gene-b3817,"ECOCYC:EG11464,GeneID:948340",,yigF,Gene,,,,,yigF,protein_coding,ECK3811,b3817,,,,,,,,,,
NC_000913.3,RefSeq,gene,4002813,4003193,,-,,381,gene-b3818,"ECOCYC:EG11465,GeneID:948344",,yigG,Gene,,,,,yigG,protein_coding,ECK3812,b3818,,,,,,,,,,
NC_000913.3,RefSeq,gene,4003288,4004178,,-,,891,gene-b3819,"ECOCYC:EG11466,GeneID:948330",,rarD,Gene,,,,,rarD,protein_coding,"ECK3813,yigH",b3819,,,,,,,,,,
NC_000913.3,RefSeq,gene,4004230,4004697,,-,,468,gene-b3820,"ECOCYC:EG11467,GeneID:948338",,yigI,Gene,,,,,yigI,protein_coding,ECK3814,b3820,,,,,,,,,,
NC_000913.3,RefSeq,gene,4004862,4005731,,+,,870,gene-b3821,"ECOCYC:EG10738,GeneID:948307",,pldA,Gene,,,,,pldA,protein_coding,ECK3815,b3821,,,,,,,,,,
NC_000913.3,RefSeq,gene,4005864,4007693,,+,,1830,gene-b3822,"ECOCYC:EG10833,GeneID:948318",,recQ,Gene,,,,,recQ,protein_coding,ECK3816,b3822,,,,,,,,,,
NC_000913.3,RefSeq,gene,4007757,4008377,,+,,621,gene-b3823,"ECOCYC:EG11468,GeneID:948317",,rhtC,Gene,,,,,rhtC,protein_coding,"ECK3817,yigJ",b3823,,,,,,,,,,
NC_000913.3,RefSeq,gene,4008439,4009059,,-,,621,gene-b3824,"ECOCYC:EG11469,GeneID:948316",,rhtB,Gene,,,,,rhtB,protein_coding,"ECK3818,yigK",b3824,,,,,,,,,,
NC_000913.3,RefSeq,gene,4009170,4010192,,+,,1023,gene-b3825,"ECOCYC:EG10739,GeneID:948314",,pldB,Gene,,,,,pldB,protein_coding,ECK3819,b3825,,,,,,,,,,
NC_000913.3,RefSeq,gene,4010200,4011000,,+,,801,gene-b3826,"ECOCYC:EG11470,GeneID:2847768",,yigL,Gene,,,,,yigL,protein_coding,ECK3820,b3826,,,,,,,,,,
NC_000913.3,RefSeq,gene,4011076,4011975,,+,,900,gene-b3827,"ECOCYC:EG11471,GeneID:948309",,bioP,Gene,,,,,bioP,protein_coding,"ECK3821,yigM",b3827,,,,,,,,,,
NC_000913.3,RefSeq,gene,4011863,4012816,,-,,954,gene-b3828,"ECOCYC:EG10591,GeneID:948310",,metR,Gene,,,,,metR,protein_coding,ECK3822,b3828,,,,,,,,,,
NC_000913.3,RefSeq,gene,4013053,4015314,,+,,2262,gene-b3829,"ECOCYC:EG10584,GeneID:948323",,metE,Gene,,,,,metE,protein_coding,"ECK3823,metB12",b3829,,,,,,,,,,
NC_000913.3,RefSeq,gene,4015354,4016169,,-,,816,gene-b3830,"ECOCYC:G7804,GeneID:948320",,ysgA,Gene,,,,,ysgA,protein_coding,ECK3824,b3830,,,,,,,,,,
NC_000913.3,RefSeq,gene,4016431,4017192,,+,,762,gene-b3831,"ECOCYC:EG11045,GeneID:948987",,udp,Gene,,,,,udp,protein_coding,ECK3825,b3831,,,,,,,,,,
NC_000913.3,RefSeq,gene,4017333,4018760,,+,,1428,gene-b3832,"ECOCYC:EG11472,GeneID:948966",,rmuC,Gene,,,,,rmuC,protein_coding,"ECK3826,yigN",b3832,,,,,,,,,,
NC_000913.3,RefSeq,gene,4018855,4019610,,+,,756,gene-b3833,"ECOCYC:EG11473,GeneID:948926",,ubiE,Gene,,,,,ubiE,protein_coding,"ECK3827,yigO",b3833,,,,,,,,,,
NC_000913.3,RefSeq,gene,4019624,4020229,,+,,606,gene-b3834,"ECOCYC:EG11474,GeneID:948915",,ubiJ,Gene,,,,,ubiJ,protein_coding,"ECK3828,yigP",b3834,,,,,,,,,,
NC_000913.3,RefSeq,gene,4019978,4020229,,+,,252,gene-b4707,"ECOCYC:G0-10737,GeneID:14678511",,esrE,Gene,,,,,esrE,ncRNA,ECK4519,b4707,,,,,,,,,,
NC_000913.3,RefSeq,gene,4020226,4021866,,+,,1641,gene-b3835,"ECOCYC:EG11476,GeneID:948322",,ubiB,Gene,,,,,ubiB,protein_coding,"aarF,ECK3829,yigQ,yigR,yigS",b3835,,,,,,,,,,
NC_000913.3,RefSeq,gene,4021945,4022214,,+,,270,gene-b3836,"ECOCYC:G7806,GeneID:948321",,tatA,Gene,,,,,tatA,protein_coding,"ECK3830,mttA1,yigT",b3836,,,,,,,,,,
NC_000913.3,RefSeq,gene,4022218,4022733,,+,,516,gene-b3838,"ECOCYC:G7808,GeneID:948319",,tatB,Gene,,,,,tatB,protein_coding,"ECK3831,mttA2,ysgB",b3838,,,,,,,,,,
NC_000913.3,RefSeq,gene,4022736,4023512,,+,,777,gene-b3839,"ECOCYC:EG11479,GeneID:948328",,tatC,Gene,,,,,tatC,protein_coding,"ECK3832,mttB,yigU,yigV",b3839,,,,,,,,,,
NC_000913.3,RefSeq,gene,4023554,4024336,,+,,783,gene-b4483,"ECOCYC:EG11481,GeneID:2847752",,tatD,Gene,,,,,tatD,protein_coding,"b3840,b3841,ECK3833,mttC,yigW,yigX",b4483,,,,,,,,,,
NC_000913.3,RefSeq,gene,4024333,4024821,,-,,489,gene-b3842,"ECOCYC:EG10839,GeneID:948327",,rfaH,Gene,,,,,rfaH,protein_coding,"ECK3834,hlyT,sfrB",b3842,,,,,,,,,,
NC_000913.3,RefSeq,gene,4024988,4026481,,+,,1494,gene-b3843,"ECOCYC:EG11396,GeneID:948326",,ubiD,Gene,,,,,ubiD,protein_coding,"ECK3835,yigC,yigY",b3843,,,,,,,,,,
NC_000913.3,RefSeq,gene,4026527,4027228,,+,,702,gene-b3844,"ECOCYC:EG10334,GeneID:948325",,fre,Gene,,,,,fre,protein_coding,"ECK3836,fadI,flrD,fsrC",b3844,,,,,,,,,,
NC_000913.3,RefSeq,gene,4027609,4028772,,-,,1164,gene-b3845,"ECOCYC:EG10278,GeneID:948324",,fadA,Gene,,,,,fadA,protein_coding,"ECK3837,oldA",b3845,,,,,,,,,,
NC_000913.3,RefSeq,gene,4028782,4030971,,-,,2190,gene-b3846,"ECOCYC:EG10279,GeneID:948336",,fadB,Gene,,,,,fadB,protein_coding,"ECK3838,oldB",b3846,,,,,,,,,,
NC_000913.3,RefSeq,gene,4031161,4032492,,+,,1332,gene-b3847,"ECOCYC:EG10698,GeneID:948335",,pepQ,Gene,,,,,pepQ,protein_coding,ECK3839,b3847,,,,,,,,,,
NC_000913.3,RefSeq,gene,4032492,4033106,,+,,615,gene-b3848,"ECOCYC:EG11484,GeneID:948334",,yigZ,Gene,,,,,yigZ,protein_coding,ECK3840,b3848,,,,,,,,,,
NC_000913.3,RefSeq,gene,4033145,4034596,,+,,1452,gene-b3849,"ECOCYC:EG11021,GeneID:948333",,trkH,Gene,,,,,trkH,protein_coding,ECK3841,b3849,,,,,,,,,,
NC_000913.3,RefSeq,gene,4034608,4035153,,+,,546,gene-b3850,"ECOCYC:EG11485,GeneID:948331",,hemG,Gene,,,,,hemG,protein_coding,"ECK3842,yihB",b3850,,,,,,,,,,
NC_000913.3,RefSeq,gene,4035531,4037072,,+,,1542,gene-b3851,"ECOCYC:EG30084,GeneID:948332",,rrsA,Gene,,,,,rrsA,rRNA,ECK3843,b3851,,,,,,,,,,
NC_000913.3,RefSeq,gene,4037141,4037217,,+,,77,gene-b3852,"ECOCYC:EG30043,GeneID:948339",,ileT,Gene,,,,,ileT,tRNA,"ECK3844,tilA",b3852,,,,,,,,,,
NC_000913.3,RefSeq,gene,4037260,4037335,,+,,76,gene-b3853,"ECOCYC:EG30008,GeneID:948337",,alaT,Gene,,,,,alaT,tRNA,"ECK3845,talA",b3853,,,,,,,,,,
NC_000913.3,RefSeq,gene,4037519,4040423,,+,,2905,gene-b3854,"ECOCYC:EG30077,GeneID:948341",,rrlA,Gene,,,,,rrlA,rRNA,ECK3846,b3854,,,,,,,,,,
NC_000913.3,RefSeq,gene,4040517,4040636,,+,,120,gene-b3855,"ECOCYC:EG30070,GeneID:948345",,rrfA,Gene,,,,,rrfA,rRNA,ECK3847,b3855,,,,,,,,,,
NC_000913.3,RefSeq,gene,4040906,4041433,,-,,528,gene-b3856,"ECOCYC:EG11828,GeneID:948343",,mobB,Gene,,,,,mobB,protein_coding,"ECK3848,yihC",b3856,,,,,,,,,,
NC_000913.3,RefSeq,gene,4041415,4041999,,-,,585,gene-b3857,"ECOCYC:EG11829,GeneID:948349",,mobA,Gene,,,,,mobA,protein_coding,"chlB,ECK3849,mob,narB",b3857,,,,,,,,,,
NC_000913.3,RefSeq,gene,4042069,4042338,,+,,270,gene-b3858,"ECOCYC:EG11830,GeneID:948348",,yihD,Gene,,,,,yihD,protein_coding,ECK3850,b3858,,,,,,,,,,
NC_000913.3,RefSeq,gene,4042415,4043401,,+,,987,gene-b3859,"ECOCYC:EG11831,GeneID:948346",,srkA,Gene,,,,,srkA,protein_coding,"ECK3851,orfA,yihE",b3859,,,,,,,,,,
NC_000913.3,RefSeq,gene,4043418,4044044,,+,,627,gene-b3860,"ECOCYC:EG11297,GeneID:948353",,dsbA,Gene,,,,,dsbA,protein_coding,"dsf,ECK3852,iarA,ppfA",b3860,,,,,,,,,,
NC_000913.3,RefSeq,gene,4044199,4045629,,+,,1431,gene-b3861,"ECOCYC:EG11832,GeneID:948352",,yihF,Gene,,,,,yihF,protein_coding,ECK3853,b3861,,,,,,,,,,
NC_000913.3,RefSeq,gene,4045670,4046602,,-,,933,gene-b3862,"ECOCYC:EG11833,GeneID:948350",,yihG,Gene,,,,,yihG,protein_coding,ECK3854,b3862,,,,,,,,,,
NC_000913.3,RefSeq,gene,4046966,4049752,,+,,2787,gene-b3863,"ECOCYC:EG10746,GeneID:948356",,polA,Gene,,,,,polA,protein_coding,"ECK3855,resA",b3863,,,,,,,,,,
NC_000913.3,RefSeq,gene,4049899,4050009,,+,,111,gene-b3864,"ECOCYC:EG30098,GeneID:948354",,spf,Gene,,,,,spf,ncRNA,ECK3856,b3864,,,,,,,,,,
NC_000913.3,RefSeq,gene,4049917,4049964,,+,,48,gene-b4837,"ECOCYC:G0-17114,GeneID:302211668",,spfP,Gene,,,,,spfP,protein_coding,ECK4694,b4837,,,,,,,,,,
NC_000913.3,RefSeq,gene,4050133,4050765,,-,,633,gene-b3865,"ECOCYC:EG11203,GeneID:948358",,yihA,Gene,,,,,yihA,protein_coding,"ECK3857,engB",b3865,,,,,,,,,,
NC_000913.3,RefSeq,gene,4051036,4051281,,+,,246,gene-b4457,"ECOCYC:G0-8874,GeneID:2847776",,csrC,Gene,,,,,csrC,ncRNA,"ECK3858,IS198,psrA21,ryiB,sraK,tpk2",b4457,,,,,,,,,,
NC_000913.3,RefSeq,gene,4051347,4051856,,+,,510,gene-b3866,"ECOCYC:EG11835,GeneID:948363",,yihI,Gene,,,,,yihI,protein_coding,ECK3859,b3866,,,,,,,,,,
NC_000913.3,RefSeq,gene,4052045,4053418,,+,,1374,gene-b3867,"ECOCYC:EG11836,GeneID:948362",,hemN,Gene,,,,,hemN,protein_coding,"ECK3860,yihJ",b3867,,,,,,,,,,
NC_000913.3,RefSeq,gene,4053647,4053757,,-,,111,gene-b4686,"ECOCYC:G0-10657,GeneID:7751621",,yshB,Gene,,,,,yshB,protein_coding,ECK4501,b4686,,,,,,,,,,
NC_000913.3,RefSeq,gene,4053869,4055278,,-,,1410,gene-b3868,"ECOCYC:EG10385,GeneID:948361",,glnG,Gene,,,,,glnG,protein_coding,"ECK3861,glnT,ntrC",b3868,,,,,,,,,,
NC_000913.3,RefSeq,gene,4055290,4056339,,-,,1050,gene-b3869,"ECOCYC:EG10387,GeneID:948360",,glnL,Gene,,,,,glnL,protein_coding,"ECK3862,glnR,ntrB",b3869,,,,,,,,,,
NC_000913.3,RefSeq,gene,4056428,4056621,,-,,194,gene-b4836,"ECOCYC:G0-17117,GeneID:302211669",,glnZ,Gene,,,,,glnZ,ncRNA,ECK4693,b4836,,,,,,,,,,
NC_000913.3,RefSeq,gene,4056625,4058034,,-,,1410,gene-b3870,"ECOCYC:EG10383,GeneID:948370",,glnA,Gene,,,,,glnA,protein_coding,ECK3863,b3870,,,,,,,,,,
NC_000913.3,RefSeq,gene,4058407,4060230,,+,,1824,gene-b3871,"ECOCYC:EG11837,GeneID:948369",,bipA,Gene,,,,,bipA,protein_coding,"ECK3864,typA,yihK",b3871,,,,,,,,,,
NC_000913.3,RefSeq,gene,4060447,4061157,,+,,711,gene-b3872,"ECOCYC:EG11838,GeneID:948368",,yihL,Gene,,,,,yihL,protein_coding,ECK3865,b3872,,,,,,,,,,
NC_000913.3,RefSeq,gene,4061165,4062145,,+,,981,gene-b3873,"ECOCYC:EG11839,GeneID:948367",,yihM,Gene,,,,,yihM,protein_coding,ECK3866,b3873,,,,,,,,,,
NC_000913.3,RefSeq,gene,4062247,4063512,,+,,1266,gene-b3874,"ECOCYC:EG11840,GeneID:948365",,yihN,Gene,,,,,yihN,protein_coding,ECK3867,b3874,,,,,,,,,,
NC_000913.3,RefSeq,gene,4063603,4064295,,-,,693,gene-b3875,"ECOCYC:G7814,GeneID:948366",,ompL,Gene,,,,,ompL,protein_coding,"ECK3868,yshA",b3875,,,,,,,,,,
NC_000913.3,RefSeq,gene,4064363,4065766,,-,,1404,gene-b3876,"ECOCYC:EG11841,GeneID:948377",,yihO,Gene,,,,,yihO,protein_coding,"ECK3869,squO",b3876,,,,,,,,,,
NC_000913.3,RefSeq,gene,4065809,4067194,,-,,1386,gene-b3877,"ECOCYC:EG11842,GeneID:948371",,yihP,Gene,,,,,yihP,protein_coding,ECK3870,b3877,,,,,,,,,,
NC_000913.3,RefSeq,gene,4067240,4069276,,-,,2037,gene-b3878,"ECOCYC:EG11843,GeneID:948376",,yihQ,Gene,,,,,yihQ,protein_coding,"ECK3871,squQ",b3878,,,,,,,,,,
NC_000913.3,RefSeq,gene,4069475,4070401,,-,,927,gene-b3879,"ECOCYC:EG11844,GeneID:948375",,yihR,Gene,,,,,yihR,protein_coding,"ECK3872,squR",b3879,,,,,,,,,,
NC_000913.3,RefSeq,gene,4070515,4071756,,-,,1242,gene-b3880,"ECOCYC:EG11845,GeneID:948374",,yihS,Gene,,,,,yihS,protein_coding,"ECK3873,squS",b3880,,,,,,,,,,
NC_000913.3,RefSeq,gene,4071773,4072651,,-,,879,gene-b3881,"ECOCYC:EG11846,GeneID:948373",,yihT,Gene,,,,,yihT,protein_coding,"ECK3874,squT",b3881,,,,,,,,,,
NC_000913.3,RefSeq,gene,4072675,4073571,,-,,897,gene-b3882,"ECOCYC:EG11847,GeneID:948372",,yihU,Gene,,,,,yihU,protein_coding,"ECK3875,squU",b3882,,,,,,,,,,
NC_000913.3,RefSeq,gene,4073739,4074635,,+,,897,gene-b3883,"ECOCYC:EG11848,GeneID:948382",,yihV,Gene,,,,,yihV,protein_coding,"ECK3876,squV",b3883,,,,,,,,,,
NC_000913.3,RefSeq,gene,4074669,4075454,,+,,786,gene-b3884,"ECOCYC:EG11849,GeneID:948381",,csqR,Gene,,,,,csqR,protein_coding,"ECK3877,yihW",b3884,,,,,,,,,,
NC_000913.3,RefSeq,gene,4075553,4076152,,+,,600,gene-b3885,"ECOCYC:EG11850,GeneID:948380",,yihX,Gene,,,,,yihX,protein_coding,ECK3878,b3885,,,,,,,,,,
NC_000913.3,RefSeq,gene,4076146,4077018,,+,,873,gene-b3886,"ECOCYC:EG11851,GeneID:948379",,yihY,Gene,,,,,yihY,protein_coding,"ECK3879,rbn",b3886,,,,,,,,,,
NC_000913.3,RefSeq,gene,4077015,4077452,,+,,438,gene-b3887,"ECOCYC:EG11852,GeneID:948378",,dtd,Gene,,,,,dtd,protein_coding,"ECK3880,yihZ",b3887,,,,,,,,,,
NC_000913.3,RefSeq,gene,4077449,4078438,,+,,990,gene-b3888,"ECOCYC:EG11853,GeneID:948387",,fabY,Gene,,,,,fabY,protein_coding,"ECK3881,yiiD",b3888,,,,,,,,,,
NC_000913.3,RefSeq,gene,4079291,4079509,,+,,219,gene-b3889,"ECOCYC:EG11854,GeneID:948386",,yiiE,Gene,,,,,yiiE,protein_coding,ECK3882,b3889,,,,,,,,,,
NC_000913.3,RefSeq,gene,4079751,4079969,,+,,219,gene-b3890,"ECOCYC:EG11855,GeneID:948385",,yiiF,Gene,,,,,yiiF,protein_coding,ECK3883,b3890,,,,,,,,,,
NC_000913.3,RefSeq,gene,4080299,4081228,,-,,930,gene-b3891,"ECOCYC:EG10284,GeneID:948384",,fdhE,Gene,,,,,fdhE,protein_coding,ECK3884,b3891,,,,,,,,,,
NC_000913.3,RefSeq,gene,4081225,4081860,,-,,636,gene-b3892,"ECOCYC:EG11856,GeneID:948383",,fdoI,Gene,,,,,fdoI,protein_coding,ECK3885,b3892,,,,,,,,,,
NC_000913.3,RefSeq,gene,4081857,4082759,,-,,903,gene-b3893,"ECOCYC:EG11857,GeneID:948395",,fdoH,Gene,,,,,fdoH,protein_coding,ECK3886,b3893,,,,,,,,,,
NC_000913.3,RefSeq,gene,4082772,4085822,,-,,3051,gene-b3894,"ECOCYC:EG11858,GeneID:948394",,fdoG,Gene,,,,,fdoG,protein_coding,ECK3887,b3894,,,,,,,,,,
NC_000913.3,RefSeq,gene,4086016,4086849,,+,,834,gene-b3895,"ECOCYC:EG11859,GeneID:948393",,fdhD,Gene,,,,,fdhD,protein_coding,ECK3888,b3895,,,,,,,,,,
NC_000913.3,RefSeq,gene,4087002,4088057,,+,,1056,gene-b3896,"ECOCYC:EG11860,GeneID:948392",,yiiG,Gene,,,,,yiiG,protein_coding,ECK3889,b3896,,,,,,,,,,
NC_000913.3,RefSeq,gene,4088107,4089855,,-,,1749,gene-b3897,"ECOCYC:EG11861,GeneID:948389",,frvR,Gene,,,,,frvR,protein_coding,"ECK3890,yiiH",b3897,,,,,,,,,,
NC_000913.3,RefSeq,gene,4089855,4090925,,-,,1071,gene-b3898,"ECOCYC:EG11862,GeneID:948388",,frvX,Gene,,,,,frvX,protein_coding,"ECK3891,yiiI",b3898,,,,,,,,,,
NC_000913.3,RefSeq,gene,4090915,4092366,,-,,1452,gene-b3899,"ECOCYC:EG11863,GeneID:948390",,frvB,Gene,,,,,frvB,protein_coding,"ECK3892,yiiJ",b3899,,,,,,,,,,
NC_000913.3,RefSeq,gene,4092377,4092823,,-,,447,gene-b3900,"ECOCYC:EG11864,GeneID:948391",,frvA,Gene,,,,,frvA,protein_coding,"ECK3893,yiiK",b3900,,,,,,,,,,
NC_000913.3,RefSeq,gene,4093124,4093438,,-,,315,gene-b3901,"ECOCYC:EG11865,GeneID:948402",,rhaM,Gene,,,,,rhaM,protein_coding,"ECK3894,yiiL",b3901,,,,,,,,,,
NC_000913.3,RefSeq,gene,4093448,4094272,,-,,825,gene-b3902,"ECOCYC:EG11866,GeneID:948401",,rhaD,Gene,,,,,rhaD,protein_coding,ECK3895,b3902,,,,,,,,,,
NC_000913.3,RefSeq,gene,4094723,4095982,,-,,1260,gene-b3903,"ECOCYC:EG11867,GeneID:948400",,rhaA,Gene,,,,,rhaA,protein_coding,ECK3896,b3903,,,,,,,,,,
NC_000913.3,RefSeq,gene,4095979,4097448,,-,,1470,gene-b3904,"ECOCYC:EG11868,GeneID:948399",,rhaB,Gene,,,,,rhaB,protein_coding,ECK3897,b3904,,,,,,,,,,
NC_000913.3,RefSeq,gene,4097736,4098572,,+,,837,gene-b3905,"ECOCYC:EG10843,GeneID:948397",,rhaS,Gene,,,,,rhaS,protein_coding,"ECK3898,rhaC2",b3905,,,,,,,,,,
NC_000913.3,RefSeq,gene,4098646,4099494,,+,,849,gene-b3906,"ECOCYC:EG10842,GeneID:948396",,rhaR,Gene,,,,,rhaR,protein_coding,"ECK3899,rhaC1",b3906,,,,,,,,,,
NC_000913.3,RefSeq,gene,4099491,4100525,,-,,1035,gene-b3907,"ECOCYC:EG11313,GeneID:948398",,rhaT,Gene,,,,,rhaT,protein_coding,ECK3900,b3907,,,,,,,,,,
NC_000913.3,RefSeq,gene,4100810,4101430,,+,,621,gene-b3908,"ECOCYC:EG10953,GeneID:948403",,sodA,Gene,,,,,sodA,protein_coding,ECK3901,b3908,,,,,,,,,,
NC_000913.3,RefSeq,gene,4101690,4102673,,+,,984,gene-b3909,"ECOCYC:EG11869,GeneID:948407",,kdgT,Gene,,,,,kdgT,protein_coding,ECK3902,b3909,,,,,,,,,,
NC_000913.3,RefSeq,gene,4102822,4103496,,+,,675,gene-b3910,"ECOCYC:EG11870,GeneID:948406",,yiiM,Gene,,,,,yiiM,protein_coding,ECK3903,b3910,,,,,,,,,,
NC_000913.3,RefSeq,gene,4103602,4104975,,-,,1374,gene-b3911,"ECOCYC:EG10163,GeneID:948405",,cpxA,Gene,,,,,cpxA,protein_coding,"ecf,ecfB,ECK3904,eup,rssE,ssd",b3911,,,,,,,,,,
NC_000913.3,RefSeq,gene,4104972,4105670,,-,,699,gene-b3912,"ECOCYC:EG10020,GeneID:948404",,cpxR,Gene,,,,,cpxR,protein_coding,"ECK3905,yiiA",b3912,,,,,,,,,,
NC_000913.3,RefSeq,gene,4105820,4106320,,+,,501,gene-b4484,"ECOCYC:G7816,GeneID:2847688",,cpxP,Gene,,,,,cpxP,protein_coding,"b3913,ECK3906,yiiO",b4484,,,,,,,,,,
NC_000913.3,RefSeq,gene,4106330,4106387,,+,,58,gene-b4716,"ECOCYC:G0-16649,GeneID:38094976",,cpxQ,Gene,,,,,cpxQ,ncRNA,ECK4573,b4716,,,,,,,,,,
NC_000913.3,RefSeq,gene,4106469,4107371,,+,,903,gene-b3915,"ECOCYC:EG11873,GeneID:948413",,fieF,Gene,,,,,fieF,protein_coding,"ECK3907,yiiP",b3915,,,,,,,,,,
NC_000913.3,RefSeq,gene,4107552,4108514,,+,,963,gene-b3916,"ECOCYC:EG10699,GeneID:948412",,pfkA,Gene,,,,,pfkA,protein_coding,ECK3908,b3916,,,,,,,,,,
NC_000913.3,RefSeq,gene,4108834,4109823,,+,,990,gene-b3917,"ECOCYC:EG10929,GeneID:948411",,sbp,Gene,,,,,sbp,protein_coding,ECK3909,b3917,,,,,,,,,,
NC_000913.3,RefSeq,gene,4109930,4110685,,+,,756,gene-b3918,"ECOCYC:EG10138,GeneID:948410",,cdh,Gene,,,,,cdh,protein_coding,ECK3910,b3918,,,,,,,,,,
NC_000913.3,RefSeq,gene,4110740,4111507,,-,,768,gene-b3919,"ECOCYC:EG11015,GeneID:948409",,tpiA,Gene,,,,,tpiA,protein_coding,"ECK3911,tpi",b3919,,,,,,,,,,
NC_000913.3,RefSeq,gene,4111615,4112214,,-,,600,gene-b3920,"ECOCYC:EG11874,GeneID:948408",,yiiQ,Gene,,,,,yiiQ,protein_coding,ECK3912,b3920,,,,,,,,,,
NC_000913.3,RefSeq,gene,4112315,4112755,,+,,441,gene-b3921,"ECOCYC:EG11875,GeneID:948417",,yiiR,Gene,,,,,yiiR,protein_coding,ECK3913,b3921,,,,,,,,,,
NC_000913.3,RefSeq,gene,4112967,4113266,,+,,300,gene-b3922,"ECOCYC:EG11876,GeneID:948416",,yiiS,Gene,,,,,yiiS,protein_coding,ECK3914,b3922,,,,,,,,,,
NC_000913.3,RefSeq,gene,4113293,4113721,,+,,429,gene-b3923,"ECOCYC:EG11877,GeneID:948415",,uspD,Gene,,,,,uspD,protein_coding,"ECK3915,yiiT",b3923,,,,,,,,,,
NC_000913.3,RefSeq,gene,4113726,4114472,,-,,747,gene-b3924,"ECOCYC:EG10628,GeneID:948414",,fpr,Gene,,,,,fpr,protein_coding,"ECK3916,flxR,mvrA",b3924,,,,,,,,,,
NC_000913.3,RefSeq,gene,4114569,4115579,,-,,1011,gene-b3925,"ECOCYC:EG11517,GeneID:948424",,glpX,Gene,,,,,glpX,protein_coding,ECK3917,b3925,,,,,,,,,,
NC_000913.3,RefSeq,gene,4115714,4117222,,-,,1509,gene-b3926,"ECOCYC:EG10398,GeneID:948423",,glpK,Gene,,,,,glpK,protein_coding,ECK3918,b3926,,,,,,,,,,
NC_000913.3,RefSeq,gene,4117245,4118090,,-,,846,gene-b3927,"ECOCYC:EG10396,GeneID:948422",,glpF,Gene,,,,,glpF,protein_coding,ECK3919,b3927,,,,,,,,,,
NC_000913.3,RefSeq,gene,4118515,4118760,,+,,246,gene-b3928,"ECOCYC:EG11878,GeneID:948420",,zapB,Gene,,,,,zapB,protein_coding,"ECK3920,yiiU",b3928,,,,,,,,,,
NC_000913.3,RefSeq,gene,4118845,4119330,,-,,486,gene-b3929,"ECOCYC:EG11879,GeneID:948419",,rraA,Gene,,,,,rraA,protein_coding,"ECK3921,menG,yiiV",b3929,,,,,,,,,,
NC_000913.3,RefSeq,gene,4119423,4120349,,-,,927,gene-b3930,"ECOCYC:EG11880,GeneID:948418",,menA,Gene,,,,,menA,protein_coding,"ECK3922,yiiW",b3930,,,,,,,,,,
NC_000913.3,RefSeq,gene,4120416,4121747,,-,,1332,gene-b3931,"ECOCYC:EG11881,GeneID:948430",,hslU,Gene,,,,,hslU,protein_coding,"clpY,ECK3923,htpI",b3931,,,,,,,,,,
NC_000913.3,RefSeq,gene,4121757,4122287,,-,,531,gene-b3932,"ECOCYC:EG11676,GeneID:948429",,hslV,Gene,,,,,hslV,protein_coding,"clpQ,ECK3924,htpO,yiiC",b3932,,,,,,,,,,
NC_000913.3,RefSeq,gene,4122380,4123339,,-,,960,gene-b3933,"ECOCYC:EG11529,GeneID:948428",,ftsN,Gene,,,,,ftsN,protein_coding,"ECK3925,msgA",b3933,,,,,,,,,,
NC_000913.3,RefSeq,gene,4123431,4124456,,-,,1026,gene-b3934,"ECOCYC:EG10200,GeneID:948427",,cytR,Gene,,,,,cytR,protein_coding,ECK3926,b3934,,,,,,,,,,
NC_000913.3,RefSeq,gene,4124612,4126810,,-,,2199,gene-b3935,"ECOCYC:EG10763,GeneID:948426",,priA,Gene,,,,,priA,protein_coding,"ECK3927,srgA",b3935,,,,,,,,,,
NC_000913.3,RefSeq,gene,4127013,4127225,,+,,213,gene-b3936,"ECOCYC:EG10889,GeneID:948425",,rpmE,Gene,,,,,rpmE,protein_coding,ECK3928,b3936,,,,,,,,,,
NC_000913.3,RefSeq,gene,4127286,4127894,,-,,609,gene-b3937,"ECOCYC:EG11882,GeneID:948436",,yiiX,Gene,,,,,yiiX,protein_coding,ECK3929,b3937,,,,,,,,,,
NC_000913.3,RefSeq,gene,4128078,4128395,,-,,318,gene-b3938,"ECOCYC:EG10588,GeneID:948435",,metJ,Gene,,,,,metJ,protein_coding,ECK3930,b3938,,,,,,,,,,
NC_000913.3,RefSeq,gene,4128672,4129832,,+,,1161,gene-b3939,"ECOCYC:EG10582,GeneID:948434",,metB,Gene,,,,,metB,protein_coding,"ECK3931,met-1",b3939,,,,,,,,,,
NC_000913.3,RefSeq,gene,4129835,4132267,,+,,2433,gene-b3940,"ECOCYC:EG10590,GeneID:948433",,metL,Gene,,,,,metL,protein_coding,"ECK3932,metM",b3940,,,,,,,,,,
NC_000913.3,RefSeq,gene,4132616,4133506,,+,,891,gene-b3941,"ECOCYC:EG10585,GeneID:948432",,metF,Gene,,,,,metF,protein_coding,ECK3933,b3941,,,,,,,,,,
NC_000913.3,RefSeq,gene,4133835,4136015,,+,,2181,gene-b3942,"ECOCYC:EG10511,GeneID:948431",,katG,Gene,,,,,katG,protein_coding,ECK3934,b3942,,,,,,,,,,
NC_000913.3,RefSeq,gene,4136108,4137013,,+,,906,gene-b3943,"ECOCYC:EG11902,GeneID:948445",,yijE,Gene,,,,,yijE,protein_coding,ECK3935,b3943,,,,,,,,,,
NC_000913.3,RefSeq,gene,4137040,4137657,,-,,618,gene-b3944,"ECOCYC:EG11903,GeneID:948441",,yijF,Gene,,,,,yijF,protein_coding,ECK3936,b3944,,,,,,,,,,
NC_000913.3,RefSeq,gene,4137932,4139035,,-,,1104,gene-b3945,"ECOCYC:EG11904,GeneID:948440",,gldA,Gene,,,,,gldA,protein_coding,ECK3937,b3945,,,,,,,,,,
NC_000913.3,RefSeq,gene,4139046,4139708,,-,,663,gene-b3946,"ECOCYC:EG11905,GeneID:948439",,fsaB,Gene,,,,,fsaB,protein_coding,"ECK3938,talC,yijG",b3946,,,,,,,,,,
NC_000913.3,RefSeq,gene,4139720,4142221,,-,,2502,gene-b3947,"ECOCYC:EG11906,GeneID:948437",,ptsA,Gene,,,,,ptsA,protein_coding,"ECK3939,frwA,pt1A,yijH",b3947,,,,,,,,,,
NC_000913.3,RefSeq,gene,4142530,4143609,,+,,1080,gene-b3949,"ECOCYC:EG11908,GeneID:948448",,frwC,Gene,,,,,frwC,protein_coding,"ECK3940,yijJ",b3949,,,,,,,,,,
NC_000913.3,RefSeq,gene,4143624,4143944,,+,,321,gene-b3950,"ECOCYC:EG11909,GeneID:948447",,frwB,Gene,,,,,frwB,protein_coding,"ECK3941,yijK",b3950,,,,,,,,,,
NC_000913.3,RefSeq,gene,4143995,4146292,,+,,2298,gene-b3951,"ECOCYC:EG11910,GeneID:948454",,pflD,Gene,,,,,pflD,protein_coding,"ECK3942,yijL",b3951,,,,,,,,,,
NC_000913.3,RefSeq,gene,4146258,4147136,,+,,879,gene-b3952,"ECOCYC:EG11911,GeneID:948453",,pflC,Gene,,,,,pflC,protein_coding,"ECK3943,yijM",b3952,,,,,,,,,,
NC_000913.3,RefSeq,gene,4147138,4147479,,+,,342,gene-b3953,"ECOCYC:EG11912,GeneID:948452",,frwD,Gene,,,,,frwD,protein_coding,"ECK3944,yijN",b3953,,,,,,,,,,
NC_000913.3,RefSeq,gene,4147466,4148317,,-,,852,gene-b3954,"ECOCYC:EG11913,GeneID:948451",,yijO,Gene,,,,,yijO,protein_coding,ECK3945,b3954,,,,,,,,,,
NC_000913.3,RefSeq,gene,4148532,4150265,,-,,1734,gene-b3955,"ECOCYC:EG11914,GeneID:948458",,eptC,Gene,,,,,eptC,protein_coding,"ECK3946,yijP",b3955,,,,,,,,,,
NC_000913.3,RefSeq,gene,4150447,4153098,,-,,2652,gene-b3956,"ECOCYC:EG10756,GeneID:948457",,ppc,Gene,,,,,ppc,protein_coding,"asp,ECK3947,glu",b3956,,,,,,,,,,
NC_000913.3,RefSeq,gene,4153696,4154847,,-,,1152,gene-b3957,"ECOCYC:EG11286,GeneID:948456",,argE,Gene,,,,,argE,protein_coding,ECK3948,b3957,,,,,,,,,,
NC_000913.3,RefSeq,gene,4155001,4156005,,+,,1005,gene-b3958,"ECOCYC:EG10065,GeneID:948455",,argC,Gene,,,,,argC,protein_coding,"Arg2,ECK3949",b3958,,,,,,,,,,
NC_000913.3,RefSeq,gene,4156013,4156789,,+,,777,gene-b3959,"ECOCYC:EG10064,GeneID:948464",,argB,Gene,,,,,argB,protein_coding,ECK3950,b3959,,,,,,,,,,
NC_000913.3,RefSeq,gene,4156850,4158223,,+,,1374,gene-b3960,"ECOCYC:EG11223,GeneID:948463",,argH,Gene,,,,,argH,protein_coding,ECK3951,b3960,,,,,,,,,,
NC_000913.3,RefSeq,gene,4158278,4158394,,-,,117,gene-b4458,"ECOCYC:EG31116,GeneID:2847701",,oxyS,Gene,,,,,oxyS,ncRNA,ECK3952,b4458,,,,,,,,,,
NC_000913.3,RefSeq,gene,4158490,4159407,,+,,918,gene-b3961,"ECOCYC:EG10681,GeneID:948462",,oxyR,Gene,,,,,oxyR,protein_coding,"ECK3953,momR,mor",b3961,,,,,,,,,,
NC_000913.3,RefSeq,gene,4159390,4160790,,-,,1401,gene-b3962,"ECOCYC:EG11428,GeneID:948461",,sthA,Gene,,,,,sthA,protein_coding,"ECK3954,sth,udhA",b3962,,,,,,,,,,
NC_000913.3,RefSeq,gene,4161067,4161771,,+,,705,gene-b3963,"ECOCYC:EG11394,GeneID:948460",,fabR,Gene,,,,,fabR,protein_coding,"ECK3955,yijC",b3963,,,,,,,,,,
NC_000913.3,RefSeq,gene,4161771,4162130,,+,,360,gene-b3964,"ECOCYC:EG11395,GeneID:948459",,yijD,Gene,,,,,yijD,protein_coding,ECK3956,b3964,,,,,,,,,,
NC_000913.3,RefSeq,gene,4162170,4163270,,-,,1101,gene-b3965,"ECOCYC:EG11022,GeneID:947143",,trmA,Gene,,,,,trmA,protein_coding,"ECK3957,rT,rumT",b3965,,,,,,,,,,
NC_000913.3,RefSeq,gene,4163639,4165483,,+,,1845,gene-b3966,"ECOCYC:EG10126,GeneID:948468",,btuB,Gene,,,,,btuB,protein_coding,"bfe,cer,ECK3958",b3966,,,,,,,,,,
NC_000913.3,RefSeq,gene,4165428,4166285,,+,,858,gene-b3967,"ECOCYC:EG11204,GeneID:948467",,murI,Gene,,,,,murI,protein_coding,"dga,ECK3959,glr,yijA",b3967,,,,,,,,,,
NC_000913.3,RefSeq,gene,4166659,4168200,,+,,1542,gene-b3968,"ECOCYC:EG30085,GeneID:948466",,rrsB,Gene,,,,,rrsB,rRNA,ECK3960,b3968,,,,,,,,,,
NC_000913.3,RefSeq,gene,4168372,4168447,,+,,76,gene-b3969,"ECOCYC:EG30032,GeneID:948465",,gltT,Gene,,,,,gltT,tRNA,"ECK3961,tgtB",b3969,,,,,,,,,,
NC_000913.3,RefSeq,gene,4168641,4171544,,+,,2904,gene-b3970,"ECOCYC:EG30078,GeneID:948473",,rrlB,Gene,,,,,rrlB,rRNA,ECK3962,b3970,,,,,,,,,,
NC_000913.3,RefSeq,gene,4171637,4171756,,+,,120,gene-b3971,"ECOCYC:EG30071,GeneID:948471",,rrfB,Gene,,,,,rrfB,rRNA,ECK3963,b3971,,,,,,,,,,
NC_000913.3,RefSeq,gene,4172057,4173085,,+,,1029,gene-b3972,"ECOCYC:EG11205,GeneID:948470",,murB,Gene,,,,,murB,protein_coding,"ECK3964,yijB",b3972,,,,,,,,,,
NC_000913.3,RefSeq,gene,4173082,4174047,,+,,966,gene-b3973,"ECOCYC:EG10123,GeneID:948469",,birA,Gene,,,,,birA,protein_coding,"bioR,dhbB,ECK3965",b3973,,,,,,,,,,
NC_000913.3,RefSeq,gene,4174076,4175026,,-,,951,gene-b3974,"ECOCYC:EG10922,GeneID:948479",,coaA,Gene,,,,,coaA,protein_coding,"ECK3966,panK,rts,ts-9",b3974,,,,,,,,,,
NC_000913.3,RefSeq,gene,4175388,4175463,,+,,76,gene-b3976,"ECOCYC:EG30102,GeneID:948476",,thrU,Gene,,,,,thrU,tRNA,ECK3967,b3976,,,,,,,,,,
NC_000913.3,RefSeq,gene,4175472,4175556,,+,,85,gene-b3977,"ECOCYC:EG30107,GeneID:948474",,tyrU,Gene,,,,,tyrU,tRNA,"ECK3968,sup15B,supM,supZ",b3977,,,,,,,,,,
NC_000913.3,RefSeq,gene,4175673,4175747,,+,,75,gene-b3978,"ECOCYC:EG30036,GeneID:948481",,glyT,Gene,,,,,glyT,tRNA,"ECK3969,sumA,sup15B,supA36",b3978,,,,,,,,,,
NC_000913.3,RefSeq,gene,4175754,4175829,,+,,76,gene-b3979,"ECOCYC:EG30101,GeneID:948480",,thrT,Gene,,,,,thrT,tRNA,ECK3970,b3979,,,,,,,,,,
NC_000913.3,RefSeq,gene,4175944,4177128,,+,,1185,gene-b3980,"ECOCYC:EG11037,GeneID:948482",,tufB,Gene,,,,,tufB,protein_coding,"ECK3971,kirT,pulT",b3980,,,,,,,,,,
NC_000913.3,RefSeq,gene,4177358,4177741,,+,,384,gene-b3981,"ECOCYC:EG10939,GeneID:948486",,secE,Gene,,,,,secE,protein_coding,"ECK3972,mbrC,prlG",b3981,,,,,,,,,,
NC_000913.3,RefSeq,gene,4177743,4178288,,+,,546,gene-b3982,"ECOCYC:EG10667,GeneID:948485",,nusG,Gene,,,,,nusG,protein_coding,ECK3973,b3982,,,,,,,,,,
NC_000913.3,RefSeq,gene,4178447,4178875,,+,,429,gene-b3983,"ECOCYC:EG10872,GeneID:948484",,rplK,Gene,,,,,rplK,protein_coding,"ECK3974,relC",b3983,,,,,,,,,,
NC_000913.3,RefSeq,gene,4178879,4179583,,+,,705,gene-b3984,"ECOCYC:EG10864,GeneID:948483",,rplA,Gene,,,,,rplA,protein_coding,"ECK3975,rpy",b3984,,,,,,,,,,
NC_000913.3,RefSeq,gene,4179996,4180493,,+,,498,gene-b3985,"ECOCYC:EG10871,GeneID:948490",,rplJ,Gene,,,,,rplJ,protein_coding,ECK3976,b3985,,,,,,,,,,
NC_000913.3,RefSeq,gene,4180560,4180925,,+,,366,gene-b3986,"ECOCYC:EG10873,GeneID:948489",,rplL,Gene,,,,,rplL,protein_coding,ECK3977,b3986,,,,,,,,,,
NC_000913.3,RefSeq,gene,4181245,4185273,,+,,4029,gene-b3987,"ECOCYC:EG10894,GeneID:948488",,rpoB,Gene,,,,,rpoB,protein_coding,"ECK3978,ftsR,groN,nitB,rif,ron,sdgB,stl,stv,tabD",b3987,,,,,,,,,,
NC_000913.3,RefSeq,gene,4185350,4189573,,+,,4224,gene-b3988,"ECOCYC:EG10895,GeneID:948487",,rpoC,Gene,,,,,rpoC,protein_coding,"ECK3979,tabB",b3988,,,,,,,,,,
NC_000913.3,RefSeq,gene,4189786,4190325,,+,,540,gene-b3989,"ECOCYC:EG11429,GeneID:948495",,yjaZ,Gene,,,,,yjaZ,protein_coding,"ECK3980,htrC",b3989,,,,,,,,,,
NC_000913.3,RefSeq,gene,4190327,4190487,,-,,161,gene-b4691,"ECOCYC:G0-9388,GeneID:7751646",,sroH,Gene,,,,,sroH,ncRNA,ECK4505,b4691,,,,,,,,,,
NC_000913.3,RefSeq,gene,4190735,4191868,,-,,1134,gene-b3990,"ECOCYC:EG11590,GeneID:948494",,thiH,Gene,,,,,thiH,protein_coding,"ECK3981,thiB",b3990,,,,,,,,,,
NC_000913.3,RefSeq,gene,4191865,4192635,,-,,771,gene-b3991,"ECOCYC:EG11589,GeneID:948493",,thiG,Gene,,,,,thiG,protein_coding,"ECK3982,thiB",b3991,,,,,,,,,,
NC_000913.3,RefSeq,gene,4192637,4192837,,-,,201,gene-b4407,"ECOCYC:G1,GeneID:2847702",,thiS,Gene,,,,,thiS,protein_coding,"ECK3983,thiG1",b4407,,,,,,,,,,
NC_000913.3,RefSeq,gene,4192821,4193576,,-,,756,gene-b3992,"ECOCYC:EG11587,GeneID:948500",,thiF,Gene,,,,,thiF,protein_coding,"ECK3984,thiA",b3992,,,,,,,,,,
NC_000913.3,RefSeq,gene,4193569,4194204,,-,,636,gene-b3993,"ECOCYC:EG11586,GeneID:948491",,thiE,Gene,,,,,thiE,protein_coding,"ECK3985,thiA",b3993,,,,,,,,,,
NC_000913.3,RefSeq,gene,4194204,4196099,,-,,1896,gene-b3994,"ECOCYC:EG11585,GeneID:948492",,thiC,Gene,,,,,thiC,protein_coding,ECK3986,b3994,,,,,,,,,,
NC_000913.3,RefSeq,gene,4196332,4196808,,-,,477,gene-b3995,"ECOCYC:EG11738,GeneID:948496",,rsd,Gene,,,,,rsd,protein_coding,"ECK3987,yjaE",b3995,,,,,,,,,,
NC_000913.3,RefSeq,gene,4196903,4197676,,+,,774,gene-b3996,"ECOCYC:EG11702,GeneID:948498",,nudC,Gene,,,,,nudC,protein_coding,"ECK3988,yjaD",b3996,,,,,,,,,,
NC_000913.3,RefSeq,gene,4197716,4198780,,+,,1065,gene-b3997,"ECOCYC:EG11543,GeneID:948497",,hemE,Gene,,,,,hemE,protein_coding,ECK3989,b3997,,,,,,,,,,
NC_000913.3,RefSeq,gene,4198790,4199461,,+,,672,gene-b3998,"ECOCYC:EG11915,GeneID:948502",,nfi,Gene,,,,,nfi,protein_coding,"ECK3990,yjaF",b3998,,,,,,,,,,
NC_000913.3,RefSeq,gene,4199504,4200094,,+,,591,gene-b3999,"ECOCYC:EG11916,GeneID:948501",,yjaG,Gene,,,,,yjaG,protein_coding,ECK3991,b3999,,,,,,,,,,
NC_000913.3,RefSeq,gene,4200281,4200553,,+,,273,gene-b4000,"ECOCYC:EG10466,GeneID:948499",,hupA,Gene,,,,,hupA,protein_coding,ECK3992,b4000,,,,,,,,,,
NC_000913.3,RefSeq,gene,4200566,4201261,,+,,696,gene-b4001,"ECOCYC:EG11917,GeneID:948508",,yjaH,Gene,,,,,yjaH,protein_coding,ECK3993,b4001,,,,,,,,,,
NC_000913.3,RefSeq,gene,4201263,4201688,,-,,426,gene-b4002,"ECOCYC:EG11918,GeneID:948507",,zraP,Gene,,,,,zraP,protein_coding,"ECK3994,yjaI,zra",b4002,,,,,,,,,,
NC_000913.3,RefSeq,gene,4201926,4203323,,+,,1398,gene-b4003,"ECOCYC:EG10008,GeneID:948506",,zraS,Gene,,,,,zraS,protein_coding,"ECK3995,hydH",b4003,,,,,,,,,,
NC_000913.3,RefSeq,gene,4203320,4204645,,+,,1326,gene-b4004,"ECOCYC:EG10482,GeneID:948505",,zraR,Gene,,,,,zraR,protein_coding,"ECK3996,hydG",b4004,,,,,,,,,,
NC_000913.3,RefSeq,gene,4204642,4205931,,-,,1290,gene-b4005,"ECOCYC:EG10792,GeneID:948504",,purD,Gene,,,,,purD,protein_coding,"adth,adth(a),ECK3997",b4005,,,,,,,,,,
NC_000913.3,RefSeq,gene,4205943,4207532,,-,,1590,gene-b4006,"ECOCYC:EG10795,GeneID:948503",,purH,Gene,,,,,purH,protein_coding,ECK3998,b4006,,,,,,,,,,
NC_000913.3,RefSeq,gene,4208147,4209688,,+,,1542,gene-b4007,"ECOCYC:EG30088,GeneID:948511",,rrsE,Gene,,,,,rrsE,rRNA,ECK3999,b4007,,,,,,,,,,
NC_000913.3,RefSeq,gene,4209774,4209849,,+,,76,gene-b4008,"ECOCYC:EG30034,GeneID:948510",,gltV,Gene,,,,,gltV,tRNA,"ECK4000,tgtE",b4008,,,,,,,,,,
NC_000913.3,RefSeq,gene,4210043,4212946,,+,,2904,gene-b4009,"ECOCYC:EG30081,GeneID:948509",,rrlE,Gene,,,,,rrlE,rRNA,ECK4001,b4009,,,,,,,,,,
NC_000913.3,RefSeq,gene,4213040,4213159,,+,,120,gene-b4010,"ECOCYC:EG30074,GeneID:948516",,rrfE,Gene,,,,,rrfE,rRNA,ECK4002,b4010,,,,,,,,,,
NC_000913.3,RefSeq,gene,4213234,4213617,,+,,384,gene-b4011,"ECOCYC:EG11206,GeneID:948515",,yjaA,Gene,,,,,yjaA,protein_coding,ECK4003,b4011,,,,,,,,,,
NC_000913.3,RefSeq,gene,4213680,4214123,,-,,444,gene-b4012,"ECOCYC:EG11207,GeneID:948514",,yjaB,Gene,,,,,yjaB,protein_coding,ECK4004,b4012,,,,,,,,,,
NC_000913.3,RefSeq,gene,4214280,4215209,,+,,930,gene-b4013,"ECOCYC:EG10581,GeneID:948513",,metA,Gene,,,,,metA,protein_coding,ECK4005,b4013,,,,,,,,,,
NC_000913.3,RefSeq,gene,4215478,4217079,,+,,1602,gene-b4014,"ECOCYC:EG10023,GeneID:948512",,aceB,Gene,,,,,aceB,protein_coding,"ECK4006,mas",b4014,,,,,,,,,,
NC_000913.3,RefSeq,gene,4217109,4218413,,+,,1305,gene-b4015,"ECOCYC:EG10022,GeneID:948517",,aceA,Gene,,,,,aceA,protein_coding,"ECK4007,icl",b4015,,,,,,,,,,
NC_000913.3,RefSeq,gene,4218596,4220332,,+,,1737,gene-b4016,"ECOCYC:EG10026,GeneID:944797",,aceK,Gene,,,,,aceK,protein_coding,ECK4008,b4016,,,,,,,,,,
NC_000913.3,RefSeq,gene,4218879,4218963,,+,,85,gene-b4830,"ECOCYC:G0-17105,GeneID:71004576",,aceK-int,Gene,,,,,aceK-int,ncRNA,ECK4687,b4830,,,,,,,,,,
NC_000913.3,RefSeq,gene,4220301,4222487,,-,,2187,gene-b4017,"ECOCYC:EG11208,GeneID:944933",,arpA,Gene,,,,,arpA,protein_coding,"arp,ECK4009,yjaC",b4017,,,,,,,,,,
NC_000913.3,RefSeq,gene,4222804,4223628,,-,,825,gene-b4018,"ECOCYC:EG10491,GeneID:948524",,iclR,Gene,,,,,iclR,protein_coding,ECK4010,b4018,,,,,,,,,,
NC_000913.3,RefSeq,gene,4223828,4227511,,+,,3684,gene-b4019,"ECOCYC:EG10587,GeneID:948522",,metH,Gene,,,,,metH,protein_coding,ECK4011,b4019,,,,,,,,,,
NC_000913.3,RefSeq,gene,4227731,4229362,,+,,1632,gene-b4020,"ECOCYC:EG11919,GeneID:948521",,yjbB,Gene,,,,,yjbB,protein_coding,ECK4012,b4020,,,,,,,,,,
NC_000913.3,RefSeq,gene,4229453,4230142,,-,,690,gene-b4021,"ECOCYC:EG11920,GeneID:948520",,pepE,Gene,,,,,pepE,protein_coding,ECK4013,b4021,,,,,,,,,,
NC_000913.3,RefSeq,gene,4230354,4231226,,+,,873,gene-b4022,"ECOCYC:EG11921,GeneID:948519",,rluF,Gene,,,,,rluF,protein_coding,"ECK4014,yjbC",b4022,,,,,,,,,,
NC_000913.3,RefSeq,gene,4231359,4231631,,-,,273,gene-b4023,"ECOCYC:EG11922,GeneID:948518",,yjbD,Gene,,,,,yjbD,protein_coding,ECK4015,b4023,,,,,,,,,,
NC_000913.3,RefSeq,gene,4231884,4233233,,-,,1350,gene-b4024,"ECOCYC:EG10550,GeneID:948531",,lysC,Gene,,,,,lysC,protein_coding,"apk,ECK4016",b4024,,,,,,,,,,
NC_000913.3,RefSeq,gene,4233758,4235407,,+,,1650,gene-b4025,"ECOCYC:EG10702,GeneID:948535",,pgi,Gene,,,,,pgi,protein_coding,ECK4017,b4025,,,,,,,,,,
NC_000913.3,RefSeq,gene,4235906,4236148,,+,,243,gene-b4026,"ECOCYC:EG11923,GeneID:948534",,yjbE,Gene,,,,,yjbE,protein_coding,ECK4018,b4026,,,,,,,,,,
NC_000913.3,RefSeq,gene,4236262,4236900,,+,,639,gene-b4027,"ECOCYC:EG11924,GeneID:948533",,yjbF,Gene,,,,,yjbF,protein_coding,ECK4019,b4027,,,,,,,,,,
NC_000913.3,RefSeq,gene,4236897,4237634,,+,,738,gene-b4028,"ECOCYC:EG11925,GeneID:948526",,yjbG,Gene,,,,,yjbG,protein_coding,ECK4020,b4028,,,,,,,,,,
NC_000913.3,RefSeq,gene,4237634,4239730,,+,,2097,gene-b4029,"ECOCYC:EG11926,GeneID:948527",,yjbH,Gene,,,,,yjbH,protein_coding,ECK4021,b4029,,,,,,,,,,
NC_000913.3,RefSeq,gene,4239777,4240055,,-,,279,gene-b4620,"ECOCYC:G0-10606,GeneID:5061528",,yjbT,Gene,,,,,yjbT,protein_coding,ECK4428,b4620,,,,,,,,,,
NC_000913.3,RefSeq,gene,4240325,4240735,,+,,411,gene-b4030,"ECOCYC:EG11209,GeneID:948528",,psiE,Gene,,,,,psiE,protein_coding,"ECK4022,yjbA",b4030,,,,,,,,,,
NC_000913.3,RefSeq,gene,4240779,4242254,,-,,1476,gene-b4031,"ECOCYC:EG11076,GeneID:948529",,xylE,Gene,,,,,xylE,protein_coding,ECK4023,b4031,,,,,,,,,,
NC_000913.3,RefSeq,gene,4242531,4242633,,-,,103,gene-b4807,"ECOCYC:G0-17082,GeneID:71004577",,malH,Gene,,,,,malH,ncRNA,ECK4664,b4807,,,,,,,,,,
NC_000913.3,RefSeq,gene,4242626,4243516,,-,,891,gene-b4032,"ECOCYC:EG10556,GeneID:948530",,malG,Gene,,,,,malG,protein_coding,ECK4024,b4032,,,,,,,,,,
NC_000913.3,RefSeq,gene,4243531,4245075,,-,,1545,gene-b4033,"ECOCYC:EG10555,GeneID:948532",,malF,Gene,,,,,malF,protein_coding,ECK4025,b4033,,,,,,,,,,
NC_000913.3,RefSeq,gene,4245229,4246419,,-,,1191,gene-b4034,"ECOCYC:EG10554,GeneID:948538",,malE,Gene,,,,,malE,protein_coding,ECK4026,b4034,,,,,,,,,,
NC_000913.3,RefSeq,gene,4246784,4247899,,+,,1116,gene-b4035,"ECOCYC:EG10558,GeneID:948537",,malK,Gene,,,,,malK,protein_coding,"ECK4027,malB",b4035,,,,,,,,,,
NC_000913.3,RefSeq,gene,4247971,4249311,,+,,1341,gene-b4036,"ECOCYC:EG10528,GeneID:948548",,lamB,Gene,,,,,lamB,protein_coding,"ECK4028,malB,malL",b4036,,,,,,,,,,
NC_000913.3,RefSeq,gene,4249554,4250474,,+,,921,gene-b4037,"ECOCYC:EG10559,GeneID:948547",,malM,Gene,,,,,malM,protein_coding,"ECK4029,molA",b4037,,,,,,,,,,
NC_000913.3,RefSeq,gene,4252506,4253003,,+,,498,gene-b4039,"ECOCYC:EG11369,GeneID:948545",,ubiC,Gene,,,,,ubiC,protein_coding,ECK4031,b4039,,,,,,,,,,
NC_000913.3,RefSeq,gene,4253016,4253888,,+,,873,gene-b4040,"ECOCYC:EG11370,GeneID:948540",,ubiA,Gene,,,,,ubiA,protein_coding,"cyr,ECK4032",b4040,,,,,,,,,,
NC_000913.3,RefSeq,gene,4254043,4256466,,-,,2424,gene-b4041,"ECOCYC:EG10740,GeneID:948541",,plsB,Gene,,,,,plsB,protein_coding,ECK4033,b4041,,,,,,,,,,
NC_000913.3,RefSeq,gene,4256637,4257005,,+,,369,gene-b4042,"ECOCYC:EG10224,GeneID:948543",,dgkA,Gene,,,,,dgkA,protein_coding,ECK4034,b4042,,,,,,,,,,
NC_000913.3,RefSeq,gene,4257115,4257723,,+,,609,gene-b4043,"ECOCYC:EG10533,GeneID:948544",,lexA,Gene,,,,,lexA,protein_coding,"ECK4035,exrA,spr,tsl,umuA",b4043,,,,,,,,,,
NC_000913.3,RefSeq,gene,4257742,4259121,,+,,1380,gene-b4044,"ECOCYC:EG11491,GeneID:948554",,dinF,Gene,,,,,dinF,protein_coding,ECK4036,b4044,,,,,,,,,,
NC_000913.3,RefSeq,gene,4259237,4259446,,+,,210,gene-b4045,"ECOCYC:EG11928,GeneID:948553",,yjbJ,Gene,,,,,yjbJ,protein_coding,ECK4037,b4045,,,,,,,,,,
NC_000913.3,RefSeq,gene,4259488,4260003,,-,,516,gene-b4046,"ECOCYC:EG11929,GeneID:948552",,zur,Gene,,,,,zur,protein_coding,"ECK4038,yjbK,znuR",b4046,,,,,,,,,,
NC_000913.3,RefSeq,gene,4260321,4260575,,+,,255,gene-b4047,"ECOCYC:EG11930,GeneID:948551",,yjbL,Gene,,,,,yjbL,protein_coding,ECK4039,b4047,,,,,,,,,,
NC_000913.3,RefSeq,gene,4260599,4261306,,+,,708,gene-b4048,"ECOCYC:EG11931,GeneID:948550",,yjbM,Gene,,,,,yjbM,protein_coding,ECK4040,b4048,,,,,,,,,,
NC_000913.3,RefSeq,gene,4261669,4262706,,+,,1038,gene-b4049,"ECOCYC:EG11932,GeneID:948558",,dusA,Gene,,,,,dusA,protein_coding,"ECK4041,yjbN",b4049,,,,,,,,,,
NC_000913.3,RefSeq,gene,4262840,4263082,,+,,243,gene-b4050,"ECOCYC:EG11933,GeneID:948557",,pspG,Gene,,,,,pspG,protein_coding,"ECK4042,yjbO",b4050,,,,,,,,,,
NC_000913.3,RefSeq,gene,4263139,4263249,,+,,111,gene-b4758,"ECOCYC:G0-16700,GeneID:63925664",,pspH,Gene,,,,,pspH,ncRNA,ECK4615,b4758,,,,,,,,,,
NC_000913.3,RefSeq,gene,4263248,4264231,,-,,984,gene-b4051,"ECOCYC:EG11492,GeneID:948556",,qorA,Gene,,,,,qorA,protein_coding,"ECK4043,hcz,hzc,qor",b4051,,,,,,,,,,
NC_000913.3,RefSeq,gene,4264314,4265729,,+,,1416,gene-b4052,"ECOCYC:EG10236,GeneID:948555",,dnaB,Gene,,,,,dnaB,protein_coding,"ECK4044,groP,grpA,grpD",b4052,,,,,,,,,,
NC_000913.3,RefSeq,gene,4265782,4266861,,+,,1080,gene-b4053,"ECOCYC:EG10001,GeneID:948564",,alr,Gene,,,,,alr,protein_coding,"alr5,ECK4045",b4053,,,,,,,,,,
NC_000913.3,RefSeq,gene,4267114,4268307,,+,,1194,gene-b4054,"ECOCYC:EG11040,GeneID:948563",,tyrB,Gene,,,,,tyrB,protein_coding,ECK4046,b4054,,,,,,,,,,
NC_000913.3,RefSeq,gene,4268809,4269012,,-,,204,gene-b4621,"ECOCYC:G0-10607,GeneID:5061529",,yjbS,Gene,,,,,yjbS,protein_coding,ECK4429,b4621,,,,,,,,,,
NC_000913.3,RefSeq,gene,4269414,4270127,,+,,714,gene-b4055,"ECOCYC:EG11934,GeneID:948562",,aphA,Gene,,,,,aphA,protein_coding,"ECK4047,hobH,yjbP",b4055,,,,,,,,,,
NC_000913.3,RefSeq,gene,4270238,4270654,,+,,417,gene-b4056,"ECOCYC:EG11935,GeneID:948561",,yjbQ,Gene,,,,,yjbQ,protein_coding,ECK4048,b4056,,,,,,,,,,
NC_000913.3,RefSeq,gene,4270658,4271014,,+,,357,gene-b4057,"ECOCYC:EG11936,GeneID:948560",,yjbR,Gene,,,,,yjbR,protein_coding,ECK4049,b4057,,,,,,,,,,
NC_000913.3,RefSeq,gene,4271049,4273871,,-,,2823,gene-b4058,"ECOCYC:EG11061,GeneID:948559",,uvrA,Gene,,,,,uvrA,protein_coding,"dar,dinE,ECK4050",b4058,,,,,,,,,,
NC_000913.3,RefSeq,gene,4274125,4274661,,+,,537,gene-b4059,"ECOCYC:EG10976,GeneID:948570",,ssb,Gene,,,,,ssb,protein_coding,"ECK4051,exrB,lexC",b4059,,,,,,,,,,
NC_000913.3,RefSeq,gene,4274760,4275041,,-,,282,gene-b4060,"ECOCYC:EG11937,GeneID:948569",,yjcB,Gene,,,,,yjcB,protein_coding,ECK4052,b4060,,,,,,,,,,
NC_000913.3,RefSeq,gene,4275471,4277057,,+,,1587,gene-b4061,"ECOCYC:EG11938,GeneID:948568",,pdeC,Gene,,,,,pdeC,protein_coding,"ECK4053,yjcC",b4061,,,,,,,,,,
NC_000913.3,RefSeq,gene,4277060,4277383,,-,,324,gene-b4062,"ECOCYC:EG10958,GeneID:948567",,soxS,Gene,,,,,soxS,protein_coding,ECK4054,b4062,,,,,,,,,,
NC_000913.3,RefSeq,gene,4277469,4277933,,+,,465,gene-b4063,"ECOCYC:EG10957,GeneID:948566",,soxR,Gene,,,,,soxR,protein_coding,"ECK4055,marC",b4063,,,,,,,,,,
NC_000913.3,RefSeq,gene,4277926,4278066,,-,,141,gene-b4459,"ECOCYC:G0-8875,GeneID:2847753",,ryjA,Gene,,,,,ryjA,ncRNA,"ECK4056,psrA24,sraL",b4459,,,,,,,,,,
NC_000913.3,RefSeq,gene,4278479,4279828,,+,,1350,gene-b4064,"ECOCYC:EG11939,GeneID:948565",,ghxP,Gene,,,,,ghxP,protein_coding,"ECK4057,yjcD",b4064,,,,,,,,,,
NC_000913.3,RefSeq,gene,4279980,4281629,,+,,1650,gene-b4065,"ECOCYC:EG11940,GeneID:948577",,yjcE,Gene,,,,,yjcE,protein_coding,ECK4058,b4065,,,,,,,,,,
NC_000913.3,RefSeq,gene,4281783,4283075,,-,,1293,gene-b4066,"ECOCYC:EG11941,GeneID:948576",,yjcF,Gene,,,,,yjcF,protein_coding,ECK4059,b4066,,,,,,,,,,
NC_000913.3,RefSeq,gene,4283253,4284902,,-,,1650,gene-b4067,"ECOCYC:EG11942,GeneID:948575",,actP,Gene,,,,,actP,protein_coding,"ECK4060,yjcG",b4067,,,,,,,,,,
NC_000913.3,RefSeq,gene,4284899,4285213,,-,,315,gene-b4068,"ECOCYC:EG11943,GeneID:948574",,yjcH,Gene,,,,,yjcH,protein_coding,ECK4061,b4068,,,,,,,,,,
NC_000913.3,RefSeq,gene,4285413,4287371,,-,,1959,gene-b4069,"ECOCYC:EG11448,GeneID:948572",,acs,Gene,,,,,acs,protein_coding,"acsA,ECK4062,yfaC",b4069,,,,,,,,,,
NC_000913.3,RefSeq,gene,4287611,4287667,,+,,57,gene-b4821,"ECOCYC:G0-17099,GeneID:71004578",,ytcB,Gene,,,,,ytcB,protein_coding,ECK4678,b4821,,,,,,,,,,
NC_000913.3,RefSeq,gene,4287764,4289200,,+,,1437,gene-b4070,"ECOCYC:EG11781,GeneID:948571",,nrfA,Gene,,,,,nrfA,protein_coding,ECK4063,b4070,,,,,,,,,,
NC_000913.3,RefSeq,gene,4289245,4289811,,+,,567,gene-b4071,"ECOCYC:EG11945,GeneID:948573",,nrfB,Gene,,,,,nrfB,protein_coding,"ECK4064,yjcI",b4071,,,,,,,,,,
NC_000913.3,RefSeq,gene,4289808,4290479,,+,,672,gene-b4072,"ECOCYC:EG11946,GeneID:948581",,nrfC,Gene,,,,,nrfC,protein_coding,"ECK4065,yjcJ",b4072,,,,,,,,,,
NC_000913.3,RefSeq,gene,4290476,4291432,,+,,957,gene-b4073,"ECOCYC:EG11947,GeneID:948580",,nrfD,Gene,,,,,nrfD,protein_coding,"ECK4066,yjcK",b4073,,,,,,,,,,
NC_000913.3,RefSeq,gene,4291512,4293170,,+,,1659,gene-b4074,"ECOCYC:EG11948,GeneID:948579",,nrfE,Gene,,,,,nrfE,protein_coding,"ECK4067,yjcL",b4074,,,,,,,,,,
NC_000913.3,RefSeq,gene,4293163,4293546,,+,,384,gene-b4075,"ECOCYC:EG11949,GeneID:948578",,nrfF,Gene,,,,,nrfF,protein_coding,"ECK4068,yjcM",b4075,,,,,,,,,,
NC_000913.3,RefSeq,gene,4293543,4294139,,+,,597,gene-b4076,"ECOCYC:EG11950,GeneID:948592",,nrfG,Gene,,,,,nrfG,protein_coding,"aidC,ECK4069,yjcN",b4076,,,,,,,,,,
NC_000913.3,RefSeq,gene,4294481,4295794,,+,,1314,gene-b4077,"ECOCYC:EG10405,GeneID:948591",,gltP,Gene,,,,,gltP,protein_coding,ECK4070,b4077,,,,,,,,,,
NC_000913.3,RefSeq,gene,4296436,4297125,,-,,690,gene-b4078,"ECOCYC:EG11951,GeneID:948586",,yjcO,Gene,,,,,yjcO,protein_coding,ECK4071,b4078,,,,,,,,,,
NC_000913.3,RefSeq,gene,4297219,4299366,,-,,2148,gene-b4079,"ECOCYC:EG10285,GeneID:948584",,fdhF,Gene,,,,,fdhF,protein_coding,"chlF,ECK4072",b4079,,,,,,,,,,
NC_000913.3,RefSeq,gene,4299564,4301030,,-,,1467,gene-b4080,"ECOCYC:EG11952,GeneID:948583",,mdtP,Gene,,,,,mdtP,protein_coding,"ECK4073,sdsP,yjcP",b4080,,,,,,,,,,
NC_000913.3,RefSeq,gene,4301027,4303078,,-,,2052,gene-b4081,"ECOCYC:EG11953,GeneID:948582",,mdtO,Gene,,,,,mdtO,protein_coding,"ECK4074,sdsQ,yjcQ",b4081,,,,,,,,,,
NC_000913.3,RefSeq,gene,4303078,4304109,,-,,1032,gene-b4082,"ECOCYC:EG11954,GeneID:948598",,mdtN,Gene,,,,,mdtN,protein_coding,"ECK4075,sdsR,yjcR",b4082,,,,,,,,,,
NC_000913.3,RefSeq,gene,4304128,4304403,,-,,276,gene-b4622,"ECOCYC:G0-10608,GeneID:5061530",,ytcA,Gene,,,,,ytcA,protein_coding,ECK4430,b4622,,,,,,,,,,
NC_000913.3,RefSeq,gene,4304612,4306597,,-,,1986,gene-b4083,"ECOCYC:EG11955,GeneID:948597",,yjcS,Gene,,,,,yjcS,protein_coding,ECK4076,b4083,,,,,,,,,,
NC_000913.3,RefSeq,gene,4306870,4307799,,-,,930,gene-b4084,"ECOCYC:EG11956,GeneID:948596",,alsK,Gene,,,,,alsK,protein_coding,"ECK4077,yjcT",b4084,,,,,,,,,,
NC_000913.3,RefSeq,gene,4307783,4308478,,-,,696,gene-b4085,"ECOCYC:EG11957,GeneID:948595",,alsE,Gene,,,,,alsE,protein_coding,"ECK4078,yjcU",b4085,,,,,,,,,,
NC_000913.3,RefSeq,gene,4308489,4309469,,-,,981,gene-b4086,"ECOCYC:EG11958,GeneID:948594",,alsC,Gene,,,,,alsC,protein_coding,"ECK4079,yjcV",b4086,,,,,,,,,,
NC_000913.3,RefSeq,gene,4309448,4310980,,-,,1533,gene-b4087,"ECOCYC:EG11959,GeneID:948593",,alsA,Gene,,,,,alsA,protein_coding,"ECK4080,yjcW",b4087,,,,,,,,,,
NC_000913.3,RefSeq,gene,4311107,4312042,,-,,936,gene-b4088,"ECOCYC:EG12458,GeneID:948604",,alsB,Gene,,,,,alsB,protein_coding,"ECK4081,yjcX",b4088,,,,,,,,,,
NC_000913.3,RefSeq,gene,4312101,4312991,,-,,891,gene-b4089,"ECOCYC:G7821,GeneID:948603",,alsR,Gene,,,,,alsR,protein_coding,"ECK4082,rpiR,yjcY",b4089,,,,,,,,,,
NC_000913.3,RefSeq,gene,4313350,4313799,,+,,450,gene-b4090,"ECOCYC:EG11827,GeneID:948602",,rpiB,Gene,,,,,rpiB,protein_coding,"alsI,ECK4083,yjcA",b4090,,,,,,,,,,
NC_000913.3,RefSeq,gene,4313868,4314197,,+,,330,gene-b4487,"ECOCYC:G0-9541,GeneID:2847754",,yjdP,Gene,,,,,yjdP,protein_coding,ECK4084,b4487,,,,,,,,,,
NC_000913.3,RefSeq,gene,4314344,4315102,,-,,759,gene-b4092,"ECOCYC:EG10725,GeneID:948600",,phnP,Gene,,,,,phnP,protein_coding,ECK4085,b4092,,,,,,,,,,
NC_000913.3,RefSeq,gene,4315104,4315538,,-,,435,gene-b4093,"ECOCYC:EG10724,GeneID:948599",,phnO,Gene,,,,,phnO,protein_coding,ECK4086,b4093,,,,,,,,,,
NC_000913.3,RefSeq,gene,4315525,4316082,,-,,558,gene-b4094,"ECOCYC:EG10723,GeneID:948608",,phnN,Gene,,,,,phnN,protein_coding,ECK4087,b4094,,,,,,,,,,
NC_000913.3,RefSeq,gene,4316082,4317218,,-,,1137,gene-b4095,"ECOCYC:EG10722,GeneID:948613",,phnM,Gene,,,,,phnM,protein_coding,ECK4088,b4095,,,,,,,,,,
NC_000913.3,RefSeq,gene,4317215,4317895,,-,,681,gene-b4096,"ECOCYC:EG10721,GeneID:948612",,phnL,Gene,,,,,phnL,protein_coding,ECK4089,b4096,,,,,,,,,,
NC_000913.3,RefSeq,gene,4318006,4318764,,-,,759,gene-b4097,"ECOCYC:EG10720,GeneID:948611",,phnK,Gene,,,,,phnK,protein_coding,ECK4090,b4097,,,,,,,,,,
NC_000913.3,RefSeq,gene,4318761,4319606,,-,,846,gene-b4098,"ECOCYC:EG10719,GeneID:948606",,phnJ,Gene,,,,,phnJ,protein_coding,ECK4091,b4098,,,,,,,,,,
NC_000913.3,RefSeq,gene,4319599,4320663,,-,,1065,gene-b4099,"ECOCYC:EG10718,GeneID:948605",,phnI,Gene,,,,,phnI,protein_coding,ECK4092,b4099,,,,,,,,,,
NC_000913.3,RefSeq,gene,4320663,4321247,,-,,585,gene-b4100,"ECOCYC:EG10717,GeneID:948619",,phnH,Gene,,,,,phnH,protein_coding,ECK4093,b4100,,,,,,,,,,
NC_000913.3,RefSeq,gene,4321244,4321696,,-,,453,gene-b4101,"ECOCYC:EG10716,GeneID:948618",,phnG,Gene,,,,,phnG,protein_coding,ECK4094,b4101,,,,,,,,,,
NC_000913.3,RefSeq,gene,4321697,4322422,,-,,726,gene-b4102,"ECOCYC:EG10715,GeneID:948617",,phnF,Gene,,,,,phnF,protein_coding,ECK4095,b4102,,,,,,,,,,
NC_000913.3,RefSeq,gene,4323336,4324352,,-,,1017,gene-b4105,"ECOCYC:EG10714,GeneID:948624",,phnD,Gene,,,,,phnD,protein_coding,"ECK4098,phn,psiD",b4105,,,,,,,,,,
NC_000913.3,RefSeq,gene,4324377,4325165,,-,,789,gene-b4106,"ECOCYC:EG10713,GeneID:948623",,phnC,Gene,,,,,phnC,protein_coding,ECK4099,b4106,,,,,,,,,,
NC_000913.3,RefSeq,gene,4325298,4325741,,-,,444,gene-b4107,"ECOCYC:EG10712,GeneID:948622",,yjdN,Gene,,,,,yjdN,protein_coding,"ECK4100,phnB",b4107,,,,,,,,,,
NC_000913.3,RefSeq,gene,4326399,4326734,,-,,336,gene-b4108,"ECOCYC:EG10711,GeneID:948621",,yjdM,Gene,,,,,yjdM,protein_coding,"ECK4101,phnA",b4108,,,,,,,,,,
NC_000913.3,RefSeq,gene,4327135,4329363,,+,,2229,gene-b4109,"ECOCYC:EG11210,GeneID:948620",,rdcA,Gene,,,,,rdcA,protein_coding,"crfC,ECK4102,yjdA",b4109,,,,,,,,,,
NC_000913.3,RefSeq,gene,4329360,4330238,,+,,879,gene-b4110,"ECOCYC:G7823,GeneID:948633",,rdcB,Gene,,,,,rdcB,protein_coding,"ECK4103,yjcZ",b4110,,,,,,,,,,
NC_000913.3,RefSeq,gene,4330502,4332004,,+,,1503,gene-b4111,"ECOCYC:EG11612,GeneID:948626",,proP,Gene,,,,,proP,protein_coding,ECK4104,b4111,,,,,,,,,,
NC_000913.3,RefSeq,gene,4332116,4332205,,+,,90,gene-b4703,"ECOCYC:G0-10707,GeneID:11115379",,pmrR,Gene,,,,,pmrR,protein_coding,ECK4515,b4703,,,,,,,,,,
NC_000913.3,RefSeq,gene,4332181,4333272,,-,,1092,gene-b4112,"ECOCYC:EG11614,GeneID:948632",,basS,Gene,,,,,basS,protein_coding,"dgkR,ECK4105,pmrB",b4112,,,,,,,,,,
NC_000913.3,RefSeq,gene,4333282,4333950,,-,,669,gene-b4113,"ECOCYC:EG11615,GeneID:948631",,basR,Gene,,,,,basR,protein_coding,"ECK4106,pmrA",b4113,,,,,,,,,,
NC_000913.3,RefSeq,gene,4333947,4335590,,-,,1644,gene-b4114,"ECOCYC:EG11613,GeneID:948629",,eptA,Gene,,,,,eptA,protein_coding,"ECK4107,yjdB",b4114,,,,,,,,,,
NC_000913.3,RefSeq,gene,4335694,4337031,,-,,1338,gene-b4115,"ECOCYC:EG12462,GeneID:948628",,adiC,Gene,,,,,adiC,protein_coding,"ECK4108,yjdD,yjdE",b4115,,,,,,,,,,
NC_000913.3,RefSeq,gene,4337168,4337929,,-,,762,gene-b4116,"ECOCYC:EG11966,GeneID:948627",,adiY,Gene,,,,,adiY,protein_coding,ECK4109,b4116,,,,,,,,,,
NC_000913.3,RefSeq,gene,4338254,4340521,,-,,2268,gene-b4117,"ECOCYC:EG11501,GeneID:948638",,adiA,Gene,,,,,adiA,protein_coding,"adi,ECK4110",b4117,,,,,,,,,,
NC_000913.3,RefSeq,gene,4340720,4341628,,-,,909,gene-b4118,"ECOCYC:EG11230,GeneID:948637",,melR,Gene,,,,,melR,protein_coding,ECK4111,b4118,,,,,,,,,,
NC_000913.3,RefSeq,gene,4341911,4343266,,+,,1356,gene-b4119,"ECOCYC:EG10577,GeneID:948636",,melA,Gene,,,,,melA,protein_coding,"ECK4112,mel-7",b4119,,,,,,,,,,
NC_000913.3,RefSeq,gene,4343369,4344790,,+,,1422,gene-b4120,"ECOCYC:EG10578,GeneID:948635",,melB,Gene,,,,,melB,protein_coding,"ECK4113,mel-4",b4120,,,,,,,,,,
NC_000913.3,RefSeq,gene,4344929,4345558,,-,,630,gene-b4121,"ECOCYC:G7825,GeneID:948634",,yjdF,Gene,,,,,yjdF,protein_coding,ECK4114,b4121,,,,,,,,,,
NC_000913.3,RefSeq,gene,4345680,4347326,,-,,1647,gene-b4122,"ECOCYC:EG10357,GeneID:948642",,fumB,Gene,,,,,fumB,protein_coding,ECK4115,b4122,,,,,,,,,,
NC_000913.3,RefSeq,gene,4347404,4348744,,-,,1341,gene-b4123,"ECOCYC:EG10006,GeneID:948641",,dcuB,Gene,,,,,dcuB,protein_coding,"ECK4116,genF",b4123,,,,,,,,,,
NC_000913.3,RefSeq,gene,4349315,4350034,,-,,720,gene-b4124,"ECOCYC:G7826,GeneID:948640",,dcuR,Gene,,,,,dcuR,protein_coding,"ECK4117,yjdG",b4124,,,,,,,,,,
NC_000913.3,RefSeq,gene,4350031,4351662,,-,,1632,gene-b4125,"ECOCYC:G7827,GeneID:948639",,dcuS,Gene,,,,,dcuS,protein_coding,"ECK4118,yjdH",b4125,,,,,,,,,,
NC_000913.3,RefSeq,gene,4351843,4352073,,+,,231,gene-b4126,"ECOCYC:G7828,GeneID:948648",,yjdI,Gene,,,,,yjdI,protein_coding,ECK4119,b4126,,,,,,,,,,
NC_000913.3,RefSeq,gene,4352085,4352357,,+,,273,gene-b4127,"ECOCYC:G7829,GeneID:948647",,yjdJ,Gene,,,,,yjdJ,protein_coding,ECK4120,b4127,,,,,,,,,,
NC_000913.3,RefSeq,gene,4352584,4352880,,+,,297,gene-b4128,"ECOCYC:G7830,GeneID:948646",,ghoS,Gene,,,,,ghoS,protein_coding,"ECK4121,yjdK",b4128,,,,,,,,,,
NC_000913.3,RefSeq,gene,4352908,4353081,,+,,174,gene-b4559,"ECOCYC:G0-10472,GeneID:1450308",,ghoT,Gene,,,,,ghoT,protein_coding,"ECK4122,yjdO",b4559,,,,,,,,,,
NC_000913.3,RefSeq,gene,4353200,4354717,,-,,1518,gene-b4129,"ECOCYC:EG10553,GeneID:948645",,lysU,Gene,,,,,lysU,protein_coding,ECK4123,b4129,,,,,,,,,,
NC_000913.3,RefSeq,gene,4354954,4356411,,-,,1458,gene-b4130,"ECOCYC:EG12469,GeneID:948644",,dtpC,Gene,,,,,dtpC,protein_coding,"ECK4124,yjdL",b4130,,,,,,,,,,
NC_000913.3,RefSeq,gene,4356470,4358617,,-,,2148,gene-b4131,"ECOCYC:EG10131,GeneID:948643",,cadA,Gene,,,,,cadA,protein_coding,"ECK4125,ldcI",b4131,,,,,,,,,,
NC_000913.3,RefSeq,gene,4358697,4360031,,-,,1335,gene-b4132,"ECOCYC:EG10132,GeneID:948654",,cadB,Gene,,,,,cadB,protein_coding,ECK4126,b4132,,,,,,,,,,
NC_000913.3,RefSeq,gene,4360396,4361934,,-,,1539,gene-b4133,"ECOCYC:EG10133,GeneID:948653",,cadC,Gene,,,,,cadC,protein_coding,ECK4127,b4133,,,,,,,,,,
NC_000913.3,RefSeq,gene,4362551,4362626,,-,,76,gene-b4134,"ECOCYC:EG30064,GeneID:948651",,pheU,Gene,,,,,pheU,tRNA,"ECK4128,pheR,pheW",b4134,,,,,,,,,,
NC_000913.3,RefSeq,gene,4362733,4363308,,-,,576,gene-b4135,"ECOCYC:EG12176,GeneID:948650",,dicD,Gene,,,,,dicD,protein_coding,"cutA3,ECK4129,yjdC",b4135,,,,,,,,,,
NC_000913.3,RefSeq,gene,4363345,4365042,,-,,1698,gene-b4136,"ECOCYC:EG12178,GeneID:948649",,dsbD,Gene,,,,,dsbD,protein_coding,"cutA2,cycZ,dipZ,ECK4130,htrI",b4136,,,,,,,,,,
NC_000913.3,RefSeq,gene,4365018,4365356,,-,,339,gene-b4137,"ECOCYC:EG12177,GeneID:948660",,cutA,Gene,,,,,cutA,protein_coding,"cutA1,ECK4131",b4137,,,,,,,,,,
NC_000913.3,RefSeq,gene,4365472,4366773,,-,,1302,gene-b4138,"ECOCYC:EG11225,GeneID:948659",,dcuA,Gene,,,,,dcuA,protein_coding,"ECK4132,genA",b4138,,,,,,,,,,
NC_000913.3,RefSeq,gene,4366839,4366951,,-,,113,gene-b4825,"ECOCYC:G0-17100,GeneID:71004579",,aspX,Gene,,,,,aspX,ncRNA,ECK4682,b4825,,,,,,,,,,
NC_000913.3,RefSeq,gene,4366891,4368327,,-,,1437,gene-b4139,"ECOCYC:EG10095,GeneID:948658",,aspA,Gene,,,,,aspA,protein_coding,ECK4133,b4139,,,,,,,,,,
NC_000913.3,RefSeq,gene,4368664,4369140,,+,,477,gene-b4140,"ECOCYC:G7832,GeneID:948657",,fxsA,Gene,,,,,fxsA,protein_coding,"ECK4134,yjeG",b4140,,,,,,,,,,
NC_000913.3,RefSeq,gene,4369156,4370412,,-,,1257,gene-b4141,"ECOCYC:G7833,GeneID:948656",,yjeH,Gene,,,,,yjeH,protein_coding,ECK4135,b4141,,,,,,,,,,
NC_000913.3,RefSeq,gene,4370688,4370981,,+,,294,gene-b4142,"ECOCYC:EG10600,GeneID:948655",,groS,Gene,,,,,groS,protein_coding,"ECK4136,groES,mopB",b4142,,,,,,,,,,
NC_000913.3,RefSeq,gene,4371025,4372671,,+,,1647,gene-b4143,"ECOCYC:EG10599,GeneID:948665",,groL,Gene,,,,,groL,protein_coding,"ECK4137,groEL,mopA",b4143,,,,,,,,,,
NC_000913.3,RefSeq,gene,4372809,4373162,,+,,354,gene-b4144,"ECOCYC:G7834,GeneID:948664",,yjeI,Gene,,,,,yjeI,protein_coding,ECK4138,b4144,,,,,,,,,,
NC_000913.3,RefSeq,gene,4373365,4374234,,-,,870,gene-b4145,"ECOCYC:G7835,GeneID:948663",,yjeJ,Gene,,,,,yjeJ,protein_coding,ECK4139,b4145,,,,,,,,,,
NC_000913.3,RefSeq,gene,4374629,4375657,,-,,1029,gene-b4146,"ECOCYC:G7836,GeneID:948662",,epmB,Gene,,,,,epmB,protein_coding,"ECK4140,yjeK",b4146,,,,,,,,,,
NC_000913.3,RefSeq,gene,4375699,4376265,,+,,567,gene-b4147,"ECOCYC:EG12099,GeneID:948661",,efp,Gene,,,,,efp,protein_coding,ECK4141,b4147,,,,,,,,,,
NC_000913.3,RefSeq,gene,4376317,4376442,,+,,126,gene-b4410,"ECOCYC:G0-41,GeneID:2847736",,ecnA,Gene,,,,,ecnA,protein_coding,ECK4142,b4410,,,,,,,,,,
NC_000913.3,RefSeq,gene,4376553,4376699,,+,,147,gene-b4411,"ECOCYC:G0-9562,GeneID:2847737",,ecnB,Gene,,,,,ecnB,protein_coding,"ECK4143,yjeU",b4411,,,,,,,,,,
NC_000913.3,RefSeq,gene,4376875,4377192,,+,,318,gene-b4148,"ECOCYC:EG11616,GeneID:948671",,gdx,Gene,,,,,gdx,protein_coding,"ECK4144,sugE",b4148,,,,,,,,,,
NC_000913.3,RefSeq,gene,4377189,4377722,,-,,534,gene-b4149,"ECOCYC:G7837,GeneID:948670",,blc,Gene,,,,,blc,protein_coding,"ECK4145,yjeL",b4149,,,,,,,,,,
NC_000913.3,RefSeq,gene,4377811,4378944,,-,,1134,gene-b4150,"ECOCYC:EG10040,GeneID:948669",,ampC,Gene,,,,,ampC,protein_coding,"ampA,ECK4146",b4150,,,,,,,,,,
NC_000913.3,RefSeq,gene,4379007,4379366,,-,,360,gene-b4151,"ECOCYC:EG10333,GeneID:948668",,frdD,Gene,,,,,frdD,protein_coding,ECK4147,b4151,,,,,,,,,,
NC_000913.3,RefSeq,gene,4379377,4379772,,-,,396,gene-b4152,"ECOCYC:EG10332,GeneID:948680",,frdC,Gene,,,,,frdC,protein_coding,ECK4148,b4152,,,,,,,,,,
NC_000913.3,RefSeq,gene,4379783,4380517,,-,,735,gene-b4153,"ECOCYC:EG10331,GeneID:948666",,frdB,Gene,,,,,frdB,protein_coding,ECK4149,b4153,,,,,,,,,,
NC_000913.3,RefSeq,gene,4380510,4382318,,-,,1809,gene-b4154,"ECOCYC:EG10330,GeneID:948667",,frdA,Gene,,,,,frdA,protein_coding,ECK4150,b4154,,,,,,,,,,
NC_000913.3,RefSeq,gene,4382643,4383620,,+,,978,gene-b4155,"ECOCYC:EG11211,GeneID:948672",,epmA,Gene,,,,,epmA,protein_coding,"ECK4151,genX,poxA,yjeA",b4155,,,,,,,,,,
NC_000913.3,RefSeq,gene,4383839,4385341,,+,,1503,gene-b4156,"ECOCYC:EG12475,GeneID:948679",,yjeM,Gene,,,,,yjeM,protein_coding,ECK4152,b4156,,,,,,,,,,
NC_000913.3,RefSeq,gene,4385393,4385707,,+,,315,gene-b4157,"ECOCYC:G7838,GeneID:948678",,yjeN,Gene,,,,,yjeN,protein_coding,ECK4153,b4157,,,,,,,,,,
NC_000913.3,RefSeq,gene,4385704,4386018,,+,,315,gene-b4158,"ECOCYC:G7839,GeneID:948677",,yjeO,Gene,,,,,yjeO,protein_coding,ECK4154,b4158,,,,,,,,,,
NC_000913.3,RefSeq,gene,4386047,4389370,,-,,3324,gene-b4159,"ECOCYC:G7840,GeneID:948676",,mscM,Gene,,,,,mscM,protein_coding,"ECK4155,yjeP",b4159,,,,,,,,,,
NC_000913.3,RefSeq,gene,4389392,4390360,,-,,969,gene-b4160,"ECOCYC:EG10775,GeneID:948673",,psd,Gene,,,,,psd,protein_coding,ECK4156,b4160,,,,,,,,,,
NC_000913.3,RefSeq,gene,4390457,4391509,,-,,1053,gene-b4161,"ECOCYC:G7841,GeneID:948674",,rsgA,Gene,,,,,rsgA,protein_coding,"ECK4157,yjeQ",b4161,,,,,,,,,,
NC_000913.3,RefSeq,gene,4391604,4392149,,+,,546,gene-b4162,"ECOCYC:G7842,GeneID:948675",,orn,Gene,,,,,orn,protein_coding,"ECK4158,yjeR",b4162,,,,,,,,,,
NC_000913.3,RefSeq,gene,4392360,4392435,,+,,76,gene-b4163,"ECOCYC:EG30038,GeneID:948682",,glyV,Gene,,,,,glyV,tRNA,"ECK4159,glyValpha,ins,mutA,suA58,suA78",b4163,,,,,,,,,,
NC_000913.3,RefSeq,gene,4392472,4392547,,+,,76,gene-b4164,"ECOCYC:EG30040,GeneID:948681",,glyX,Gene,,,,,glyX,tRNA,"ECK4160,glyVbeta",b4164,,,,,,,,,,
NC_000913.3,RefSeq,gene,4392583,4392658,,+,,76,gene-b4165,"ECOCYC:EG30041,GeneID:948687",,glyY,Gene,,,,,glyY,tRNA,"ECK4161,glyVgamma",b4165,,,,,,,,,,
NC_000913.3,RefSeq,gene,4392892,4392945,,+,,54,gene-b4670,"ECOCYC:G0-10642,GeneID:7751630",,yjeV,Gene,,,,,yjeV,protein_coding,ECK4485,b4670,,,,,,,,,,
NC_000913.3,RefSeq,gene,4392928,4394067,,-,,1140,gene-b4166,"ECOCYC:G7843,GeneID:948686",,queG,Gene,,,,,queG,protein_coding,"ECK4162,yjeS",b4166,,,,,,,,,,
NC_000913.3,RefSeq,gene,4394066,4395613,,+,,1548,gene-b4167,"ECOCYC:EG11758,GeneID:948685",,nnr,Gene,,,,,nnr,protein_coding,"ECK4163,yjeF",b4167,,,,,,,,,,
NC_000913.3,RefSeq,gene,4395585,4396046,,+,,462,gene-b4168,"ECOCYC:EG11757,GeneID:948684",,tsaE,Gene,,,,,tsaE,protein_coding,"ECK4164,yjeE",b4168,,,,,,,,,,
NC_000913.3,RefSeq,gene,4396065,4397402,,+,,1338,gene-b4169,"ECOCYC:EG11363,GeneID:948683",,amiB,Gene,,,,,amiB,protein_coding,"ECK4165,yjeD",b4169,,,,,,,,,,
NC_000913.3,RefSeq,gene,4397412,4399259,,+,,1848,gene-b4170,"ECOCYC:EG11281,GeneID:948691",,mutL,Gene,,,,,mutL,protein_coding,ECK4166,b4170,,,,,,,,,,
NC_000913.3,RefSeq,gene,4399252,4400202,,+,,951,gene-b4171,"ECOCYC:EG10595,GeneID:948690",,miaA,Gene,,,,,miaA,protein_coding,"ECK4167,trpX",b4171,,,,,,,,,,
NC_000913.3,RefSeq,gene,4400288,4400596,,+,,309,gene-b4172,"ECOCYC:EG10438,GeneID:948689",,hfq,Gene,,,,,hfq,protein_coding,ECK4168,b4172,,,,,,,,,,
NC_000913.3,RefSeq,gene,4400672,4401952,,+,,1281,gene-b4173,"ECOCYC:EG10437,GeneID:948688",,hflX,Gene,,,,,hflX,protein_coding,"ECK4169,hflA,hslX",b4173,,,,,,,,,,
NC_000913.3,RefSeq,gene,4402038,4403297,,+,,1260,gene-b4174,"ECOCYC:EG10436,GeneID:948698",,hflK,Gene,,,,,hflK,protein_coding,"ECK4170,hflA,hslY",b4174,,,,,,,,,,
NC_000913.3,RefSeq,gene,4403300,4404304,,+,,1005,gene-b4175,"ECOCYC:EG10435,GeneID:948697",,hflC,Gene,,,,,hflC,protein_coding,"ECK4171,hflA",b4175,,,,,,,,,,
NC_000913.3,RefSeq,gene,4404386,4404583,,+,,198,gene-b4176,"ECOCYC:G7844,GeneID:948696",,yjeT,Gene,,,,,yjeT,protein_coding,ECK4172,b4176,,,,,,,,,,
NC_000913.3,RefSeq,gene,4404687,4405985,,+,,1299,gene-b4177,"ECOCYC:EG10790,GeneID:948695",,purA,Gene,,,,,purA,protein_coding,"adeK,ECK4173",b4177,,,,,,,,,,
NC_000913.3,RefSeq,gene,4406190,4406615,,+,,426,gene-b4178,"ECOCYC:EG11212,GeneID:948693",,nsrR,Gene,,,,,nsrR,protein_coding,"ECK4174,yjeB",b4178,,,,,,,,,,
NC_000913.3,RefSeq,gene,4406654,4409095,,+,,2442,gene-b4179,"ECOCYC:EG11259,GeneID:948692",,rnr,Gene,,,,,rnr,protein_coding,"ECK4175,vacB,yjeC",b4179,,,,,,,,,,
NC_000913.3,RefSeq,gene,4409275,4410006,,+,,732,gene-b4180,"ECOCYC:G7845,GeneID:948694",,rlmB,Gene,,,,,rlmB,protein_coding,"ECK4176,yjfH",b4180,,,,,,,,,,
NC_000913.3,RefSeq,gene,4410133,4410534,,+,,402,gene-b4181,"ECOCYC:G7846,GeneID:948704",,yjfI,Gene,,,,,yjfI,protein_coding,ECK4177,b4181,,,,,,,,,,
NC_000913.3,RefSeq,gene,4410553,4411251,,+,,699,gene-b4182,"ECOCYC:G7847,GeneID:948703",,yjfJ,Gene,,,,,yjfJ,protein_coding,ECK4178,b4182,,,,,,,,,,
NC_000913.3,RefSeq,gene,4411302,4411961,,+,,660,gene-b4183,"ECOCYC:G7848,GeneID:948702",,yjfK,Gene,,,,,yjfK,protein_coding,ECK4179,b4183,,,,,,,,,,
NC_000913.3,RefSeq,gene,4411979,4412377,,+,,399,gene-b4184,"ECOCYC:G7849,GeneID:948701",,yjfL,Gene,,,,,yjfL,protein_coding,ECK4180,b4184,,,,,,,,,,
NC_000913.3,RefSeq,gene,4412387,4413025,,+,,639,gene-b4185,"ECOCYC:G7850,GeneID:948700",,yjfM,Gene,,,,,yjfM,protein_coding,ECK4181,b4185,,,,,,,,,,
NC_000913.3,RefSeq,gene,4413028,4414191,,+,,1164,gene-b4186,"ECOCYC:EG11812,GeneID:948699",,yjfC,Gene,,,,,yjfC,protein_coding,ECK4182,b4186,,,,,,,,,,
NC_000913.3,RefSeq,gene,4414275,4415900,,+,,1626,gene-b4187,"ECOCYC:EG11811,GeneID:948710",,aidB,Gene,,,,,aidB,protein_coding,ECK4183,b4187,,,,,,,,,,
NC_000913.3,RefSeq,gene,4416017,4416292,,-,,276,gene-b4188,"ECOCYC:G7851,GeneID:948709",,yjfN,Gene,,,,,yjfN,protein_coding,ECK4184,b4188,,,,,,,,,,
NC_000913.3,RefSeq,gene,4416441,4416770,,-,,330,gene-b4189,"ECOCYC:G7852,GeneID:948708",,bsmA,Gene,,,,,bsmA,protein_coding,"ECK4185,yjfO",b4189,,,,,,,,,,
NC_000913.3,RefSeq,gene,4416952,4417701,,+,,750,gene-b4190,"ECOCYC:G7853,GeneID:948707",,yjfP,Gene,,,,,yjfP,protein_coding,ECK4186,b4190,,,,,,,,,,
NC_000913.3,RefSeq,gene,4417698,4418453,,-,,756,gene-b4191,"ECOCYC:G7854,GeneID:948706",,ulaR,Gene,,,,,ulaR,protein_coding,"ECK4187,yjfQ",b4191,,,,,,,,,,
NC_000913.3,RefSeq,gene,4418561,4419625,,-,,1065,gene-b4192,"ECOCYC:G7855,GeneID:948705",,ulaG,Gene,,,,,ulaG,protein_coding,"ECK4188,yjfR",b4192,,,,,,,,,,
NC_000913.3,RefSeq,gene,4419980,4421377,,+,,1398,gene-b4193,"ECOCYC:G7856,GeneID:948717",,ulaA,Gene,,,,,ulaA,protein_coding,"ECK4189,sgaT,yjfS",b4193,,,,,,,,,,
NC_000913.3,RefSeq,gene,4421393,4421698,,+,,306,gene-b4194,"ECOCYC:EG12494,GeneID:948716",,ulaB,Gene,,,,,ulaB,protein_coding,"ECK4190,sgaB,yjfT",b4194,,,,,,,,,,
NC_000913.3,RefSeq,gene,4421708,4422172,,+,,465,gene-b4195,"ECOCYC:EG12495,GeneID:948715",,ulaC,Gene,,,,,ulaC,protein_coding,"ECK4191,ptxA,sgaA,yjfU",b4195,,,,,,,,,,
NC_000913.3,RefSeq,gene,4422186,4422836,,+,,651,gene-b4196,"ECOCYC:G7858,GeneID:948714",,ulaD,Gene,,,,,ulaD,protein_coding,"ECK4192,sgaH,yjfV",b4196,,,,,,,,,,
NC_000913.3,RefSeq,gene,4422846,4423700,,+,,855,gene-b4197,"ECOCYC:G7859,GeneID:948712",,ulaE,Gene,,,,,ulaE,protein_coding,"ECK4193,sgaU,yjfW",b4197,,,,,,,,,,
NC_000913.3,RefSeq,gene,4423700,4424386,,+,,687,gene-b4198,"ECOCYC:G7860,GeneID:948711",,ulaF,Gene,,,,,ulaF,protein_coding,"ECK4194,sgaE,yjfX",b4198,,,,,,,,,,
NC_000913.3,RefSeq,gene,4424516,4424791,,-,,276,gene-b4199,"ECOCYC:G7861,GeneID:948713",,yjfY,Gene,,,,,yjfY,protein_coding,ECK4195,b4199,,,,,,,,,,
NC_000913.3,RefSeq,gene,4425118,4425513,,+,,396,gene-b4200,"ECOCYC:EG10905,GeneID:948723",,rpsF,Gene,,,,,rpsF,protein_coding,"ECK4196,sdgH",b4200,,,,,,,,,,
NC_000913.3,RefSeq,gene,4425520,4425834,,+,,315,gene-b4201,"ECOCYC:EG10764,GeneID:948722",,priB,Gene,,,,,priB,protein_coding,ECK4197,b4201,,,,,,,,,,
NC_000913.3,RefSeq,gene,4425839,4426066,,+,,228,gene-b4202,"ECOCYC:EG10917,GeneID:948721",,rpsR,Gene,,,,,rpsR,protein_coding,ECK4198,b4202,,,,,,,,,,
NC_000913.3,RefSeq,gene,4426108,4426557,,+,,450,gene-b4203,"ECOCYC:EG10870,GeneID:948720",,rplI,Gene,,,,,rplI,protein_coding,ECK4199,b4203,,,,,,,,,,
NC_000913.3,RefSeq,gene,4426628,4427422,,-,,795,gene-b4204,"ECOCYC:G7862,GeneID:948719",,yjfZ,Gene,,,,,yjfZ,protein_coding,ECK4200,b4204,,,,,,,,,,
NC_000913.3,RefSeq,gene,4428079,4428717,,-,,639,gene-b4206,"ECOCYC:G7864,GeneID:948727",,ytfB,Gene,,,,,ytfB,protein_coding,ECK4202,b4206,,,,,,,,,,
NC_000913.3,RefSeq,gene,4428935,4429555,,+,,621,gene-b4207,"ECOCYC:G7865,GeneID:948726",,fklB,Gene,,,,,fklB,protein_coding,"ECK4203,ytfC",b4207,,,,,,,,,,
NC_000913.3,RefSeq,gene,4429864,4431276,,+,,1413,gene-b4208,"ECOCYC:EG12504,GeneID:948725",,cycA,Gene,,,,,cycA,protein_coding,"dagA,ECK4204,ytfD",b4208,,,,,,,,,,
NC_000913.3,RefSeq,gene,4431321,4431983,,-,,663,gene-b4209,"ECOCYC:G7866,GeneID:948724",,ytfE,Gene,,,,,ytfE,protein_coding,"dnrN,ECK4205",b4209,,,,,,,,,,
NC_000913.3,RefSeq,gene,4432091,4433056,,-,,966,gene-b4210,"ECOCYC:G7867,GeneID:948732",,ytfF,Gene,,,,,ytfF,protein_coding,ECK4206,b4210,,,,,,,,,,
NC_000913.3,RefSeq,gene,4433164,4434024,,-,,861,gene-b4211,"ECOCYC:G7868,GeneID:948731",,qorB,Gene,,,,,qorB,protein_coding,"ECK4207,ytfG",b4211,,,,,,,,,,
NC_000913.3,RefSeq,gene,4434113,4434493,,+,,381,gene-b4212,"ECOCYC:G7869,GeneID:948730",,ytfH,Gene,,,,,ytfH,protein_coding,ECK4208,b4212,,,,,,,,,,
NC_000913.3,RefSeq,gene,4434622,4436565,,-,,1944,gene-b4213,"ECOCYC:EG10160,GeneID:948729",,cpdB,Gene,,,,,cpdB,protein_coding,ECK4209,b4213,,,,,,,,,,
NC_000913.3,RefSeq,gene,4436755,4437495,,+,,741,gene-b4214,"ECOCYC:EG10043,GeneID:948728",,cysQ,Gene,,,,,cysQ,protein_coding,"amt,amtA,ECK4210",b4214,,,,,,,,,,
NC_000913.3,RefSeq,gene,4437707,4438645,,+,,939,gene-b4215,"ECOCYC:G7870,GeneID:948738",,ytfI,Gene,,,,,ytfI,protein_coding,ECK4211,b4215,,,,,,,,,,
NC_000913.3,RefSeq,gene,4438708,4439262,,-,,555,gene-b4216,"ECOCYC:G7871,GeneID:948737",,ytfJ,Gene,,,,,ytfJ,protein_coding,"ecfJ,ECK4212",b4216,,,,,,,,,,
NC_000913.3,RefSeq,gene,4439587,4439793,,+,,207,gene-b4217,"ECOCYC:G7872,GeneID:948736",,ytfK,Gene,,,,,ytfK,protein_coding,ECK4213,b4217,,,,,,,,,,
NC_000913.3,RefSeq,gene,4439872,4441215,,-,,1344,gene-b4218,"ECOCYC:G7873,GeneID:948735",,paeA,Gene,,,,,paeA,protein_coding,"ECK4214,ytfL",b4218,,,,,,,,,,
NC_000913.3,RefSeq,gene,4441538,4442176,,-,,639,gene-b4219,"ECOCYC:EG11433,GeneID:948734",,msrA,Gene,,,,,msrA,protein_coding,"ECK4215,pms,pmsR",b4219,,,,,,,,,,
NC_000913.3,RefSeq,gene,4442382,4444115,,+,,1734,gene-b4220,"ECOCYC:G7874,GeneID:948733",,tamA,Gene,,,,,tamA,protein_coding,"ECK4216,ytfM",b4220,,,,,,,,,,
NC_000913.3,RefSeq,gene,4444112,4447891,,+,,3780,gene-b4221,"ECOCYC:G7875,GeneID:948742",,tamB,Gene,,,,,tamB,protein_coding,"ECK4217,ytfN,ytfO",b4221,,,,,,,,,,
NC_000913.3,RefSeq,gene,4447894,4448235,,+,,342,gene-b4222,"ECOCYC:G7876,GeneID:948741",,ytfP,Gene,,,,,ytfP,protein_coding,ECK4218,b4222,,,,,,,,,,
NC_000913.3,RefSeq,gene,4448447,4448698,,+,,252,gene-b4224,"ECOCYC:EG11250,GeneID:948739",,chpS,Gene,,,,,chpS,protein_coding,"chpBI,ECK4220,yjfB",b4224,,,,,,,,,,
NC_000913.3,RefSeq,gene,4448692,4449042,,+,,351,gene-b4225,"ECOCYC:EG12096,GeneID:948747",,chpB,Gene,,,,,chpB,protein_coding,"chpBK,ECK4221,yjfE",b4225,,,,,,,,,,
NC_000913.3,RefSeq,gene,4449122,4449652,,-,,531,gene-b4226,"ECOCYC:EG10755,GeneID:948748",,ppa,Gene,,,,,ppa,protein_coding,ECK4222,b4226,,,,,,,,,,
NC_000913.3,RefSeq,gene,4449962,4450918,,+,,957,gene-b4227,"ECOCYC:EG12517,GeneID:948746",,ytfQ,Gene,,,,,ytfQ,protein_coding,ECK4223,b4227,,,,,,,,,,
NC_000913.3,RefSeq,gene,4451058,4452560,,+,,1503,gene-b4485,"ECOCYC:EG12518,GeneID:2847725",,ytfR,Gene,,,,,ytfR,protein_coding,"b4228,b4229,ECK4224,ytfS",b4485,,,,,,,,,,
NC_000913.3,RefSeq,gene,4452571,4453596,,+,,1026,gene-b4230,"ECOCYC:EG12520,GeneID:948743",,ytfT,Gene,,,,,ytfT,protein_coding,ECK4225,b4230,,,,,,,,,,
NC_000913.3,RefSeq,gene,4453583,4454578,,+,,996,gene-b4231,"ECOCYC:EG12439,GeneID:948754",,yjfF,Gene,,,,,yjfF,protein_coding,ECK4226,b4231,,,,,,,,,,
NC_000913.3,RefSeq,gene,4454611,4455609,,-,,999,gene-b4232,"ECOCYC:EG10283,GeneID:948753",,fbp,Gene,,,,,fbp,protein_coding,"ECK4227,fdp",b4232,,,,,,,,,,
NC_000913.3,RefSeq,gene,4455785,4457158,,+,,1374,gene-b4233,"ECOCYC:EG12440,GeneID:948752",,mpl,Gene,,,,,mpl,protein_coding,"ECK4228,tpl,yjfG",b4233,,,,,,,,,,
NC_000913.3,RefSeq,gene,4457314,4457865,,-,,552,gene-b4234,"ECOCYC:EG11410,GeneID:948751",,yjgA,Gene,,,,,yjgA,protein_coding,ECK4229,b4234,,,,,,,,,,
NC_000913.3,RefSeq,gene,4457959,4459311,,+,,1353,gene-b4235,"ECOCYC:EG10741,GeneID:948750",,tldE,Gene,,,,,tldE,protein_coding,"ECK4230,mcb,pmbA",b4235,,,,,,,,,,
NC_000913.3,RefSeq,gene,4459900,4460364,,-,,465,gene-b4237,"ECOCYC:G812,GeneID:948757",,nrdG,Gene,,,,,nrdG,protein_coding,"ECK4232,yjgE",b4237,,,,,,,,,,
NC_000913.3,RefSeq,gene,4460522,4462660,,-,,2139,gene-b4238,"ECOCYC:EG11417,GeneID:948755",,nrdD,Gene,,,,,nrdD,protein_coding,ECK4233,b4238,,,,,,,,,,
NC_000913.3,RefSeq,gene,4463054,4464709,,-,,1656,gene-b4239,"ECOCYC:EG11402,GeneID:948762",,treC,Gene,,,,,treC,protein_coding,"ECK4234,olgH,treE",b4239,,,,,,,,,,
NC_000913.3,RefSeq,gene,4464759,4466180,,-,,1422,gene-b4240,"ECOCYC:EG12127,GeneID:948761",,treB,Gene,,,,,treB,protein_coding,ECK4235,b4240,,,,,,,,,,
NC_000913.3,RefSeq,gene,4466299,4467246,,-,,948,gene-b4241,"ECOCYC:EG12202,GeneID:948760",,treR,Gene,,,,,treR,protein_coding,ECK4236,b4241,,,,,,,,,,
NC_000913.3,RefSeq,gene,4467431,4467484,,+,,54,gene-b4702,"ECOCYC:G0-10689,GeneID:9797237",,mgtL,Gene,,,,,mgtL,protein_coding,ECK4513,b4702,,,,,,,,,,
NC_000913.3,RefSeq,gene,4467625,4470321,,+,,2697,gene-b4242,"ECOCYC:EG12525,GeneID:948778",,mgtA,Gene,,,,,mgtA,protein_coding,"atmA,corB,ECK4237,mgt,mtg",b4242,,,,,,,,,,
NC_000913.3,RefSeq,gene,4470527,4470913,,-,,387,gene-b4243,"ECOCYC:G7877,GeneID:948771",,ridA,Gene,,,,,ridA,protein_coding,"ECK4238,yjgF",b4243,,,,,,,,,,
NC_000913.3,RefSeq,gene,4470986,4471447,,-,,462,gene-b4244,"ECOCYC:EG10811,GeneID:948763",,pyrI,Gene,,,,,pyrI,protein_coding,ECK4239,b4244,,,,,,,,,,
NC_000913.3,RefSeq,gene,4471460,4472395,,-,,936,gene-b4245,"ECOCYC:EG10805,GeneID:948767",,pyrB,Gene,,,,,pyrB,protein_coding,ECK4240,b4245,,,,,,,,,,
NC_000913.3,RefSeq,gene,4472399,4472533,,-,,135,gene-b4246,"ECOCYC:EG11279,GeneID:948768",,pyrL,Gene,,,,,pyrL,protein_coding,"ECK4241,pyrE-,pyrE-LP",b4246,,,,,,,,,,
NC_000913.3,RefSeq,gene,4472814,4473209,,-,,396,gene-b4248,"ECOCYC:G7879,GeneID:948769",,yjgH,Gene,,,,,yjgH,protein_coding,ECK4242,b4248,,,,,,,,,,
NC_000913.3,RefSeq,gene,4473340,4474053,,-,,714,gene-b4249,"ECOCYC:G7880,GeneID:948765",,bdcA,Gene,,,,,bdcA,protein_coding,"ECK4243,yjgI",b4249,,,,,,,,,,
NC_000913.3,RefSeq,gene,4474124,4474717,,+,,594,gene-b4251,"ECOCYC:G7882,GeneID:948775",,bdcR,Gene,,,,,bdcR,protein_coding,"ECK4244,yjgJ",b4251,,,,,,,,,,
NC_000913.3,RefSeq,gene,4474862,4475314,,+,,453,gene-b4252,"ECOCYC:G7883,GeneID:948777",,tabA,Gene,,,,,tabA,protein_coding,"ECK4245,yjgK",b4252,,,,,,,,,,
NC_000913.3,RefSeq,gene,4475437,4477251,,+,,1815,gene-b4253,"ECOCYC:G7884,GeneID:948776",,yjgL,Gene,,,,,yjgL,protein_coding,ECK4246,b4253,,,,,,,,,,
NC_000913.3,RefSeq,gene,4477307,4478311,,-,,1005,gene-b4254,"ECOCYC:EG10069,GeneID:948774",,argI,Gene,,,,,argI,protein_coding,ECK4247,b4254,,,,,,,,,,
NC_000913.3,RefSeq,gene,4478473,4478889,,+,,417,gene-b4255,"ECOCYC:G7885,GeneID:948773",,rraB,Gene,,,,,rraB,protein_coding,"ECK4248,yjgD",b4255,,,,,,,,,,
NC_000913.3,RefSeq,gene,4479034,4479537,,-,,504,gene-b4256,"ECOCYC:G7886,GeneID:948772",,yjgM,Gene,,,,,yjgM,protein_coding,ECK4249,b4256,,,,,,,,,,
NC_000913.3,RefSeq,gene,4479730,4480926,,+,,1197,gene-b4257,"ECOCYC:G7887,GeneID:948784",,yjgN,Gene,,,,,yjgN,protein_coding,ECK4250,b4257,,,,,,,,,,
NC_000913.3,RefSeq,gene,4480982,4483837,,-,,2856,gene-b4258,"ECOCYC:EG11067,GeneID:948785",,valS,Gene,,,,,valS,protein_coding,"ECK4251,val-act",b4258,,,,,,,,,,
NC_000913.3,RefSeq,gene,4483837,4484280,,-,,444,gene-b4259,"ECOCYC:EG11413,GeneID:948787",,holC,Gene,,,,,holC,protein_coding,ECK4252,b4259,,,,,,,,,,
NC_000913.3,RefSeq,gene,4484440,4485951,,-,,1512,gene-b4260,"ECOCYC:EG10694,GeneID:948791",,pepA,Gene,,,,,pepA,protein_coding,"carP,ECK4253,xerB",b4260,,,,,,,,,,
NC_000913.3,RefSeq,gene,4486043,4486099,,+,,57,gene-b4822,"ECOCYC:G0-17096,GeneID:71004580",,ytgB,Gene,,,,,ytgB,protein_coding,ECK4679,b4822,,,,,,,,,,
NC_000913.3,RefSeq,gene,4486105,4486155,,+,,51,gene-b4800,"ECOCYC:G0-17046,GeneID:63925665",,ytgA,Gene,,,,,ytgA,protein_coding,ECK4657,b4800,,,,,,,,,,
NC_000913.3,RefSeq,gene,4486218,4487318,,+,,1101,gene-b4261,"ECOCYC:G7888,GeneID:948795",,lptF,Gene,,,,,lptF,protein_coding,"ECK4254,yjgP",b4261,,,,,,,,,,
NC_000913.3,RefSeq,gene,4487318,4488400,,+,,1083,gene-b4262,"ECOCYC:G7889,GeneID:945324",,lptG,Gene,,,,,lptG,protein_coding,"ECK4255,yjgQ",b4262,,,,,,,,,,
NC_000913.3,RefSeq,gene,4488561,4490063,,-,,1503,gene-b4263,"ECOCYC:G7890,GeneID:948978",,yjgR,Gene,,,,,yjgR,protein_coding,ECK4256,b4263,,,,,,,,,,
NC_000913.3,RefSeq,gene,4490141,4491139,,-,,999,gene-b4264,"ECOCYC:G7891,GeneID:949058",,idnR,Gene,,,,,idnR,protein_coding,"ECK4257,gntH,gntS?,yjgS",b4264,,,,,,,,,,
NC_000913.3,RefSeq,gene,4491206,4492525,,-,,1320,gene-b4265,"ECOCYC:EG12539,GeneID:948798",,idnT,Gene,,,,,idnT,protein_coding,"ECK4258,gntW,yjgT",b4265,,,,,,,,,,
NC_000913.3,RefSeq,gene,4492587,4493351,,-,,765,gene-b4266,"ECOCYC:G7892,GeneID:947109",,idnO,Gene,,,,,idnO,protein_coding,"ECK4259,yjgU",b4266,,,,,,,,,,
NC_000913.3,RefSeq,gene,4493375,4494406,,-,,1032,gene-b4267,"ECOCYC:G7893,GeneID:944769",,idnD,Gene,,,,,idnD,protein_coding,"ECK4260,yjgV",b4267,,,,,,,,,,
NC_000913.3,RefSeq,gene,4494623,4495186,,+,,564,gene-b4268,"ECOCYC:EG12152,GeneID:946066",,idnK,Gene,,,,,idnK,protein_coding,"ECK4261,gntV",b4268,,,,,,,,,,
NC_000913.3,RefSeq,gene,4495190,4496209,,-,,1020,gene-b4269,"ECOCYC:EG11436,GeneID:948802",,ahr,Gene,,,,,ahr,protein_coding,"ECK4262,yjgB",b4269,,,,,,,,,,
NC_000913.3,RefSeq,gene,4496405,4496489,,+,,85,gene-b4270,"ECOCYC:EG30053,GeneID:948803",,leuX,Gene,,,,,leuX,tRNA,"ECK4263,Su-6,supP",b4270,,,,,,,,,,
NC_000913.3,RefSeq,gene,4498272,4498637,,+,,366,gene-b4272,"ECOCYC:G7894,GeneID:948781",,insC6,Gene,,,,,insC6,protein_coding,"ECK0357,yi21-6",b4272,,,,,,,,,,
NC_000913.3,RefSeq,gene,4498595,4499500,,+,,906,gene-b4273,"ECOCYC:G7895,GeneID:948779",,insD6,Gene,,,,,insD6,protein_coding,"ECK0358,yi22-6",b4273,,,,,,,,,,
NC_000913.3,RefSeq,gene,4501260,4501589,,+,,330,gene-b4277,"ECOCYC:G7899,GeneID:948804",,yjgZ,Gene,,,,,yjgZ,protein_coding,ECK4267,b4277,,,,,,,,,,
NC_000913.3,RefSeq,gene,4502103,4503431,,-,,1329,gene-b4278,"ECOCYC:G7900,GeneID:948805",,insG,Gene,,,,,insG,protein_coding,"ECK4268,yi41",b4278,,,,,,,,,,
NC_000913.3,RefSeq,gene,4504058,4505275,,+,,1218,gene-b4279,"ECOCYC:EG12544,GeneID:948807",,nanX,Gene,,,,,nanX,protein_coding,"ECK4269,yjhB",b4279,,,,,,,,,,
NC_000913.3,RefSeq,gene,4505287,4506405,,+,,1119,gene-b4280,"ECOCYC:G7901,GeneID:948808",,nanY,Gene,,,,,nanY,protein_coding,"ECK4270,yjhC",b4280,,,,,,,,,,
NC_000913.3,RefSeq,gene,4506448,4506573,,+,,126,gene-b4655,"ECOCYC:G0-10616,GeneID:5625581",,ythA,Gene,,,,,ythA,protein_coding,ECK4434,b4655,,,,,,,,,,
NC_000913.3,RefSeq,gene,4507466,4508617,,-,,1152,gene-b4284,"ECOCYC:G7905,GeneID:948815",,insI3,Gene,,,,,insI3,protein_coding,"ECK0258,tra8-3",b4284,,,,,,,,,,
NC_000913.3,RefSeq,gene,4510690,4511457,,-,,768,gene-b4287,"ECOCYC:EG10290,GeneID:948819",,fecE,Gene,,,,,fecE,protein_coding,ECK4277,b4287,,,,,,,,,,
NC_000913.3,RefSeq,gene,4511458,4512414,,-,,957,gene-b4288,"ECOCYC:EG10289,GeneID:946816",,fecD,Gene,,,,,fecD,protein_coding,ECK4278,b4288,,,,,,,,,,
NC_000913.3,RefSeq,gene,4512411,4513409,,-,,999,gene-b4289,"ECOCYC:EG10288,GeneID:948826",,fecC,Gene,,,,,fecC,protein_coding,ECK4279,b4289,,,,,,,,,,
NC_000913.3,RefSeq,gene,4513406,4514308,,-,,903,gene-b4290,"ECOCYC:EG10287,GeneID:946838",,fecB,Gene,,,,,fecB,protein_coding,ECK4280,b4290,,,,,,,,,,
NC_000913.3,RefSeq,gene,4514353,4516677,,-,,2325,gene-b4291,"ECOCYC:EG10286,GeneID:946427",,fecA,Gene,,,,,fecA,protein_coding,ECK4281,b4291,,,,,,,,,,
NC_000913.3,RefSeq,gene,4516764,4517717,,-,,954,gene-b4292,"ECOCYC:EG10292,GeneID:949104",,fecR,Gene,,,,,fecR,protein_coding,ECK4282,b4292,,,,,,,,,,
NC_000913.3,RefSeq,gene,4517714,4518235,,-,,522,gene-b4293,"ECOCYC:EG10291,GeneID:946839",,fecI,Gene,,,,,fecI,protein_coding,ECK4283,b4293,,,,,,,,,,
NC_000913.3,RefSeq,gene,4518372,4518440,,+,,69,gene-b4801,"ECOCYC:G0-17047,GeneID:63925666",,ykiE,Gene,,,,,ykiE,protein_coding,ECK4658,b4801,,,,,,,,,,
NC_000913.3,RefSeq,gene,4518527,4518802,,+,,276,gene-b4294,"ECOCYC:G7908,GeneID:948830",,insA7,Gene,,,,,insA7,protein_coding,ECK0023,b4294,,,,,,,,,,
NC_000913.3,RefSeq,gene,4519338,4520324,,-,,987,gene-b4295,"ECOCYC:G7909,GeneID:948827",,yjhU,Gene,,,,,yjhU,protein_coding,ECK4284,b4295,,,,,,,,,,
NC_000913.3,RefSeq,gene,4520671,4522020,,-,,1350,gene-b4296,"ECOCYC:EG12548,GeneID:949102",,yjhF,Gene,,,,,yjhF,protein_coding,ECK4285,b4296,,,,,,,,,,
NC_000913.3,RefSeq,gene,4522127,4524094,,-,,1968,gene-b4297,"ECOCYC:G7910,GeneID:946829",,yjhG,Gene,,,,,yjhG,protein_coding,ECK4286,b4297,,,,,,,,,,
NC_000913.3,RefSeq,gene,4524105,4525010,,-,,906,gene-b4298,"ECOCYC:G7911,GeneID:948825",,yjhH,Gene,,,,,yjhH,protein_coding,ECK4287,b4298,,,,,,,,,,
NC_000913.3,RefSeq,gene,4525015,4525803,,-,,789,gene-b4299,"ECOCYC:G7912,GeneID:949100",,yjhI,Gene,,,,,yjhI,protein_coding,ECK4288,b4299,,,,,,,,,,
NC_000913.3,RefSeq,gene,4526106,4526888,,-,,783,gene-b4300,"ECOCYC:G7913,GeneID:946830",,sgcR,Gene,,,,,sgcR,protein_coding,"ECK4289,yjhJ",b4300,,,,,,,,,,
NC_000913.3,RefSeq,gene,4526905,4527537,,-,,633,gene-b4301,"ECOCYC:G7914,GeneID:948829",,sgcE,Gene,,,,,sgcE,protein_coding,"ECK4290,yjhK",b4301,,,,,,,,,,
NC_000913.3,RefSeq,gene,4527549,4527980,,-,,432,gene-b4302,"ECOCYC:EG12554,GeneID:948831",,sgcA,Gene,,,,,sgcA,protein_coding,"ECK4291,yjhL",b4302,,,,,,,,,,
NC_000913.3,RefSeq,gene,4527977,4528066,,+,,90,gene-b4624,"ECOCYC:G0-10609,GeneID:5061532",,ryjB,Gene,,,,,ryjB,ncRNA,ECK4431,b4624,,,,,,,,,,
NC_000913.3,RefSeq,gene,4528111,4528917,,-,,807,gene-b4303,"ECOCYC:G7915,GeneID:948834",,sgcQ,Gene,,,,,sgcQ,protein_coding,"ECK4292,yjhM",b4303,,,,,,,,,,
NC_000913.3,RefSeq,gene,4528930,4530243,,-,,1314,gene-b4304,"ECOCYC:EG12556,GeneID:946849",,sgcC,Gene,,,,,sgcC,protein_coding,"ECK4293,yjhN",b4304,,,,,,,,,,
NC_000913.3,RefSeq,gene,4530255,4530533,,-,,279,gene-b4565,"ECOCYC:G0-10241,GeneID:1450295",,sgcB,Gene,,,,,sgcB,protein_coding,ECK4294,b4565,,,,,,,,,,
NC_000913.3,RefSeq,gene,4530530,4531651,,-,,1122,gene-b4305,"ECOCYC:EG12557,GeneID:948840",,sgcX,Gene,,,,,sgcX,protein_coding,"ECK4295,yjhO",b4305,,,,,,,,,,
NC_000913.3,RefSeq,gene,4532437,4533183,,-,,747,gene-b4306,"ECOCYC:G7916,GeneID:946851",,yjhP,Gene,,,,,yjhP,protein_coding,ECK4296,b4306,,,,,,,,,,
NC_000913.3,RefSeq,gene,4533239,4533784,,-,,546,gene-b4307,"ECOCYC:G7917,GeneID:949059",,yjhQ,Gene,,,,,yjhQ,protein_coding,ECK4297,b4307,,,,,,,,,,
NC_000913.3,RefSeq,gene,4533796,4534053,,-,,258,gene-b4566,"ECOCYC:G0-10473,GeneID:1450297",,topAI,Gene,,,,,topAI,protein_coding,"ECK4298,yjhX",b4566,,,,,,,,,,
NC_000913.3,RefSeq,gene,4536597,4536695,,+,,99,gene-b4802,"ECOCYC:G0-17048,GeneID:63925667",,ythB,Gene,,,,,ythB,protein_coding,ECK4659,b4802,,,,,,,,,,
NC_000913.3,RefSeq,gene,4536614,4537594,,-,,981,gene-b4309,"ECOCYC:G7919,GeneID:948835",,nanS,Gene,,,,,nanS,protein_coding,"ECK4300,yjhS",b4309,,,,,,,,,,
NC_000913.3,RefSeq,gene,4537659,4538765,,-,,1107,gene-b4310,"ECOCYC:G7920,GeneID:949106",,nanM,Gene,,,,,nanM,protein_coding,"ECK4301,yjhT",b4310,,,,,,,,,,
NC_000913.3,RefSeq,gene,4538785,4539501,,-,,717,gene-b4311,"ECOCYC:G7921,GeneID:946843",,nanC,Gene,,,,,nanC,protein_coding,"ECK4302,yjhA",b4311,,,,,,,,,,
NC_000913.3,RefSeq,gene,4540957,4541559,,+,,603,gene-b4312,"ECOCYC:EG10309,GeneID:948832",,fimB,Gene,,,,,fimB,protein_coding,"ECK4303,pil",b4312,,,,,,,,,,
NC_000913.3,RefSeq,gene,4542037,4542633,,+,,597,gene-b4313,"ECOCYC:EG10312,GeneID:948836",,fimE,Gene,,,,,fimE,protein_coding,"ECK4304,hyp,pilH",b4313,,,,,,,,,,
NC_000913.3,RefSeq,gene,4543115,4543663,,+,,549,gene-b4314,"ECOCYC:EG10308,GeneID:948838",,fimA,Gene,,,,,fimA,protein_coding,"ECK4305,fimD,pilA",b4314,,,,,,,,,,
NC_000913.3,RefSeq,gene,4543674,4543708,,+,,35,gene-b4838,"ECOCYC:G0-17115,GeneID:302211672",,fimR2,Gene,,,,,fimR2,ncRNA,ECK4695,b4838,,,,,,,,,,
NC_000913.3,RefSeq,gene,4543728,4544267,,+,,540,gene-b4315,"ECOCYC:EG11974,GeneID:948841",,fimI,Gene,,,,,fimI,protein_coding,ECK4306,b4315,,,,,,,,,,
NC_000913.3,RefSeq,gene,4544304,4545029,,+,,726,gene-b4316,"ECOCYC:EG10310,GeneID:948843",,fimC,Gene,,,,,fimC,protein_coding,"ECK4307,pilB",b4316,,,,,,,,,,
NC_000913.3,RefSeq,gene,4545096,4547732,,+,,2637,gene-b4317,"ECOCYC:EG10311,GeneID:948844",,fimD,Gene,,,,,fimD,protein_coding,"ECK4308,fimD_1,fimD_2",b4317,,,,,,,,,,
NC_000913.3,RefSeq,gene,4547742,4548272,,+,,531,gene-b4318,"ECOCYC:EG10313,GeneID:948845",,fimF,Gene,,,,,fimF,protein_coding,ECK4309,b4318,,,,,,,,,,
NC_000913.3,RefSeq,gene,4548285,4548788,,+,,504,gene-b4319,"ECOCYC:EG10314,GeneID:948846",,fimG,Gene,,,,,fimG,protein_coding,ECK4310,b4319,,,,,,,,,,
NC_000913.3,RefSeq,gene,4548808,4549710,,+,,903,gene-b4320,"ECOCYC:EG10315,GeneID:948847",,fimH,Gene,,,,,fimH,protein_coding,"ECK4311,pilE",b4320,,,,,,,,,,
NC_000913.3,RefSeq,gene,4549953,4551296,,-,,1344,gene-b4321,"ECOCYC:EG12563,GeneID:948848",,gntP,Gene,,,,,gntP,protein_coding,"ECK4312,yjiB",b4321,,,,,,,,,,
NC_000913.3,RefSeq,gene,4551636,4552820,,+,,1185,gene-b4322,"ECOCYC:EG11066,GeneID:947082",,uxuA,Gene,,,,,uxuA,protein_coding,ECK4313,b4322,,,,,,,,,,
NC_000913.3,RefSeq,gene,4552901,4554361,,+,,1461,gene-b4323,"ECOCYC:EG20248,GeneID:946795",,uxuB,Gene,,,,,uxuB,protein_coding,ECK4314,b4323,,,,,,,,,,
NC_000913.3,RefSeq,gene,4554576,4555349,,+,,774,gene-b4324,"ECOCYC:EG20249,GeneID:948849",,uxuR,Gene,,,,,uxuR,protein_coding,ECK4315,b4324,,,,,,,,,,
NC_000913.3,RefSeq,gene,4555490,4556320,,-,,831,gene-b4325,"ECOCYC:G7922,GeneID:948850",,yjiC,Gene,,,,,yjiC,protein_coding,ECK4316,b4325,,,,,,,,,,
NC_000913.3,RefSeq,gene,4556574,4556675,,+,,102,gene-b4720,"ECOCYC:G0-16686,GeneID:38094978",,ytiC,Gene,,,,,ytiC,protein_coding,ECK4577,b4720,,,,,,,,,,
NC_000913.3,RefSeq,gene,4556654,4556797,,+,,144,gene-b4721,"ECOCYC:G0-16687,GeneID:38094979",,ytiD,Gene,,,,,ytiD,protein_coding,ECK4578,b4721,,,,,,,,,,
NC_000913.3,RefSeq,gene,4556913,4556996,,+,,84,gene-b4722,"ECOCYC:G0-16685,GeneID:38094980",,idlP,Gene,,,,,idlP,protein_coding,ECK4579,b4722,,,,,,,,,,
NC_000913.3,RefSeq,gene,4556993,4557385,,+,,393,gene-b4326,"ECOCYC:G7923,GeneID:948851",,iraD,Gene,,,,,iraD,protein_coding,"ECK4317,yjiD",b4326,,,,,,,,,,
NC_000913.3,RefSeq,gene,4557378,4558289,,-,,912,gene-b4327,"ECOCYC:G7924,GeneID:948852",,hypT,Gene,,,,,hypT,protein_coding,"ECK4318,qseD,yjiE",b4327,,,,,,,,,,
NC_000913.3,RefSeq,gene,4558354,4559526,,-,,1173,gene-b4328,"ECOCYC:G7925,GeneID:948853",,iadA,Gene,,,,,iadA,protein_coding,"ECK4319,yjiF",b4328,,,,,,,,,,
NC_000913.3,RefSeq,gene,4559539,4560000,,-,,462,gene-b4329,"ECOCYC:G7926,GeneID:948854",,yjiG,Gene,,,,,yjiG,protein_coding,ECK4320,b4329,,,,,,,,,,
NC_000913.3,RefSeq,gene,4559997,4560680,,-,,684,gene-b4330,"ECOCYC:G7927,GeneID:948856",,yjiH,Gene,,,,,yjiH,protein_coding,ECK4321,b4330,,,,,,,,,,
NC_000913.3,RefSeq,gene,4560930,4561484,,+,,555,gene-b4331,"ECOCYC:G7928,GeneID:948858",,kptA,Gene,,,,,kptA,protein_coding,"ECK4322,yjiI",b4331,,,,,,,,,,
NC_000913.3,RefSeq,gene,4561497,4562675,,-,,1179,gene-b4332,"ECOCYC:G7929,GeneID:948859",,yjiJ,Gene,,,,,yjiJ,protein_coding,ECK4323,b4332,,,,,,,,,,
NC_000913.3,RefSeq,gene,4562743,4563603,,-,,861,gene-b4333,"ECOCYC:G7930,GeneID:948957",,yjiK,Gene,,,,,yjiK,protein_coding,ECK4324,b4333,,,,,,,,,,
NC_000913.3,RefSeq,gene,4563668,4563925,,-,,258,gene-b4715,"ECOCYC:G0-16640,GeneID:38094981",,ytiA,Gene,,,,,ytiA,protein_coding,ECK4572,b4715,,,,,,,,,,
NC_000913.3,RefSeq,gene,4563922,4564689,,-,,768,gene-b4334,"ECOCYC:G7931,GeneID:948837",,yjiL,Gene,,,,,yjiL,protein_coding,ECK4325,b4334,,,,,,,,,,
NC_000913.3,RefSeq,gene,4564699,4565850,,-,,1152,gene-b4335,"ECOCYC:G7932,GeneID:945789",,yjiM,Gene,,,,,yjiM,protein_coding,ECK4326,b4335,,,,,,,,,,
NC_000913.3,RefSeq,gene,4565966,4567246,,-,,1281,gene-b4336,"ECOCYC:G7933,GeneID:948860",,yjiN,Gene,,,,,yjiN,protein_coding,ECK4327,b4336,,,,,,,,,,
NC_000913.3,RefSeq,gene,4567287,4568519,,-,,1233,gene-b4337,"ECOCYC:EG12576,GeneID:948861",,mdtM,Gene,,,,,mdtM,protein_coding,"ECK4328,yjiO",b4337,,,,,,,,,,
NC_000913.3,RefSeq,gene,4568692,4568727,,-,,36,gene-b4823,"ECOCYC:G0-17097,GeneID:71004581",,ytiE,Gene,,,,,ytiE,protein_coding,ECK4680,b4823,,,,,,,,,,
NC_000913.3,RefSeq,gene,4570162,4571574,,-,,1413,gene-b4340,"ECOCYC:G7936,GeneID:949089",,yjiR,Gene,,,,,yjiR,protein_coding,ECK4331,b4340,,,,,,,,,,
NC_000913.3,RefSeq,gene,4571751,4571915,,+,,165,gene-b4341,"ECOCYC:G7937,GeneID:948903",,yjiS,Gene,,,,,yjiS,protein_coding,ECK4332,b4341,,,,,,,,,,
NC_000913.3,RefSeq,gene,4572414,4573931,,+,,1518,gene-b4342,"ECOCYC:G7938,GeneID:945056",,yjiT,Gene,,,,,yjiT,protein_coding,ECK4333,b4342,,,,,,,,,,
NC_000913.3,RefSeq,gene,4576912,4577958,,-,,1047,gene-b4345,"ECOCYC:EG10575,GeneID:948880",,mcrC,Gene,,,,,mcrC,protein_coding,ECK4335,b4345,,,,,,,,,,
NC_000913.3,RefSeq,gene,4577958,4579337,,-,,1380,gene-b4346,"ECOCYC:EG10574,GeneID:949122",,mcrB,Gene,,,,,mcrB,protein_coding,"ECK4336,rglB",b4346,,,,,,,,,,
NC_000913.3,RefSeq,gene,4579499,4579840,,-,,342,gene-b4347,"ECOCYC:G7940,GeneID:949088",,symE,Gene,,,,,symE,protein_coding,"dinL,ECK4337,sosC,yjiW",b4347,,,,,,,,,,
NC_000913.3,RefSeq,gene,4579835,4579911,,+,,77,gene-b4625,"ECOCYC:G0-10610,GeneID:5061533",,symR,Gene,,,,,symR,ncRNA,"ECK4432,ryjC",b4625,,,,,,,,,,
NC_000913.3,RefSeq,gene,4580068,4581462,,-,,1395,gene-b4348,"ECOCYC:EG10460,GeneID:948867",,hsdS,Gene,,,,,hsdS,protein_coding,"ECK4338,hsp,hss,rm",b4348,,,,,,,,,,
NC_000913.3,RefSeq,gene,4581459,4583048,,-,,1590,gene-b4349,"ECOCYC:EG10458,GeneID:948872",,hsdM,Gene,,,,,hsdM,protein_coding,"ECK4339,hsm,hsp",b4349,,,,,,,,,,
NC_000913.3,RefSeq,gene,4583249,4586761,,-,,3513,gene-b4350,"ECOCYC:EG10459,GeneID:948878",,hsdR,Gene,,,,,hsdR,protein_coding,"ECK4340,hsp,hsr",b4350,,,,,,,,,,
NC_000913.3,RefSeq,gene,4586949,4587863,,+,,915,gene-b4351,"ECOCYC:EG10612,GeneID:948898",,mrr,Gene,,,,,mrr,protein_coding,ECK4341,b4351,,,,,,,,,,
NC_000913.3,RefSeq,gene,4587909,4588865,,-,,957,gene-b4352,"ECOCYC:EG10021,GeneID:948882",,yjiA,Gene,,,,,yjiA,protein_coding,ECK4342,b4352,,,,,,,,,,
NC_000913.3,RefSeq,gene,4588876,4589079,,-,,204,gene-b4353,"ECOCYC:G7941,GeneID:949090",,yjiX,Gene,,,,,yjiX,protein_coding,ECK4343,b4353,,,,,,,,,,
NC_000913.3,RefSeq,gene,4589129,4591279,,-,,2151,gene-b4354,"ECOCYC:G7942,GeneID:948914",,btsT,Gene,,,,,btsT,protein_coding,"ECK4344,yjiY",b4354,,,,,,,,,,
NC_000913.3,RefSeq,gene,4591657,4593312,,+,,1656,gene-b4355,"ECOCYC:EG11034,GeneID:948884",,tsr,Gene,,,,,tsr,protein_coding,"cheD,ECK4345",b4355,,,,,,,,,,
NC_000913.3,RefSeq,gene,4593361,4594722,,-,,1362,gene-b4356,"ECOCYC:EG12587,GeneID:948879",,lgoT,Gene,,,,,lgoT,protein_coding,"ECK4346,yjiZ,yjjL",b4356,,,,,,,,,,
NC_000913.3,RefSeq,gene,4594937,4595851,,-,,915,gene-b4357,"ECOCYC:G7944,GeneID:948881",,lgoR,Gene,,,,,lgoR,protein_coding,"ECK4347,yjjM",b4357,,,,,,,,,,
NC_000913.3,RefSeq,gene,4595990,4597012,,+,,1023,gene-b4358,"ECOCYC:G7945,GeneID:948883",,lgoD,Gene,,,,,lgoD,protein_coding,"ECK4348,yjjN",b4358,,,,,,,,,,
NC_000913.3,RefSeq,gene,4597150,4599441,,-,,2292,gene-b4359,"ECOCYC:EG12591,GeneID:948888",,opgB,Gene,,,,,opgB,protein_coding,"ECK4349,mdoB,yjjO",b4359,,,,,,,,,,
NC_000913.3,RefSeq,gene,4599695,4600189,,-,,495,gene-b4360,"ECOCYC:EG11214,GeneID:948887",,yjjA,Gene,,,,,yjjA,protein_coding,ECK4350,b4360,,,,,,,,,,
NC_000913.3,RefSeq,gene,4600238,4600975,,-,,738,gene-b4361,"ECOCYC:EG10237,GeneID:948864",,dnaC,Gene,,,,,dnaC,protein_coding,"dnaD,ECK4351",b4361,,,,,,,,,,
NC_000913.3,RefSeq,gene,4600978,4601517,,-,,540,gene-b4362,"ECOCYC:EG10244,GeneID:948813",,dnaT,Gene,,,,,dnaT,protein_coding,ECK4352,b4362,,,,,,,,,,
NC_000913.3,RefSeq,gene,4601624,4602097,,-,,474,gene-b4363,"ECOCYC:EG11215,GeneID:948811",,yjjB,Gene,,,,,yjjB,protein_coding,ECK4353,b4363,,,,,,,,,,
NC_000913.3,RefSeq,gene,4602088,4602858,,-,,771,gene-b4364,"ECOCYC:G7946,GeneID:948812",,yjjP,Gene,,,,,yjjP,protein_coding,ECK4354,b4364,,,,,,,,,,
NC_000913.3,RefSeq,gene,4603477,4604202,,+,,726,gene-b4365,"ECOCYC:G7947,GeneID:948896",,yjjQ,Gene,,,,,yjjQ,protein_coding,ECK4355,b4365,,,,,,,,,,
NC_000913.3,RefSeq,gene,4604160,4604837,,+,,678,gene-b4366,"ECOCYC:G7948,GeneID:948889",,bglJ,Gene,,,,,bglJ,protein_coding,"ECK4356,yjjR",b4366,,,,,,,,,,
NC_000913.3,RefSeq,gene,4604875,4605663,,-,,789,gene-b4367,"ECOCYC:G7949,GeneID:948891",,fhuF,Gene,,,,,fhuF,protein_coding,"ECK4357,yjjS",b4367,,,,,,,,,,
NC_000913.3,RefSeq,gene,4605804,4606040,,+,,237,gene-b4567,"ECOCYC:G0-10474,GeneID:1450313",,yjjZ,Gene,,,,,yjjZ,protein_coding,ECK4358,b4567,,,,,,,,,,
NC_000913.3,RefSeq,gene,4606079,4606165,,-,,87,gene-b4368,"ECOCYC:EG30051,GeneID:948873",,leuV,Gene,,,,,leuV,tRNA,"ECK4359,leuValpha",b4368,,,,,,,,,,
NC_000913.3,RefSeq,gene,4606200,4606286,,-,,87,gene-b4369,"ECOCYC:EG30047,GeneID:948875",,leuP,Gene,,,,,leuP,tRNA,"ECK4360,leuV-beta,leuVbeta",b4369,,,,,,,,,,
NC_000913.3,RefSeq,gene,4606315,4606401,,-,,87,gene-b4370,"ECOCYC:EG30048,GeneID:948893",,leuQ,Gene,,,,,leuQ,tRNA,"ECK4361,leuVgamma",b4370,,,,,,,,,,
NC_000913.3,RefSeq,gene,4606669,4607700,,-,,1032,gene-b4371,"ECOCYC:G7950,GeneID:948892",,rsmC,Gene,,,,,rsmC,protein_coding,"ECK4362,yjjT",b4371,,,,,,,,,,
NC_000913.3,RefSeq,gene,4607803,4608216,,+,,414,gene-b4372,"ECOCYC:EG11414,GeneID:948890",,holD,Gene,,,,,holD,protein_coding,ECK4363,b4372,,,,,,,,,,
NC_000913.3,RefSeq,gene,4608185,4608631,,+,,447,gene-b4373,"ECOCYC:EG10850,GeneID:948894",,rimI,Gene,,,,,rimI,protein_coding,ECK4364,b4373,,,,,,,,,,
NC_000913.3,RefSeq,gene,4608646,4609323,,+,,678,gene-b4374,"ECOCYC:EG12115,GeneID:948899",,yjjG,Gene,,,,,yjjG,protein_coding,ECK4365,b4374,,,,,,,,,,
NC_000913.3,RefSeq,gene,4609414,4611003,,+,,1590,gene-b4375,"ECOCYC:EG12114,GeneID:948897",,prfC,Gene,,,,,prfC,protein_coding,"ECK4366,miaD,tos",b4375,,,,,,,,,,
NC_000913.3,RefSeq,gene,4611396,4612001,,+,,606,gene-b4376,"ECOCYC:EG11391,GeneID:948895",,osmY,Gene,,,,,osmY,protein_coding,"csi-5,ECK4367",b4376,,,,,,,,,,
NC_000913.3,RefSeq,gene,4612128,4612289,,+,,162,gene-b4568,"ECOCYC:G0-10475,GeneID:1450298",,ytjA,Gene,,,,,ytjA,protein_coding,ECK4368,b4568,,,,,,,,,,
NC_000913.3,RefSeq,gene,4612411,4613484,,+,,1074,gene-b4377,"ECOCYC:G7951,GeneID:948906",,yjjU,Gene,,,,,yjjU,protein_coding,ECK4369,b4377,,,,,,,,,,
NC_000913.3,RefSeq,gene,4613481,4614260,,+,,780,gene-b4378,"ECOCYC:G7952,GeneID:2847741",,yjjV,Gene,,,,,yjjV,protein_coding,ECK4370,b4378,,,,,,,,,,
NC_000913.3,RefSeq,gene,4614680,4615543,,-,,864,gene-b4379,"ECOCYC:G7953,GeneID:948905",,yjjW,Gene,,,,,yjjW,protein_coding,ECK4371,b4379,,,,,,,,,,
NC_000913.3,RefSeq,gene,4615515,4617065,,-,,1551,gene-b4380,"ECOCYC:EG12171,GeneID:948904",,yjjI,Gene,,,,,yjjI,protein_coding,"ECK4372,yjjH",b4380,,,,,,,,,,
NC_000913.3,RefSeq,gene,4617323,4618102,,+,,780,gene-b4381,"ECOCYC:EG10221,GeneID:948902",,deoC,Gene,,,,,deoC,protein_coding,"dra,ECK4373,thyR,tlr",b4381,,,,,,,,,,
NC_000913.3,RefSeq,gene,4618229,4619551,,+,,1323,gene-b4382,"ECOCYC:EG10219,GeneID:948901",,deoA,Gene,,,,,deoA,protein_coding,"ECK4374,TP,tpp,ttg",b4382,,,,,,,,,,
NC_000913.3,RefSeq,gene,4619603,4620826,,+,,1224,gene-b4383,"ECOCYC:EG10220,GeneID:948910",,deoB,Gene,,,,,deoB,protein_coding,"drm,ECK4375,thyR,tlr",b4383,,,,,,,,,,
NC_000913.3,RefSeq,gene,4620883,4621602,,+,,720,gene-b4384,"ECOCYC:EG10222,GeneID:945654",,deoD,Gene,,,,,deoD,protein_coding,"ECK4376,pup",b4384,,,,,,,,,,
NC_000913.3,RefSeq,gene,4621769,4623100,,+,,1332,gene-b4385,"ECOCYC:EG12342,GeneID:944883",,hipH,Gene,,,,,hipH,protein_coding,"ECK4377,yjjJ",b4385,,,,,,,,,,
NC_000913.3,RefSeq,gene,4623101,4624117,,-,,1017,gene-b4386,"ECOCYC:EG11796,GeneID:944865",,lplA,Gene,,,,,lplA,protein_coding,"ECK4378,slr,yjjF",b4386,,,,,,,,,,
NC_000913.3,RefSeq,gene,4624145,4624789,,-,,645,gene-b4387,"ECOCYC:EG10951,GeneID:946089",,ytjB,Gene,,,,,ytjB,protein_coding,"ECK4379,smp",b4387,,,,,,,,,,
NC_000913.3,RefSeq,gene,4624895,4625863,,+,,969,gene-b4388,"ECOCYC:EG10945,GeneID:948913",,serB,Gene,,,,,serB,protein_coding,ECK4380,b4388,,,,,,,,,,
NC_000913.3,RefSeq,gene,4625912,4627294,,+,,1383,gene-b4389,"ECOCYC:EG11296,GeneID:948912",,radA,Gene,,,,,radA,protein_coding,"ECK4381,sms",b4389,,,,,,,,,,
NC_000913.3,RefSeq,gene,4627315,4628547,,+,,1233,gene-b4390,"ECOCYC:EG11335,GeneID:948911",,nadR,Gene,,,,,nadR,protein_coding,"ECK4382,nadI",b4390,,,,,,,,,,
NC_000913.3,RefSeq,gene,4628855,4630522,,-,,1668,gene-b4391,"ECOCYC:EG12343,GeneID:948909",,ettA,Gene,,,,,ettA,protein_coding,"ECK4383,yjjK",b4391,,,,,,,,,,
NC_000913.3,RefSeq,gene,4630733,4632670,,+,,1938,gene-b4392,"ECOCYC:EG10950,GeneID:948908",,slt,Gene,,,,,slt,protein_coding,"ECK4384,sltY",b4392,,,,,,,,,,
NC_000913.3,RefSeq,gene,4632760,4633086,,+,,327,gene-b4393,"ECOCYC:EG11029,GeneID:948917",,trpR,Gene,,,,,trpR,protein_coding,"ECK4385,rtrY",b4393,,,,,,,,,,
NC_000913.3,RefSeq,gene,4633233,4633745,,-,,513,gene-b4394,"ECOCYC:EG12600,GeneID:948919",,yjjX,Gene,,,,,yjjX,protein_coding,ECK4386,b4394,,,,,,,,,,
NC_000913.3,RefSeq,gene,4633797,4634444,,+,,648,gene-b4395,"ECOCYC:EG12164,GeneID:948918",,ytjC,Gene,,,,,ytjC,protein_coding,"ECK4387,gpmB",b4395,,,,,,,,,,
NC_000913.3,RefSeq,gene,4634441,4635310,,-,,870,gene-b4396,"ECOCYC:EG11366,GeneID:948916",,rob,Gene,,,,,rob,protein_coding,"cbpB,ECK4388,robA",b4396,,,,,,,,,,
NC_000913.3,RefSeq,gene,4635521,4635994,,+,,474,gene-b4397,"ECOCYC:EG11217,GeneID:948920",,creA,Gene,,,,,creA,protein_coding,"ECK4389,yjjD",b4397,,,,,,,,,,
NC_000913.3,RefSeq,gene,4636007,4636696,,+,,690,gene-b4398,"ECOCYC:EG11218,GeneID:948922",,creB,Gene,,,,,creB,protein_coding,"ECK4390,ORF2,yjjE",b4398,,,,,,,,,,
NC_000913.3,RefSeq,gene,4636696,4638120,,+,,1425,gene-b4399,"ECOCYC:EG10730,GeneID:948609",,creC,Gene,,,,,creC,protein_coding,"ECK4391,phoM",b4399,,,,,,,,,,
NC_000913.3,RefSeq,gene,4638178,4639530,,+,,1353,gene-b4400,"ECOCYC:EG10145,GeneID:948868",,creD,Gene,,,,,creD,protein_coding,"cet,ECK4392,refII",b4400,,,,,,,,,,
NC_000913.3,RefSeq,gene,4639590,4640306,,-,,717,gene-b4401,"ECOCYC:EG10061,GeneID:948874",,arcA,Gene,,,,,arcA,protein_coding,"cpxC,dye,ECK4393,fexA,msp,seg,sfrA",b4401,,,,,,,,,,
NC_000913.3,RefSeq,gene,4640402,4640542,,+,,141,gene-b4402,"ECOCYC:G7954,GeneID:948925",,yjjY,Gene,,,,,yjjY,protein_coding,ECK4394,b4402,,,,,,,,,,
NC_000913.3,RefSeq,gene,4640718,4640771,,+,,54,gene-b4824,"ECOCYC:G0-17098,GeneID:71004582",,ytjE,Gene,,,,,ytjE,protein_coding,ECK4681,b4824,,,,,,,,,,
NC_000913.3,RefSeq,gene,4640942,4641628,,+,,687,gene-b4403,"ECOCYC:EG12309,GeneID:948924",,yjtD,Gene,,,,,yjtD,protein_coding,"ECK4395,lasT",b4403,,,,,,,,,,
